/*
SQLyog Ultimate v11.11 (64 bit)
MySQL - 5.5.38 : Database - flipchase
*********************************************************************
*/

/*!40101 SET NAMES utf8 */;

/*!40101 SET SQL_MODE=''*/;

/*!40014 SET @OLD_UNIQUE_CHECKS=@@UNIQUE_CHECKS, UNIQUE_CHECKS=0 */;
/*!40014 SET @OLD_FOREIGN_KEY_CHECKS=@@FOREIGN_KEY_CHECKS, FOREIGN_KEY_CHECKS=0 */;
/*!40101 SET @OLD_SQL_MODE=@@SQL_MODE, SQL_MODE='NO_AUTO_VALUE_ON_ZERO' */;
/*!40111 SET @OLD_SQL_NOTES=@@SQL_NOTES, SQL_NOTES=0 */;
CREATE DATABASE /*!32312 IF NOT EXISTS*/`flipchase` /*!40100 DEFAULT CHARACTER SET latin1 */;

USE `flipchase`;

/*Table structure for table `alerts` */

DROP TABLE IF EXISTS `alerts`;

CREATE TABLE `alerts` (
  `id` int(11) NOT NULL AUTO_INCREMENT,
  `name` varchar(100) DEFAULT NULL,
  `category` int(11) DEFAULT NULL,
  `product` int(11) DEFAULT NULL,
  `brand` int(11) DEFAULT NULL,
  `sub_category` int(11) DEFAULT NULL,
  `retailer` int(11) DEFAULT NULL,
  `email` int(11) DEFAULT NULL,
  `createdBy` varchar(50) DEFAULT NULL,
  `updatedBy` varchar(50) DEFAULT NULL,
  `createdDate` timestamp NULL DEFAULT CURRENT_TIMESTAMP,
  `updatedDate` timestamp NULL DEFAULT '2013-01-01 00:00:01',
  `version` int(11) DEFAULT NULL,
  `searchString` varchar(100) DEFAULT NULL,
  `city_id` int(11) DEFAULT NULL,
  `location_id` int(11) DEFAULT NULL,
  PRIMARY KEY (`id`),
  KEY `fk_emails_email` (`email`),
  KEY `fk_alerts_category` (`category`),
  KEY `fk_alerts_subcategory` (`sub_category`),
  KEY `fk_alerts_brand` (`brand`),
  KEY `fk_alerts_product` (`product`),
  KEY `fk_alerts_retailer` (`retailer`),
  KEY `fk_alerts_cityid` (`city_id`),
  KEY `fk_alerts_loactionid` (`location_id`),
  CONSTRAINT `fk_alerts_brand` FOREIGN KEY (`brand`) REFERENCES `master_brand` (`id`),
  CONSTRAINT `fk_alerts_category` FOREIGN KEY (`category`) REFERENCES `master_category` (`id`),
  CONSTRAINT `fk_alerts_cityid` FOREIGN KEY (`city_id`) REFERENCES `master_city` (`id`),
  CONSTRAINT `fk_alerts_email` FOREIGN KEY (`email`) REFERENCES `emails` (`id`),
  CONSTRAINT `fk_alerts_loactionid` FOREIGN KEY (`location_id`) REFERENCES `master_location` (`id`),
  CONSTRAINT `fk_alerts_product` FOREIGN KEY (`product`) REFERENCES `master_product` (`id`),
  CONSTRAINT `fk_alerts_retailer` FOREIGN KEY (`retailer`) REFERENCES `retailer` (`id`),
  CONSTRAINT `fk_alerts_subcategory` FOREIGN KEY (`sub_category`) REFERENCES `master_subcategory` (`id`)
) ENGINE=InnoDB AUTO_INCREMENT=33 DEFAULT CHARSET=latin1;

/*Data for the table `alerts` */

insert  into `alerts`(`id`,`name`,`category`,`product`,`brand`,`sub_category`,`retailer`,`email`,`createdBy`,`updatedBy`,`createdDate`,`updatedDate`,`version`,`searchString`,`city_id`,`location_id`) values (5,NULL,NULL,NULL,NULL,NULL,NULL,7,'anonymousUser','anonymousUser','2014-05-03 09:54:05','2014-05-03 09:54:05',0,'cameras',1,1),(6,NULL,NULL,NULL,NULL,NULL,NULL,7,'anonymousUser','anonymousUser','2014-05-03 10:14:27','2014-05-03 10:14:27',0,'samsung',1,1),(7,NULL,1,NULL,NULL,NULL,NULL,8,'anonymousUser','anonymousUser','2014-05-04 01:01:00','2014-05-04 01:01:00',0,NULL,1,NULL),(8,NULL,1,NULL,NULL,NULL,NULL,9,'anonymousUser','anonymousUser','2014-05-10 11:28:07','2014-05-10 11:28:07',0,NULL,1,NULL),(9,NULL,NULL,NULL,NULL,NULL,16,8,'anonymousUser','anonymousUser','2014-05-20 06:14:06','2014-05-20 06:14:06',0,NULL,1,NULL),(10,NULL,NULL,NULL,NULL,NULL,13,8,'anonymousUser','anonymousUser','2014-05-20 06:14:06','2014-05-20 06:14:06',0,NULL,1,NULL),(11,NULL,9,NULL,NULL,NULL,NULL,8,'anonymousUser','anonymousUser','2014-05-20 06:14:06','2014-05-20 06:14:06',0,NULL,1,NULL),(12,NULL,NULL,180,NULL,NULL,NULL,8,'anonymousUser','anonymousUser','2014-05-20 06:14:06','2014-05-20 06:14:06',0,'adult diapers - men',1,NULL),(13,NULL,1,NULL,NULL,NULL,NULL,10,'anonymousUser','anonymousUser','2014-05-21 09:50:55','2014-05-21 09:50:55',0,NULL,1,NULL),(14,NULL,NULL,NULL,NULL,NULL,14,10,'anonymousUser','anonymousUser','2014-05-21 10:00:27','2014-05-21 10:00:27',0,NULL,1,NULL),(15,NULL,NULL,NULL,NULL,NULL,NULL,10,'anonymousUser','anonymousUser','2014-05-21 10:00:27','2014-05-21 10:00:27',0,'running shoes',1,NULL),(16,NULL,NULL,NULL,NULL,NULL,NULL,12,'anonymousUser','anonymousUser','2014-05-21 20:54:30','2014-05-21 20:54:30',0,'as',1,NULL),(17,NULL,NULL,NULL,NULL,NULL,NULL,13,'anonymousUser','anonymousUser','2014-05-21 20:55:05','2014-05-21 20:55:05',0,'asssds',1,NULL),(18,NULL,NULL,NULL,NULL,NULL,14,15,'anonymousUser','anonymousUser','2014-05-21 22:02:02','2014-05-21 22:02:02',0,NULL,5,NULL),(19,NULL,NULL,NULL,NULL,NULL,14,16,'anonymousUser','anonymousUser','2014-05-21 22:03:13','2014-05-21 22:03:13',0,NULL,5,NULL),(20,NULL,1,NULL,NULL,NULL,NULL,17,'anonymousUser','anonymousUser','2014-05-22 21:56:26','2014-05-22 21:56:26',0,NULL,1,NULL),(21,NULL,NULL,237,NULL,NULL,NULL,17,'anonymousUser','anonymousUser','2014-05-22 21:56:26','2014-05-22 21:56:26',0,'mobile - screen guards',1,NULL),(22,NULL,NULL,237,NULL,NULL,NULL,17,'anonymousUser','anonymousUser','2014-05-22 21:56:26','2014-05-22 21:56:26',0,'mobile - screen guards',1,NULL),(23,NULL,NULL,237,NULL,NULL,NULL,17,'anonymousUser','anonymousUser','2014-05-22 21:56:26','2014-05-22 21:56:26',0,'mobile - screen guards',1,NULL),(24,NULL,NULL,237,NULL,NULL,NULL,17,'anonymousUser','anonymousUser','2014-05-22 21:56:26','2014-05-22 21:56:26',0,'mobile - screen guards',1,NULL),(25,NULL,NULL,237,NULL,NULL,NULL,17,'anonymousUser','anonymousUser','2014-05-22 21:56:26','2014-05-22 21:56:26',0,'mobile - screen guards',1,NULL),(26,NULL,NULL,NULL,NULL,NULL,NULL,18,'anonymousUser','anonymousUser','2014-05-22 22:01:00','2014-05-22 22:01:00',0,'mobile',1,NULL),(27,NULL,NULL,NULL,NULL,NULL,NULL,8,'anonymousUser','anonymousUser','2014-06-03 21:51:27','2014-06-03 21:51:27',0,NULL,1,NULL),(28,NULL,1,NULL,NULL,NULL,NULL,19,'anonymousUser','anonymousUser','2014-06-04 23:19:03','2014-06-04 23:19:03',0,NULL,1,NULL),(29,NULL,NULL,NULL,NULL,NULL,NULL,20,'anonymousUser','anonymousUser','2014-06-16 23:22:07','2014-06-16 23:22:07',0,'asdas\'s',1,NULL),(30,NULL,NULL,NULL,NULL,NULL,NULL,20,'anonymousUser','anonymousUser','2014-06-16 23:22:07','2014-06-16 23:22:07',0,'asdas\'s&sss',1,NULL),(31,NULL,NULL,NULL,NULL,NULL,NULL,20,'anonymousUser','anonymousUser','2014-06-16 23:24:35','2014-06-16 23:24:35',0,'asdas\'s&sss',1,NULL),(32,NULL,NULL,NULL,NULL,NULL,NULL,20,'anonymousUser','anonymousUser','2014-06-16 23:24:35','2014-06-16 23:24:35',0,'asdas\'s&ssssssEEDD',1,NULL);

/*Table structure for table `authority` */

DROP TABLE IF EXISTS `authority`;

CREATE TABLE `authority` (
  `id` int(11) NOT NULL AUTO_INCREMENT,
  `name` varchar(50) NOT NULL,
  `createdBy` varchar(50) DEFAULT NULL,
  `updatedBy` varchar(50) DEFAULT NULL,
  `createdDate` timestamp NOT NULL DEFAULT CURRENT_TIMESTAMP,
  `updatedDate` timestamp NOT NULL DEFAULT '2013-01-01 00:00:01',
  `version` int(11) NOT NULL DEFAULT '0',
  PRIMARY KEY (`id`)
) ENGINE=InnoDB AUTO_INCREMENT=4 DEFAULT CHARSET=utf8;

/*Data for the table `authority` */

insert  into `authority`(`id`,`name`,`createdBy`,`updatedBy`,`createdDate`,`updatedDate`,`version`) values (1,'ROLE_CANDIDATE_VIEW','niraj','niraj','2014-01-13 18:20:37','2014-01-13 18:20:37',0),(2,'ROLE_EMPLOYER_VIEW','niraj','niraj','2014-01-13 18:20:37','2014-01-13 18:20:37',0),(3,'ROLE_ADMIN_VIEW','niraj','niraj','2014-01-13 18:20:37','2014-01-13 18:20:37',0);

/*Table structure for table `catalogue` */

DROP TABLE IF EXISTS `catalogue`;

CREATE TABLE `catalogue` (
  `id` int(11) NOT NULL AUTO_INCREMENT,
  `name` varchar(150) DEFAULT NULL,
  `status` varchar(30) DEFAULT NULL COMMENT 'PENDING, PUBLISHED, EXPIRED',
  `publishDate` datetime DEFAULT NULL,
  `expiryDate` datetime DEFAULT NULL,
  `retailer` int(11) DEFAULT NULL,
  `isPremium` tinyint(1) DEFAULT NULL,
  `photo` int(11) DEFAULT NULL,
  `createdBy` varchar(50) DEFAULT NULL,
  `updatedBy` varchar(50) DEFAULT NULL,
  `createdDate` timestamp NULL DEFAULT CURRENT_TIMESTAMP,
  `updatedDate` timestamp NULL DEFAULT '2013-01-01 00:00:01',
  `version` int(11) DEFAULT NULL,
  `photo_path` varchar(160) DEFAULT NULL,
  `photo_thumb` int(11) DEFAULT NULL,
  `photo_thumb_path` varchar(180) DEFAULT NULL,
  `height` int(11) DEFAULT '1',
  `width` int(11) DEFAULT '1',
  `count` int(11) DEFAULT '0',
  `enabled` tinyint(1) DEFAULT '0',
  PRIMARY KEY (`id`),
  KEY `fk_catalogue_photo` (`photo`),
  KEY `fk_catalogue_retailer` (`retailer`),
  KEY `idx_catalogue_expiryDate` (`expiryDate`),
  KEY `idx_catalogue_publishDate` (`publishDate`),
  CONSTRAINT `fk_catalogue_photo` FOREIGN KEY (`photo`) REFERENCES `filestore` (`id`),
  CONSTRAINT `fk_catalogue_retailer` FOREIGN KEY (`retailer`) REFERENCES `retailer` (`id`)
) ENGINE=InnoDB AUTO_INCREMENT=41 DEFAULT CHARSET=latin1;

/*Data for the table `catalogue` */

insert  into `catalogue`(`id`,`name`,`status`,`publishDate`,`expiryDate`,`retailer`,`isPremium`,`photo`,`createdBy`,`updatedBy`,`createdDate`,`updatedDate`,`version`,`photo_path`,`photo_thumb`,`photo_thumb_path`,`height`,`width`,`count`,`enabled`) values (10,'Croma-28042014-1',NULL,'2014-05-01 00:00:00','2014-07-25 00:00:00',14,0,73,'anonymousUser','anonymousUser','2014-05-01 01:38:59','2014-07-06 13:21:44',0,'/images/catalogue//14/05/01/00001.jpg',74,'/images/catalogue-pages//14/05/17/thumb-thumb-thumb-00001-1400317156828-1400317698695-1400318092939-1400373185931.jpg',750,571,26,1),(12,'Pantaloons-03052014-1',NULL,'2014-05-02 00:00:00','2014-07-25 00:00:00',13,1,94,'anonymousUser','anonymousUser','2014-05-02 21:36:19','2014-05-21 10:02:26',0,'/images/catalogue//14/05/02/00001.jpg',95,'/images/catalogue-pages//14/05/17/thumb-thumb-thumb-00001-1400316016056-1400317157225-1400317711225-1400318094204-1400373186247.jpg',700,700,3,1),(13,'Suraj Grocery 352014-1',NULL,'2014-05-02 00:00:00','2014-07-25 00:00:00',11,0,126,'anonymousUser','anonymousUser','2014-05-02 23:34:02','2014-07-06 16:08:29',0,'/images/catalogue-pages//14/05/03/Groceries 1.JPG',128,'/images/catalogue-pages//14/05/17/thumb-thumb-thumb-thumb-thumb-thumb-thumb-mini-Groceries 1-1400317157522-1400317718690-1400318095598-1400373186379.JPG',627,449,3,1),(16,'Spencers-28042014-1',NULL,'2014-05-02 00:00:00','2014-07-25 00:00:00',12,0,118,'anonymousUser','anonymousUser','2014-05-02 23:58:28','2014-07-06 18:51:02',0,'/images/catalogue//14/05/02/1.JPG',119,'/images/catalogue-pages//14/05/17/thumb-thumb-thumb-1-1400317157794-1400317724892-1400318095824-1400373186465.JPG',635,464,3,1),(17,'Suraj Electrnics-03052014-1',NULL,'2014-05-02 00:00:00','2014-07-25 00:00:00',11,0,353,'anonymousUser','anonymousUser','2014-05-03 00:42:20','2014-06-22 01:24:42',0,'/images/catalogue-pages//14/05/21/suraj1.jpg',354,'/images/catalogue-pages//14/05/21/thumb-suraj1.jpg',636,450,31,1),(18,'Family Dollar-03052014-1',NULL,'2014-05-02 00:00:00','2014-07-25 00:00:00',15,1,161,'anonymousUser','anonymousUser','2014-05-03 01:20:17','2014-06-09 21:52:24',0,'/images/catalogue//14/05/03/Capture.JPG',162,'/images/catalogue-pages//14/05/17/Capture-1400317733184-1400318096001-1400373186681.JPG',479,480,4,1),(19,'Spencers-28042014-2',NULL,'2014-05-02 00:00:00','2014-07-25 00:00:00',12,1,179,'anonymousUser','anonymousUser','2014-05-03 05:02:51','2014-05-17 17:33:06',0,'/images/catalogue//14/05/03/6.jpg',180,'/images/catalogue-pages//14/05/17/thumb-thumb-thumb-6-1400317158671-1400317739595-1400318096444-1400373186976.jpg',632,452,0,1),(20,'Spencers-28042014-3',NULL,'2014-05-02 00:00:00','2014-07-25 00:00:00',12,0,191,'anonymousUser','anonymousUser','2014-05-03 05:11:44','2014-06-12 19:57:39',0,'/images/catalogue//14/05/03/11.jpg',192,'/images/catalogue-pages//14/05/17/thumb-thumb-thumb-11-1400317158987-1400317740397-1400318096757-1400373187267.jpg',632,452,1,1),(21,'Suraj-04052014-2',NULL,'2014-05-04 00:00:00','2014-07-25 00:00:00',11,0,212,'anonymousUser','anonymousUser','2014-05-04 06:49:43','2014-05-21 22:33:09',0,'/images/catalogue//14/05/04/00002.jpg',213,'/images/catalogue-pages//14/05/17/thumb-thumb-thumb-00002-1400317159089-1400317741054-1400318096898-1400373187539.jpg',750,529,0,1),(22,'Ritu Wears - 1',NULL,'2014-05-11 00:00:00','2014-07-25 00:00:00',16,1,215,'anonymousUser','anonymousUser','2014-05-11 00:12:55','2014-07-06 14:39:45',0,'/images/catalogue-pages//14/05/11/00001.jpg',217,'/images/catalogue-pages//14/05/17/thumb-thumb-thumb-thumb-thumb-thumb-thumb-mini-00001-1400317159178-1400317744385-1400318096984-1400373187609.jpg',524,700,27,1),(23,'Ritu Wears - 2',NULL,'2014-05-13 00:00:00','2014-07-25 00:00:00',16,1,250,'anonymousUser','anonymousUser','2014-05-13 02:36:57','2014-06-04 05:10:27',0,'/images/catalogue-pages//14/05/13/01.jpg',252,'/images/catalogue-pages//14/05/17/thumb-thumb-thumb-thumb-thumb-thumb-thumb-mini-01-1400317159268-1400317746290-1400318097078-1400373187691.jpg',563,480,37,1),(24,'Ritu Wears - 3',NULL,'2014-05-13 00:00:00','2014-07-25 00:00:00',16,1,259,'anonymousUser','anonymousUser','2014-05-13 21:07:31','2014-05-17 17:33:07',0,'/images/catalogue//14/05/13/00012.jpg',260,'/images/catalogue-pages//14/05/17/thumb-thumb-thumb-00012-1400317159338-1400317746370-1400318097585-1400373187754.jpg',431,700,0,1),(25,'Ritu Wears - 3',NULL,'2014-05-13 00:00:00','2014-07-25 00:00:00',16,1,261,'anonymousUser','anonymousUser','2014-05-13 21:54:39','2014-05-21 08:58:00',0,'/images/catalogue-pages//14/05/13/00001.jpg',263,'/images/catalogue-pages//14/05/17/thumb-thumb-thumb-thumb-thumb-thumb-thumb-mini-00001-1400316017474-1400317159411-1400317746429-1400318097656-1400373187819.jpg',431,700,4,1),(26,'Ritu Wears - 4',NULL,'2014-05-15 00:00:00','2014-07-25 00:00:00',16,1,281,'anonymousUser','anonymousUser','2014-05-14 23:28:18','2014-05-17 17:33:07',0,'/images/catalogue-pages//14/05/14/00011.jpg',283,'/images/catalogue-pages//14/05/17/thumb-thumb-thumb-thumb-thumb-thumb-thumb-mini-00011-1400317159488-1400317746511-1400318097732-1400373187883.jpg',431,700,0,1),(29,'Suraj Grocery-18052014-1',NULL,'2014-05-17 00:00:00','2014-07-25 00:00:00',11,1,284,'anonymousUser','anonymousUser','2014-05-17 11:40:31','2014-05-21 22:34:25',0,'/images/catalogue-pages//14/05/17/00001.jpg',285,'/images/catalogue-pages//14/05/17/thumb-00001-1400373187948.jpg',750,303,0,1),(30,'Spencers-28042014-2',NULL,'2014-05-17 00:00:00','2014-07-25 00:00:00',11,1,308,'anonymousUser','anonymousUser','2014-05-17 11:45:09','2014-06-22 23:26:42',0,'/images/catalogue-pages//14/05/17/00001-1400352347325.jpg',309,'/images/catalogue-pages//14/05/17/thumb-00001-1400352347868-1400373188011.jpg',314,700,6,1),(31,'Ritu Wears-28042014-1',NULL,'2014-05-17 00:00:00','2014-07-25 00:00:00',16,1,320,'anonymousUser','anonymousUser','2014-05-17 11:49:11','2014-06-08 07:47:09',0,'/images/catalogue-pages//14/05/17/00001-1400352574596.jpg',321,'/images/catalogue-pages//14/05/17/thumb-00001-1400352575033-1400373188168.jpg',305,700,16,1),(32,'Let\'s Buy Cams',NULL,'2014-05-21 00:00:00','2014-07-25 00:00:00',11,1,358,'anonymousUser','anonymousUser','2014-05-21 22:54:55','2014-06-14 09:52:43',0,'/images/catalogue-pages//14/05/21/1.jpg',359,'/images/catalogue-pages//14/05/21/thumb-1.jpg',720,640,64,1),(33,'Best Appliances, Better Lives',NULL,'2014-05-21 00:00:00','2014-07-25 00:00:00',14,1,376,'anonymousUser','anonymousUser','2014-05-21 23:38:55','2014-07-10 09:38:41',0,'/images/catalogue-pages//14/05/21/1-1400740797665.jpg',377,'/images/catalogue-pages//14/05/21/thumb-1-1400740798146.jpg',749,640,195,1),(34,'Lets Save',NULL,'2014-05-21 00:00:00','2014-07-25 00:00:00',14,0,400,'anonymousUser','anonymousUser','2014-05-22 04:21:55','2014-07-06 19:41:30',0,'/images/catalogue-pages//14/05/22/1.jpg',401,'/images/catalogue-pages//14/05/22/thumb-1.jpg',604,639,111,1),(35,'Intrepid',NULL,'2014-05-21 00:00:00','2014-07-25 00:00:00',12,1,426,'anonymousUser','anonymousUser','2014-05-22 04:35:54','2014-07-06 13:27:10',0,'/images/catalogue-pages//14/05/22/1-1400758614903.jpg',427,'/images/catalogue-pages//14/05/22/thumb-1-1400758615179.jpg',771,640,113,0),(36,'Fresh Styles',NULL,'2014-05-21 00:00:00','2014-07-25 00:00:00',13,0,446,'anonymousUser','anonymousUser','2014-05-22 04:41:16','2014-06-12 22:04:51',0,'/images/catalogue-pages//14/05/22/1-1400758914475.jpg',447,'/images/catalogue-pages//14/05/22/thumb-1-1400758915824.jpg',841,640,39,1),(37,'Linen Vibes',NULL,'2014-05-21 00:00:00','2014-07-25 00:00:00',16,0,466,'anonymousUser','anonymousUser','2014-05-22 04:45:45','2014-06-12 22:05:07',0,'/images/catalogue-pages//14/05/22/1-1400759224508.jpg',467,'/images/catalogue-pages//14/05/22/thumb-1-1400759224603.jpg',738,640,36,1),(38,'WoW Offers',NULL,'2014-05-21 00:00:00','2014-07-25 00:00:00',15,0,486,'anonymousUser','anonymousUser','2014-05-22 05:01:11','2014-06-14 02:48:44',0,'/images/catalogue-pages//14/05/22/1-1400760156193.jpg',487,'/images/catalogue-pages//14/05/22/thumb-1-1400760156291.jpg',750,640,48,1),(39,'Fun \'N\' Food',NULL,'2014-05-21 00:00:00','2014-07-25 00:00:00',12,1,548,'anonymousUser','anonymousUser','2014-05-22 05:18:29','2014-07-06 13:28:15',0,'/images/catalogue-pages//14/05/22/1-1400761138432.jpg',549,'/images/catalogue-pages//14/05/22/thumb-1-1400761138532.jpg',750,640,14,0),(40,'Summer Snack Sale',NULL,'2014-05-21 00:00:00','2014-07-25 00:00:00',11,0,583,'anonymousUser','anonymousUser','2014-05-22 05:24:42','2014-06-12 12:19:05',0,'/images/catalogue-pages//14/05/22/1-1400761528014.jpg',584,'/images/catalogue-pages//14/05/22/thumb-1-1400761528133.jpg',750,640,14,1);

/*Table structure for table `catalogue_catgeory_mapping` */

DROP TABLE IF EXISTS `catalogue_catgeory_mapping`;

CREATE TABLE `catalogue_catgeory_mapping` (
  `id` int(11) NOT NULL AUTO_INCREMENT,
  `name` varchar(10) DEFAULT NULL,
  `catalogue_id` int(11) DEFAULT NULL,
  `category_id` int(11) DEFAULT NULL,
  `createdBy` varchar(50) DEFAULT NULL,
  `updatedBy` varchar(50) DEFAULT NULL,
  `createdDate` timestamp NULL DEFAULT CURRENT_TIMESTAMP,
  `updatedDate` timestamp NULL DEFAULT '2013-01-01 00:00:01',
  `version` int(11) DEFAULT NULL,
  PRIMARY KEY (`id`),
  KEY `fk_catalogue_catgeory_mapping_catalogue` (`catalogue_id`),
  KEY `fk_catalogue_catgeory_mapping_category` (`category_id`),
  CONSTRAINT `fk_catalogue_catgeory_mapping_catalogue` FOREIGN KEY (`catalogue_id`) REFERENCES `catalogue` (`id`),
  CONSTRAINT `fk_catalogue_catgeory_mapping_category` FOREIGN KEY (`category_id`) REFERENCES `master_category` (`id`)
) ENGINE=InnoDB AUTO_INCREMENT=109 DEFAULT CHARSET=latin1;

/*Data for the table `catalogue_catgeory_mapping` */

insert  into `catalogue_catgeory_mapping`(`id`,`name`,`catalogue_id`,`category_id`,`createdBy`,`updatedBy`,`createdDate`,`updatedDate`,`version`) values (70,NULL,10,1,'anonymousUser','anonymousUser','2014-05-01 01:41:21','2014-05-01 01:41:21',0),(71,NULL,12,2,'anonymousUser','anonymousUser','2014-05-02 23:17:36','2014-05-02 23:17:36',0),(74,NULL,13,10,'anonymousUser','anonymousUser','2014-05-02 23:44:41','2014-05-02 23:44:41',0),(75,NULL,16,2,'anonymousUser','anonymousUser','2014-05-02 23:58:51','2014-05-02 23:58:51',0),(76,NULL,17,1,'anonymousUser','anonymousUser','2014-05-03 00:43:01','2014-05-03 00:43:01',0),(78,NULL,18,10,'anonymousUser','anonymousUser','2014-05-03 01:21:01','2014-05-03 01:21:01',0),(80,NULL,19,2,'anonymousUser','anonymousUser','2014-05-03 05:03:07','2014-05-03 05:03:07',0),(81,NULL,20,2,'anonymousUser','anonymousUser','2014-05-03 09:25:09','2014-05-03 09:25:09',0),(82,NULL,21,1,'anonymousUser','anonymousUser','2014-05-04 06:50:00','2014-05-04 06:50:00',0),(83,NULL,21,10,'anonymousUser','anonymousUser','2014-05-04 06:50:00','2014-05-04 06:50:00',0),(84,NULL,22,2,'anonymousUser','anonymousUser','2014-05-11 00:14:00','2014-05-11 00:14:00',0),(85,NULL,23,7,'anonymousUser','anonymousUser','2014-05-13 02:37:23','2014-05-13 02:37:23',0),(86,NULL,25,9,'anonymousUser','anonymousUser','2014-05-13 21:54:39','2014-05-13 21:54:39',0),(87,NULL,29,10,'anonymousUser','anonymousUser','2014-05-17 11:40:47','2014-05-17 11:40:47',0),(88,NULL,30,10,'anonymousUser','anonymousUser','2014-05-17 11:45:31','2014-05-17 11:45:31',0),(89,NULL,31,2,'anonymousUser','anonymousUser','2014-05-17 11:49:20','2014-05-17 11:49:20',0),(90,NULL,32,1,'anonymousUser','anonymousUser','2014-05-21 22:57:37','2014-05-21 22:57:37',0),(91,NULL,33,1,'anonymousUser','anonymousUser','2014-05-21 23:44:25','2014-05-21 23:44:25',0),(92,NULL,34,1,'anonymousUser','anonymousUser','2014-05-22 04:22:31','2014-05-22 04:22:31',0),(93,NULL,34,4,'anonymousUser','anonymousUser','2014-05-22 04:22:31','2014-05-22 04:22:31',0),(94,NULL,34,5,'anonymousUser','anonymousUser','2014-05-22 04:22:31','2014-05-22 04:22:31',0),(95,NULL,35,2,'anonymousUser','anonymousUser','2014-05-22 04:36:31','2014-05-22 04:36:31',0),(96,NULL,35,3,'anonymousUser','anonymousUser','2014-05-22 04:36:31','2014-05-22 04:36:31',0),(97,NULL,36,2,'anonymousUser','anonymousUser','2014-05-22 04:41:30','2014-05-22 04:41:30',0),(98,NULL,37,2,'anonymousUser','anonymousUser','2014-05-22 04:46:35','2014-05-22 04:46:35',0),(99,NULL,37,3,'anonymousUser','anonymousUser','2014-05-22 04:50:30','2014-05-22 04:50:30',0),(100,NULL,37,8,'anonymousUser','anonymousUser','2014-05-22 04:50:31','2014-05-22 04:50:31',0),(101,NULL,37,9,'anonymousUser','anonymousUser','2014-05-22 04:50:31','2014-05-22 04:50:31',0),(103,NULL,38,2,'anonymousUser','anonymousUser','2014-05-22 05:02:09','2014-05-22 05:02:09',0),(104,NULL,38,4,'anonymousUser','anonymousUser','2014-05-22 05:02:09','2014-05-22 05:02:09',0),(105,NULL,38,7,'anonymousUser','anonymousUser','2014-05-22 05:02:09','2014-05-22 05:02:09',0),(106,NULL,38,10,'anonymousUser','anonymousUser','2014-05-22 05:02:09','2014-05-22 05:02:09',0),(107,NULL,39,10,'anonymousUser','anonymousUser','2014-05-22 05:18:41','2014-05-22 05:18:41',0),(108,NULL,40,10,'anonymousUser','anonymousUser','2014-05-22 05:25:14','2014-05-22 05:25:14',0);

/*Table structure for table `catalogue_page` */

DROP TABLE IF EXISTS `catalogue_page`;

CREATE TABLE `catalogue_page` (
  `id` int(11) NOT NULL AUTO_INCREMENT,
  `name` varchar(200) DEFAULT NULL,
  `photo` int(11) DEFAULT NULL,
  `pagenum` int(11) DEFAULT NULL,
  `title` varchar(200) DEFAULT NULL,
  `catalogue_id` int(11) DEFAULT NULL,
  `retailer_id` int(11) DEFAULT NULL,
  `createdBy` varchar(50) DEFAULT NULL,
  `updatedBy` varchar(50) DEFAULT NULL,
  `createdDate` timestamp NULL DEFAULT CURRENT_TIMESTAMP,
  `updatedDate` timestamp NULL DEFAULT '2013-01-01 00:00:01',
  `version` int(11) DEFAULT NULL,
  `photo_thumb` int(11) DEFAULT NULL,
  `photo_mini` int(11) DEFAULT NULL,
  `photo_path` varchar(160) DEFAULT NULL,
  `photo_thumb_path` varchar(180) DEFAULT NULL,
  `photo_mini_path` varchar(180) DEFAULT NULL,
  `enabled` tinyint(1) DEFAULT '1',
  `height` int(11) DEFAULT '1',
  `width` int(11) DEFAULT '1',
  `count` int(11) DEFAULT '0',
  PRIMARY KEY (`id`),
  KEY `fk_catalogue_page_catalogue` (`catalogue_id`),
  KEY `fk_cata_page_photo` (`photo`),
  KEY `fk_cata_page_photo_thumb` (`photo_thumb`),
  KEY `fk_cata_page_photo_mini` (`photo_mini`),
  CONSTRAINT `fk_catalogue_page_catalogue` FOREIGN KEY (`catalogue_id`) REFERENCES `catalogue` (`id`),
  CONSTRAINT `fk_cata_page_photo` FOREIGN KEY (`photo`) REFERENCES `filestore` (`id`),
  CONSTRAINT `fk_cata_page_photo_mini` FOREIGN KEY (`photo_mini`) REFERENCES `filestore` (`id`),
  CONSTRAINT `fk_cata_page_photo_thumb` FOREIGN KEY (`photo_thumb`) REFERENCES `filestore` (`id`)
) ENGINE=InnoDB AUTO_INCREMENT=167 DEFAULT CHARSET=latin1;

/*Data for the table `catalogue_page` */

insert  into `catalogue_page`(`id`,`name`,`photo`,`pagenum`,`title`,`catalogue_id`,`retailer_id`,`createdBy`,`updatedBy`,`createdDate`,`updatedDate`,`version`,`photo_thumb`,`photo_mini`,`photo_path`,`photo_thumb_path`,`photo_mini_path`,`enabled`,`height`,`width`,`count`) values (14,NULL,75,1,NULL,10,14,'anonymousUser','anonymousUser','2014-05-02 06:41:23','2014-06-11 02:26:24',0,77,76,'/images/catalogue-pages//14/05/01/00001.jpg','/images/catalogue-pages//14/05/17/thumb-thumb-thumb-thumb-thumb-thumb-mini-00001-1400316017620.jpg','/images/catalogue-pages//14/05/01/mini-00001.jpg',1,750,571,2),(15,NULL,79,5,NULL,10,14,'anonymousUser','anonymousUser','2014-05-01 02:27:48','2014-05-17 17:33:08',0,81,80,'/images/catalogue-pages//14/05/01/00002.jpg','/images/catalogue-pages//14/05/17/thumb-thumb-thumb-thumb-thumb-thumb-mini-00002.jpg','/images/catalogue-pages//14/05/01/mini-00002.jpg',1,750,569,0),(16,NULL,82,6,NULL,10,14,'anonymousUser','anonymousUser','2014-05-01 02:29:00','2014-05-17 17:33:08',0,84,83,'/images/catalogue-pages//14/05/01/00003.jpg','/images/catalogue-pages//14/05/17/thumb-thumb-thumb-thumb-thumb-thumb-mini-00003.jpg','/images/catalogue-pages//14/05/01/mini-00003.jpg',1,750,571,0),(17,NULL,85,3,NULL,10,14,'anonymousUser','anonymousUser','2014-05-01 03:56:39','2014-05-21 21:59:49',0,87,86,'/images/catalogue-pages//14/05/01/00004.jpg','/images/catalogue-pages//14/05/17/thumb-thumb-thumb-thumb-thumb-thumb-mini-00004.jpg','/images/catalogue-pages//14/05/01/mini-00004.jpg',1,750,570,1),(18,NULL,88,4,NULL,10,14,'anonymousUser','anonymousUser','2014-05-01 02:29:57','2014-05-21 09:50:35',0,90,89,'/images/catalogue-pages//14/05/01/00005.jpg','/images/catalogue-pages//14/05/17/thumb-thumb-thumb-thumb-thumb-thumb-mini-00005.jpg','/images/catalogue-pages//14/05/01/mini-00005.jpg',1,750,571,1),(22,NULL,96,0,NULL,12,13,'anonymousUser','anonymousUser','2014-05-02 23:23:29','2014-05-17 17:33:08',0,98,97,'/images/catalogue-pages//14/05/02/00001.jpg','/images/catalogue-pages//14/05/17/thumb-thumb-thumb-thumb-thumb-thumb-mini-00001-1400316018052.jpg','/images/catalogue-pages//14/05/02/mini-00001.jpg',1,700,700,0),(23,NULL,99,1,NULL,12,13,'anonymousUser','anonymousUser','2014-05-02 23:29:10','2014-05-17 17:33:08',0,101,100,'/images/catalogue-pages//14/05/02/00004.jpg','/images/catalogue-pages//14/05/17/thumb-thumb-thumb-thumb-thumb-thumb-mini-00004-1400316018471.jpg','/images/catalogue-pages//14/05/02/mini-00004.jpg',1,700,700,0),(24,NULL,103,2,NULL,12,13,'anonymousUser','anonymousUser','2014-05-02 23:31:29','2014-05-17 17:33:08',0,105,104,'/images/catalogue-pages//14/05/02/00005.jpg','/images/catalogue-pages//14/05/17/thumb-thumb-thumb-thumb-thumb-thumb-mini-00005-1400316018557.jpg','/images/catalogue-pages//14/05/02/mini-00005.jpg',1,700,700,0),(25,NULL,107,3,NULL,12,13,'anonymousUser','anonymousUser','2014-05-02 23:33:17','2014-05-17 17:33:08',0,109,108,'/images/catalogue-pages//14/05/02/00006.jpg','/images/catalogue-pages//14/05/17/thumb-thumb-thumb-thumb-thumb-thumb-mini-00006.jpg','/images/catalogue-pages//14/05/02/mini-00006.jpg',1,700,700,0),(26,NULL,112,4,NULL,12,13,'anonymousUser','anonymousUser','2014-05-02 23:35:51','2014-05-17 17:33:09',0,114,113,'/images/catalogue-pages//14/05/02/00007.jpg','/images/catalogue-pages//14/05/17/thumb-thumb-thumb-thumb-thumb-thumb-mini-00007.jpg','/images/catalogue-pages//14/05/02/mini-00007.jpg',1,700,700,0),(27,NULL,115,5,NULL,12,13,'anonymousUser','anonymousUser','2014-05-02 23:38:31','2014-05-17 17:33:09',0,117,116,'/images/catalogue-pages//14/05/02/00009.jpg','/images/catalogue-pages//14/05/17/thumb-thumb-thumb-thumb-thumb-thumb-mini-00009.jpg','/images/catalogue-pages//14/05/02/mini-00009.jpg',1,700,700,0),(28,NULL,120,0,NULL,16,12,'anonymousUser','anonymousUser','2014-05-02 23:59:19','2014-05-17 17:33:09',0,122,121,'/images/catalogue-pages//14/05/02/1.JPG','/images/catalogue-pages//14/05/17/thumb-thumb-thumb-thumb-thumb-thumb-mini-1.JPG','/images/catalogue-pages//14/05/02/mini-1.JPG',1,635,464,0),(29,NULL,131,1,NULL,16,12,'anonymousUser','anonymousUser','2014-07-06 16:57:44','2014-07-06 17:23:04',0,133,132,'/images/catalogue-pages//14/05/03/3.jpg','/images/catalogue-pages//14/05/17/thumb-thumb-thumb-thumb-thumb-thumb-mini-3.jpg','/images/catalogue-pages//14/05/03/mini-3.jpg',1,632,452,2),(30,NULL,126,0,NULL,13,11,'anonymousUser','anonymousUser','2014-05-04 05:59:44','2014-05-17 17:33:09',0,128,127,'/images/catalogue-pages//14/05/03/Groceries 1.JPG','/images/catalogue-pages//14/05/17/thumb-thumb-thumb-thumb-thumb-thumb-thumb-thumb-mini-Groceries 1-1400317157522-1400317718690-1400318095598-1400373186379.JPG','/images/catalogue-pages//14/05/03/mini-Groceries 1.JPG',1,627,449,0),(31,NULL,134,2,NULL,16,12,'anonymousUser','anonymousUser','2014-05-03 00:15:47','2014-05-17 17:33:10',0,136,135,'/images/catalogue-pages//14/05/03/4.jpg','/images/catalogue-pages//14/05/17/thumb-thumb-thumb-thumb-thumb-thumb-mini-4.jpg','/images/catalogue-pages//14/05/03/mini-4.jpg',1,632,452,0),(32,NULL,137,1,NULL,13,11,'anonymousUser','anonymousUser','2014-05-03 00:26:24','2014-05-17 17:33:10',0,139,138,'/images/catalogue-pages//14/05/03/Groceries 2.JPG','/images/catalogue-pages//14/05/17/thumb-thumb-thumb-thumb-thumb-thumb-mini-Groceries 2.JPG','/images/catalogue-pages//14/05/03/mini-Groceries 2.JPG',1,621,444,0),(33,NULL,142,2,NULL,13,11,'anonymousUser','anonymousUser','2014-05-03 00:32:57','2014-05-17 17:33:10',0,144,143,'/images/catalogue-pages//14/05/03/Groceries 3.JPG','/images/catalogue-pages//14/05/17/thumb-thumb-thumb-thumb-thumb-thumb-mini-Groceries 3.JPG','/images/catalogue-pages//14/05/03/mini-Groceries 3.JPG',1,638,455,0),(34,NULL,353,0,NULL,17,11,'anonymousUser','anonymousUser','2014-05-21 19:43:17','2014-05-21 19:43:17',0,354,355,'/images/catalogue-pages//14/05/21/suraj1.jpg','/images/catalogue-pages//14/05/21/thumb-suraj1.jpg','/images/catalogue-pages//14/05/21/mini-suraj1.jpg',1,636,450,0),(35,NULL,341,1,NULL,17,11,'anonymousUser','anonymousUser','2014-05-21 18:42:08','2014-05-21 18:42:08',0,342,343,'/images/catalogue-pages//14/05/21/suraj-2.jpg','/images/catalogue-pages//14/05/21/thumb-suraj-2.jpg','/images/catalogue-pages//14/05/21/mini-suraj-2.jpg',1,623,446,0),(36,NULL,344,2,NULL,17,11,'anonymousUser','anonymousUser','2014-05-21 18:42:44','2014-05-21 18:42:44',0,345,346,'/images/catalogue-pages//14/05/21/suraj3.jpg','/images/catalogue-pages//14/05/21/thumb-suraj3.jpg','/images/catalogue-pages//14/05/21/mini-suraj3.jpg',1,620,429,0),(37,NULL,163,0,NULL,18,15,'anonymousUser','anonymousUser','2014-05-03 01:33:45','2014-05-17 17:33:10',0,165,164,'/images/catalogue-pages//14/05/03/Capture.JPG','/images/catalogue-pages//14/05/17/thumb-thumb-thumb-thumb-Capture-1400317794856.JPG','/images/catalogue-pages//14/05/03/mini-Capture.JPG',1,479,480,0),(38,NULL,166,1,NULL,18,15,'anonymousUser','anonymousUser','2014-05-03 01:40:09','2014-05-17 17:33:10',0,168,167,'/images/catalogue-pages//14/05/03/Capture 1.JPG','/images/catalogue-pages//14/05/17/thumb-thumb-thumb-thumb-thumb-thumb-mini-Capture 1.JPG','/images/catalogue-pages//14/05/03/mini-Capture 1.JPG',1,460,462,0),(39,NULL,169,2,NULL,18,15,'anonymousUser','anonymousUser','2014-05-03 01:42:37','2014-05-17 17:33:10',0,171,170,'/images/catalogue-pages//14/05/03/Capture 2.JPG','/images/catalogue-pages//14/05/17/thumb-thumb-thumb-thumb-thumb-thumb-mini-Capture 2.JPG','/images/catalogue-pages//14/05/03/mini-Capture 2.JPG',1,461,461,0),(40,NULL,172,3,NULL,16,12,'anonymousUser','anonymousUser','2014-05-03 04:57:31','2014-05-17 17:33:10',0,174,173,'/images/catalogue-pages//14/05/03/4-1399118041801.jpg','/images/catalogue-pages//14/05/17/thumb-thumb-thumb-thumb-thumb-thumb-mini-4-1399118042268.jpg','/images/catalogue-pages//14/05/03/mini-4-1399118042268.jpg',1,632,452,0),(41,NULL,175,4,NULL,16,12,'anonymousUser','anonymousUser','2014-05-03 05:01:29','2014-05-17 17:33:11',0,177,176,'/images/catalogue-pages//14/05/03/5.jpg','/images/catalogue-pages//14/05/17/thumb-thumb-thumb-thumb-thumb-thumb-mini-5.jpg','/images/catalogue-pages//14/05/03/mini-5.jpg',1,632,452,0),(42,NULL,181,0,NULL,19,12,'anonymousUser','anonymousUser','2014-05-03 05:04:05','2014-05-17 17:33:11',0,183,182,'/images/catalogue-pages//14/05/03/6.jpg','/images/catalogue-pages//14/05/17/thumb-thumb-thumb-thumb-thumb-thumb-mini-6.jpg','/images/catalogue-pages//14/05/03/mini-6.jpg',1,632,452,0),(43,NULL,184,1,NULL,19,12,'anonymousUser','anonymousUser','2014-05-03 05:07:47','2014-05-17 17:33:11',0,186,185,'/images/catalogue-pages//14/05/03/7.jpg','/images/catalogue-pages//14/05/17/thumb-thumb-thumb-thumb-thumb-thumb-mini-7.jpg','/images/catalogue-pages//14/05/03/mini-7.jpg',1,632,452,0),(44,NULL,187,2,NULL,19,12,'anonymousUser','anonymousUser','2014-05-03 05:09:55','2014-05-17 17:33:12',0,189,188,'/images/catalogue-pages//14/05/03/8.jpg','/images/catalogue-pages//14/05/17/thumb-thumb-thumb-thumb-thumb-thumb-mini-8.jpg','/images/catalogue-pages//14/05/03/mini-8.jpg',1,632,452,0),(45,NULL,193,0,NULL,20,12,'anonymousUser','anonymousUser','2014-05-03 09:26:37','2014-05-17 17:33:12',0,195,194,'/images/catalogue-pages//14/05/03/11.jpg','/images/catalogue-pages//14/05/17/thumb-thumb-thumb-thumb-thumb-thumb-mini-11.jpg','/images/catalogue-pages//14/05/03/mini-11.jpg',1,632,452,0),(46,NULL,196,1,NULL,20,12,'anonymousUser','anonymousUser','2014-05-03 09:28:46','2014-05-17 17:33:12',0,198,197,'/images/catalogue-pages//14/05/03/12.jpg','/images/catalogue-pages//14/05/17/thumb-thumb-thumb-thumb-thumb-thumb-mini-12.jpg','/images/catalogue-pages//14/05/03/mini-12.jpg',1,632,452,0),(47,NULL,199,2,NULL,20,12,'anonymousUser','anonymousUser','2014-05-03 10:03:25','2014-05-17 17:33:13',0,201,200,'/images/catalogue-pages//14/05/03/15.jpg','/images/catalogue-pages//14/05/17/thumb-thumb-thumb-thumb-thumb-thumb-mini-15.jpg','/images/catalogue-pages//14/05/03/mini-15.jpg',1,632,452,0),(48,NULL,204,3,NULL,20,12,'anonymousUser','anonymousUser','2014-05-03 09:34:07','2014-05-17 17:33:13',0,206,205,'/images/catalogue-pages//14/05/03/16.jpg','/images/catalogue-pages//14/05/17/thumb-thumb-thumb-thumb-thumb-thumb-mini-16.jpg','/images/catalogue-pages//14/05/03/mini-16.jpg',1,632,452,0),(49,NULL,209,0,NULL,21,11,'anonymousUser','anonymousUser','2014-05-04 23:20:44','2014-05-17 17:33:13',0,211,210,'/images/catalogue-pages//14/05/04/00001.jpg','/images/catalogue-pages//14/05/17/thumb-thumb-thumb-thumb-thumb-thumb-mini-00001-1400316023199.jpg','/images/catalogue-pages//14/05/04/mini-00001.jpg',1,750,529,0),(50,NULL,215,0,NULL,22,16,'anonymousUser','anonymousUser','2014-05-11 00:15:29','2014-05-17 17:33:13',0,217,216,'/images/catalogue-pages//14/05/11/00001.jpg','/images/catalogue-pages//14/05/17/thumb-thumb-thumb-thumb-thumb-thumb-thumb-thumb-mini-00001-1400317159178-1400317744385-1400318096984-1400373187609.jpg','/images/catalogue-pages//14/05/11/mini-00001.jpg',1,524,700,0),(51,NULL,218,1,NULL,22,16,'anonymousUser','anonymousUser','2014-05-11 00:15:58','2014-05-17 17:33:13',0,220,219,'/images/catalogue-pages//14/05/11/00002.jpg','/images/catalogue-pages//14/05/17/thumb-thumb-thumb-thumb-thumb-thumb-mini-00002-1400316023436.jpg','/images/catalogue-pages//14/05/11/mini-00002.jpg',1,524,700,0),(52,NULL,221,2,NULL,22,16,'anonymousUser','anonymousUser','2014-05-11 00:16:27','2014-05-17 17:33:13',0,223,222,'/images/catalogue-pages//14/05/11/00003.jpg','/images/catalogue-pages//14/05/17/thumb-thumb-thumb-thumb-thumb-thumb-mini-00003-1400316023533.jpg','/images/catalogue-pages//14/05/11/mini-00003.jpg',1,524,700,0),(53,NULL,224,3,NULL,22,16,'anonymousUser','anonymousUser','2014-05-11 00:16:48','2014-05-17 17:33:13',0,226,225,'/images/catalogue-pages//14/05/11/00004.jpg','/images/catalogue-pages//14/05/17/thumb-thumb-thumb-thumb-thumb-thumb-mini-00004-1400316023627.jpg','/images/catalogue-pages//14/05/11/mini-00004.jpg',1,524,700,0),(54,NULL,227,4,NULL,22,16,'anonymousUser','anonymousUser','2014-05-11 00:17:14','2014-05-17 17:33:13',0,229,228,'/images/catalogue-pages//14/05/11/00005.jpg','/images/catalogue-pages//14/05/17/thumb-thumb-thumb-thumb-thumb-thumb-mini-00005-1400316023723.jpg','/images/catalogue-pages//14/05/11/mini-00005.jpg',1,524,700,0),(55,NULL,230,5,NULL,22,16,'anonymousUser','anonymousUser','2014-05-11 00:17:27','2014-05-17 17:33:13',0,232,231,'/images/catalogue-pages//14/05/11/00006.jpg','/images/catalogue-pages//14/05/17/thumb-thumb-thumb-thumb-thumb-thumb-mini-00006-1400316023818.jpg','/images/catalogue-pages//14/05/11/mini-00006.jpg',1,524,700,0),(56,NULL,233,6,NULL,22,16,'anonymousUser','anonymousUser','2014-05-11 00:17:42','2014-05-17 17:33:14',0,235,234,'/images/catalogue-pages//14/05/11/00007.jpg','/images/catalogue-pages//14/05/17/thumb-thumb-thumb-thumb-thumb-thumb-mini-00007-1400316023914.jpg','/images/catalogue-pages//14/05/11/mini-00007.jpg',1,524,700,0),(57,NULL,236,7,NULL,22,16,'anonymousUser','anonymousUser','2014-05-11 00:19:52','2014-05-17 17:33:14',0,238,237,'/images/catalogue-pages//14/05/11/00008.jpg','/images/catalogue-pages//14/05/17/thumb-thumb-thumb-thumb-thumb-thumb-mini-00008.jpg','/images/catalogue-pages//14/05/11/mini-00008.jpg',1,524,700,0),(58,NULL,239,8,NULL,22,16,'anonymousUser','anonymousUser','2014-05-11 00:20:05','2014-05-17 17:33:14',0,241,240,'/images/catalogue-pages//14/05/11/00009.jpg','/images/catalogue-pages//14/05/17/thumb-thumb-thumb-thumb-thumb-thumb-mini-00009-1400316024112.jpg','/images/catalogue-pages//14/05/11/mini-00009.jpg',1,524,700,0),(59,NULL,242,9,NULL,22,16,'anonymousUser','anonymousUser','2014-05-11 00:20:16','2014-05-17 17:33:14',0,244,243,'/images/catalogue-pages//14/05/11/00010.jpg','/images/catalogue-pages//14/05/17/thumb-thumb-thumb-thumb-thumb-thumb-mini-00010.jpg','/images/catalogue-pages//14/05/11/mini-00010.jpg',1,524,700,0),(60,NULL,245,10,NULL,22,16,'anonymousUser','anonymousUser','2014-05-11 00:20:26','2014-05-17 17:33:14',0,247,246,'/images/catalogue-pages//14/05/11/00011.jpg','/images/catalogue-pages//14/05/17/thumb-thumb-thumb-thumb-thumb-thumb-mini-00011-1400316024302.jpg','/images/catalogue-pages//14/05/11/mini-00011.jpg',1,524,700,0),(61,NULL,250,0,NULL,23,16,'anonymousUser','anonymousUser','2014-05-13 02:37:49','2014-05-17 17:33:14',0,252,251,'/images/catalogue-pages//14/05/13/01.jpg','/images/catalogue-pages//14/05/17/thumb-thumb-thumb-thumb-thumb-thumb-thumb-thumb-mini-01-1400317159268-1400317746290-1400318097078-1400373187691.jpg','/images/catalogue-pages//14/05/13/mini-01.jpg',1,563,480,0),(62,NULL,253,1,NULL,23,16,'anonymousUser','anonymousUser','2014-05-13 02:38:04','2014-05-17 17:33:14',0,255,254,'/images/catalogue-pages//14/05/13/02.jpg','/images/catalogue-pages//14/05/17/thumb-thumb-thumb-thumb-thumb-thumb-mini-02.jpg','/images/catalogue-pages//14/05/13/mini-02.jpg',1,563,480,0),(63,NULL,256,2,NULL,23,16,'anonymousUser','anonymousUser','2014-05-13 02:41:34','2014-05-20 11:21:57',0,258,257,'/images/catalogue-pages//14/05/13/03.jpg','/images/catalogue-pages//14/05/17/thumb-thumb-thumb-thumb-thumb-thumb-mini-03.jpg','/images/catalogue-pages//14/05/13/mini-03.jpg',1,750,640,1),(64,NULL,261,0,NULL,25,16,'anonymousUser','anonymousUser','2014-05-13 21:54:59','2014-05-17 17:33:15',0,263,262,'/images/catalogue-pages//14/05/13/00001.jpg','/images/catalogue-pages//14/05/17/thumb-thumb-thumb-thumb-thumb-thumb-thumb-thumb-mini-00001-1400316017474-1400317159411-1400317746429-1400318097656-1400373187819.jpg','/images/catalogue-pages//14/05/13/mini-00001.jpg',1,431,700,0),(65,NULL,264,1,NULL,25,16,'anonymousUser','anonymousUser','2014-05-13 21:55:18','2014-05-20 09:24:46',0,266,265,'/images/catalogue-pages//14/05/13/00002.jpg','/images/catalogue-pages//14/05/17/thumb-thumb-thumb-thumb-thumb-thumb-mini-00002-1400316024694.jpg','/images/catalogue-pages//14/05/13/mini-00002.jpg',1,431,700,1),(66,NULL,267,2,NULL,25,16,'anonymousUser','anonymousUser','2014-05-13 21:55:37','2014-05-17 17:33:15',0,269,268,'/images/catalogue-pages//14/05/13/00003.jpg','/images/catalogue-pages//14/05/17/thumb-thumb-thumb-thumb-thumb-thumb-mini-00003-1400316024750.jpg','/images/catalogue-pages//14/05/13/mini-00003.jpg',1,431,700,0),(67,NULL,273,3,NULL,25,16,'anonymousUser','anonymousUser','2014-05-13 21:56:27','2014-05-17 17:33:15',0,275,274,'/images/catalogue-pages//14/05/13/00004.jpg','/images/catalogue-pages//14/05/17/thumb-thumb-thumb-thumb-thumb-thumb-mini-00004-1400316024808.jpg','/images/catalogue-pages//14/05/13/mini-00004.jpg',1,431,700,0),(68,NULL,276,4,NULL,25,16,'anonymousUser','anonymousUser','2014-05-13 21:56:47','2014-05-17 17:33:15',0,278,277,'/images/catalogue-pages//14/05/13/00005.jpg','/images/catalogue-pages//14/05/17/thumb-thumb-thumb-thumb-thumb-thumb-mini-00005-1400316024868.jpg','/images/catalogue-pages//14/05/13/mini-00005.jpg',1,431,700,0),(69,NULL,281,0,NULL,26,16,'anonymousUser','anonymousUser','2014-05-14 23:28:29','2014-05-17 17:33:15',0,283,282,'/images/catalogue-pages//14/05/14/00011.jpg','/images/catalogue-pages//14/05/17/thumb-thumb-thumb-thumb-thumb-thumb-thumb-thumb-mini-00011-1400317159488-1400317746511-1400318097732-1400373187883.jpg','/images/catalogue-pages//14/05/14/mini-00011.jpg',1,431,700,0),(70,NULL,284,0,NULL,29,11,'anonymousUser','anonymousUser','2014-05-17 11:41:19','2014-05-17 17:33:15',0,285,286,'/images/catalogue-pages//14/05/17/00001.jpg','/images/catalogue-pages//14/05/17/thumb-thumb-00001-1400373187948.jpg','/images/catalogue-pages//14/05/17/mini-00001.jpg',1,750,303,0),(71,NULL,287,1,NULL,29,11,'anonymousUser','anonymousUser','2014-05-17 11:41:32','2014-05-17 17:33:15',0,288,289,'/images/catalogue-pages//14/05/17/00002.jpg','/images/catalogue-pages//14/05/17/thumb-thumb-00002-1400373195691.jpg','/images/catalogue-pages//14/05/17/mini-00002.jpg',1,750,303,0),(72,NULL,290,2,NULL,29,11,'anonymousUser','anonymousUser','2014-05-17 11:41:49','2014-05-17 17:33:15',0,291,292,'/images/catalogue-pages//14/05/17/00003.jpg','/images/catalogue-pages//14/05/17/thumb-thumb-00003.jpg','/images/catalogue-pages//14/05/17/mini-00003.jpg',1,750,303,0),(73,NULL,293,3,NULL,29,11,'anonymousUser','anonymousUser','2014-05-17 11:42:00','2014-05-17 17:33:15',0,294,295,'/images/catalogue-pages//14/05/17/00004.jpg','/images/catalogue-pages//14/05/17/thumb-thumb-00004.jpg','/images/catalogue-pages//14/05/17/mini-00004.jpg',1,750,303,0),(74,NULL,296,4,NULL,29,11,'anonymousUser','anonymousUser','2014-05-17 11:42:20','2014-05-17 17:33:15',0,297,298,'/images/catalogue-pages//14/05/17/00005.jpg','/images/catalogue-pages//14/05/17/thumb-thumb-00005.jpg','/images/catalogue-pages//14/05/17/mini-00005.jpg',1,750,303,0),(75,NULL,299,5,NULL,29,11,'anonymousUser','anonymousUser','2014-05-17 11:43:03','2014-05-17 17:33:15',0,300,301,'/images/catalogue-pages//14/05/17/00006.jpg','/images/catalogue-pages//14/05/17/thumb-thumb-00006.jpg','/images/catalogue-pages//14/05/17/mini-00006.jpg',1,750,303,0),(76,NULL,302,6,NULL,29,11,'anonymousUser','anonymousUser','2014-05-17 11:43:28','2014-05-17 17:33:15',0,303,304,'/images/catalogue-pages//14/05/17/00007.jpg','/images/catalogue-pages//14/05/17/thumb-thumb-00007.jpg','/images/catalogue-pages//14/05/17/mini-00007.jpg',1,750,303,0),(77,NULL,305,7,NULL,29,11,'anonymousUser','anonymousUser','2014-05-17 11:43:46','2014-05-17 17:33:16',0,306,307,'/images/catalogue-pages//14/05/17/00008.jpg','/images/catalogue-pages//14/05/17/thumb-thumb-00008.jpg','/images/catalogue-pages//14/05/17/mini-00008.jpg',1,750,303,0),(78,NULL,308,0,NULL,30,11,'anonymousUser','anonymousUser','2014-05-17 11:45:47','2014-05-17 17:33:16',0,309,310,'/images/catalogue-pages//14/05/17/00001-1400352347325.jpg','/images/catalogue-pages//14/05/17/thumb-thumb-00001-1400352347868-1400373188011.jpg','/images/catalogue-pages//14/05/17/mini-00001-1400352347890.jpg',1,314,700,0),(79,NULL,311,1,NULL,30,11,'anonymousUser','anonymousUser','2014-05-17 11:46:03','2014-05-17 17:33:16',0,312,313,'/images/catalogue-pages//14/05/17/00002-1400352359711.jpg','/images/catalogue-pages//14/05/17/thumb-thumb-00002-1400352360255.jpg','/images/catalogue-pages//14/05/17/mini-00002-1400352363855.jpg',1,314,700,0),(80,NULL,314,2,NULL,30,11,'anonymousUser','anonymousUser','2014-05-17 11:46:14','2014-05-17 17:33:16',0,315,316,'/images/catalogue-pages//14/05/17/00003-1400352374174.jpg','/images/catalogue-pages//14/05/17/thumb-thumb-00003-1400352374240.jpg','/images/catalogue-pages//14/05/17/mini-00003-1400352374260.jpg',1,314,700,0),(81,NULL,317,3,NULL,30,11,'anonymousUser','anonymousUser','2014-05-17 11:46:23','2014-05-17 17:33:16',0,318,319,'/images/catalogue-pages//14/05/17/00004-1400352383411.jpg','/images/catalogue-pages//14/05/17/thumb-thumb-00004-1400352383621.jpg','/images/catalogue-pages//14/05/17/mini-00004-1400352383646.jpg',1,314,700,0),(82,NULL,320,0,NULL,31,16,'anonymousUser','anonymousUser','2014-05-17 11:49:35','2014-05-17 17:33:16',0,321,322,'/images/catalogue-pages//14/05/17/00001-1400352574596.jpg','/images/catalogue-pages//14/05/17/thumb-thumb-00001-1400352575033-1400373188168.jpg','/images/catalogue-pages//14/05/17/mini-00001-1400352575337.jpg',1,305,700,0),(83,NULL,323,1,NULL,31,16,'anonymousUser','anonymousUser','2014-05-17 11:49:46','2014-05-17 17:33:16',0,324,325,'/images/catalogue-pages//14/05/17/00002-1400352585723.jpg','/images/catalogue-pages//14/05/17/thumb-thumb-00002-1400352586326.jpg','/images/catalogue-pages//14/05/17/mini-00002-1400352586415.jpg',1,305,700,0),(84,NULL,326,2,NULL,31,16,'anonymousUser','anonymousUser','2014-05-17 11:50:13','2014-05-17 17:33:16',0,327,328,'/images/catalogue-pages//14/05/17/00003-1400352595857.jpg','/images/catalogue-pages//14/05/17/thumb-thumb-00003-1400352597635.jpg','/images/catalogue-pages//14/05/17/mini-00003-1400352607085.jpg',1,305,700,0),(85,NULL,329,3,NULL,31,16,'anonymousUser','anonymousUser','2014-05-17 11:50:36','2014-05-17 17:33:16',0,330,331,'/images/catalogue-pages//14/05/17/00004-1400352636564.jpg','/images/catalogue-pages//14/05/17/thumb-thumb-00004-1400352636849.jpg','/images/catalogue-pages//14/05/17/mini-00004-1400352636870.jpg',1,305,700,0),(86,NULL,332,4,NULL,31,16,'anonymousUser','anonymousUser','2014-05-17 11:50:45','2014-05-17 17:33:16',0,333,334,'/images/catalogue-pages//14/05/17/00005-1400352645435.jpg','/images/catalogue-pages//14/05/17/thumb-thumb-00005-1400352645475.jpg','/images/catalogue-pages//14/05/17/mini-00005-1400352645495.jpg',1,305,700,0),(87,NULL,335,5,NULL,31,16,'anonymousUser','anonymousUser','2014-05-17 11:51:05','2014-05-17 17:33:16',0,336,337,'/images/catalogue-pages//14/05/17/00006-1400352664756.jpg','/images/catalogue-pages//14/05/17/thumb-thumb-00006-1400352665154.jpg','/images/catalogue-pages//14/05/17/mini-00006-1400352665297.jpg',1,319,700,0),(88,NULL,358,0,NULL,32,11,'anonymousUser','anonymousUser','2014-05-21 23:04:00','2014-05-21 23:04:00',0,359,360,'/images/catalogue-pages//14/05/21/1.jpg','/images/catalogue-pages//14/05/21/thumb-1.jpg','/images/catalogue-pages//14/05/21/mini-1.jpg',1,720,640,0),(89,NULL,362,1,NULL,32,11,'anonymousUser','anonymousUser','2014-05-21 23:06:32','2014-05-21 23:06:32',0,363,364,'/images/catalogue-pages//14/05/21/2.jpg','/images/catalogue-pages//14/05/21/thumb-2.jpg','/images/catalogue-pages//14/05/21/mini-2.jpg',1,742,640,0),(90,NULL,365,2,NULL,32,11,'anonymousUser','anonymousUser','2014-05-21 23:07:50','2014-05-21 23:07:50',0,366,367,'/images/catalogue-pages//14/05/21/3.jpg','/images/catalogue-pages//14/05/21/thumb-3.jpg','/images/catalogue-pages//14/05/21/mini-3.jpg',1,640,565,0),(91,NULL,368,3,NULL,32,11,'anonymousUser','anonymousUser','2014-05-21 23:08:28','2014-05-21 23:08:28',0,369,370,'/images/catalogue-pages//14/05/21/4.jpg','/images/catalogue-pages//14/05/21/thumb-4.jpg','/images/catalogue-pages//14/05/21/mini-4.jpg',1,622,537,0),(92,NULL,371,4,NULL,32,11,'anonymousUser','anonymousUser','2014-05-21 23:09:14','2014-05-21 23:09:14',0,372,373,'/images/catalogue-pages//14/05/21/5.jpg','/images/catalogue-pages//14/05/21/thumb-5.jpg','/images/catalogue-pages//14/05/21/mini-5.jpg',1,719,640,0),(93,NULL,376,0,NULL,33,14,'anonymousUser','anonymousUser','2014-05-27 22:37:28','2014-06-01 00:03:23',0,377,378,'/images/catalogue-pages//14/05/21/1-1400740797665.jpg','/images/catalogue-pages//14/05/21/thumb-1-1400740798146.jpg','/images/catalogue-pages//14/05/21/mini-1-1400740798222.jpg',1,749,640,1),(94,NULL,379,1,NULL,33,14,'anonymousUser','anonymousUser','2014-05-21 23:49:48','2014-06-01 00:03:14',0,380,381,'/images/catalogue-pages//14/05/21/2-1400741164303.jpg','/images/catalogue-pages//14/05/21/thumb-2-1400741164570.jpg','/images/catalogue-pages//14/05/21/mini-2-1400741164658.jpg',1,730,640,6),(95,NULL,382,2,NULL,33,14,'anonymousUser','anonymousUser','2014-05-26 20:01:03','2014-07-06 14:46:47',0,383,384,'/images/catalogue-pages//14/05/21/3-1400741420561.jpg','/images/catalogue-pages//14/05/21/thumb-3-1400741423715.jpg','/images/catalogue-pages//14/05/21/mini-3-1400741423943.jpg',1,630,640,3),(96,NULL,386,3,NULL,33,14,'anonymousUser','anonymousUser','2014-05-22 01:44:33','2014-05-22 01:44:33',0,387,388,'/images/catalogue-pages//14/05/22/4.jpg','/images/catalogue-pages//14/05/22/thumb-4.jpg','/images/catalogue-pages//14/05/22/mini-4.jpg',1,636,640,0),(97,NULL,389,4,NULL,33,14,'anonymousUser','anonymousUser','2014-05-22 01:45:08','2014-05-22 01:45:08',0,390,391,'/images/catalogue-pages//14/05/22/5.jpg','/images/catalogue-pages//14/05/22/thumb-5.jpg','/images/catalogue-pages//14/05/22/mini-5.jpg',1,602,639,0),(98,NULL,392,5,NULL,33,14,'anonymousUser','anonymousUser','2014-05-22 01:55:44','2014-05-22 01:55:44',0,393,394,'/images/catalogue-pages//14/05/22/6.jpg','/images/catalogue-pages//14/05/22/thumb-6.jpg','/images/catalogue-pages//14/05/22/mini-6.jpg',1,598,640,0),(99,NULL,395,6,NULL,33,14,'anonymousUser','anonymousUser','2014-05-23 23:28:19','2014-07-06 14:46:18',0,396,397,'/images/catalogue-pages//14/05/22/7.jpg','/images/catalogue-pages//14/05/22/thumb-7.jpg','/images/catalogue-pages//14/05/22/mini-7.jpg',1,611,641,1),(100,NULL,400,0,NULL,34,14,'anonymousUser','anonymousUser','2014-05-22 04:22:51','2014-05-22 04:22:51',0,401,402,'/images/catalogue-pages//14/05/22/1.jpg','/images/catalogue-pages//14/05/22/thumb-1.jpg','/images/catalogue-pages//14/05/22/mini-1.jpg',1,604,639,0),(101,NULL,403,1,NULL,34,14,'anonymousUser','anonymousUser','2014-05-22 04:23:21','2014-05-22 04:23:21',0,404,405,'/images/catalogue-pages//14/05/22/2.jpg','/images/catalogue-pages//14/05/22/thumb-2.jpg','/images/catalogue-pages//14/05/22/mini-2.jpg',1,601,638,0),(102,NULL,406,2,NULL,34,14,'anonymousUser','anonymousUser','2014-05-22 04:25:54','2014-05-22 04:25:54',0,407,408,'/images/catalogue-pages//14/05/22/3.jpg','/images/catalogue-pages//14/05/22/thumb-3.jpg','/images/catalogue-pages//14/05/22/mini-3.jpg',1,569,640,0),(103,NULL,409,3,NULL,34,14,'anonymousUser','anonymousUser','2014-05-22 04:26:21','2014-05-22 04:26:21',0,410,411,'/images/catalogue-pages//14/05/22/4-1400757981283.jpg','/images/catalogue-pages//14/05/22/thumb-4-1400757981349.jpg','/images/catalogue-pages//14/05/22/mini-4-1400757981408.jpg',1,576,640,0),(104,NULL,412,4,NULL,34,14,'anonymousUser','anonymousUser','2014-05-22 04:26:44','2014-05-22 04:26:44',0,413,414,'/images/catalogue-pages//14/05/22/5-1400758003893.jpg','/images/catalogue-pages//14/05/22/thumb-5-1400758003975.jpg','/images/catalogue-pages//14/05/22/mini-5-1400758004032.jpg',1,604,639,0),(105,NULL,415,5,NULL,34,14,'anonymousUser','anonymousUser','2014-05-22 04:27:05','2014-05-22 04:27:05',0,416,417,'/images/catalogue-pages//14/05/22/6-1400758024883.jpg','/images/catalogue-pages//14/05/22/thumb-6-1400758025033.jpg','/images/catalogue-pages//14/05/22/mini-6-1400758025254.jpg',1,573,638,0),(106,NULL,418,6,NULL,34,14,'anonymousUser','anonymousUser','2014-05-22 04:27:46','2014-05-22 04:27:46',0,419,420,'/images/catalogue-pages//14/05/22/7-1400758062195.jpg','/images/catalogue-pages//14/05/22/thumb-7-1400758065132.jpg','/images/catalogue-pages//14/05/22/mini-7-1400758065993.jpg',1,592,649,0),(107,NULL,421,7,NULL,34,14,'anonymousUser','anonymousUser','2014-05-22 04:28:12','2014-05-22 04:28:12',0,422,423,'/images/catalogue-pages//14/05/22/8.jpg','/images/catalogue-pages//14/05/22/thumb-8.jpg','/images/catalogue-pages//14/05/22/mini-8.jpg',1,560,639,0),(108,NULL,426,0,NULL,35,12,'anonymousUser','anonymousUser','2014-05-22 04:36:55','2014-05-22 04:36:55',0,427,428,'/images/catalogue-pages//14/05/22/1-1400758614903.jpg','/images/catalogue-pages//14/05/22/thumb-1-1400758615179.jpg','/images/catalogue-pages//14/05/22/mini-1-1400758615254.jpg',1,771,640,0),(109,NULL,429,1,NULL,35,12,'anonymousUser','anonymousUser','2014-05-22 04:37:28','2014-05-22 04:37:28',0,430,431,'/images/catalogue-pages//14/05/22/2-1400758648156.jpg','/images/catalogue-pages//14/05/22/thumb-2-1400758648245.jpg','/images/catalogue-pages//14/05/22/mini-2-1400758648339.jpg',1,776,640,0),(110,NULL,432,2,NULL,35,12,'anonymousUser','anonymousUser','2014-05-22 04:38:03','2014-05-22 04:38:03',0,433,434,'/images/catalogue-pages//14/05/22/3-1400758682810.jpg','/images/catalogue-pages//14/05/22/thumb-3-1400758683056.jpg','/images/catalogue-pages//14/05/22/mini-3-1400758683164.jpg',1,768,640,0),(111,NULL,435,3,NULL,35,12,'anonymousUser','anonymousUser','2014-05-22 04:38:38','2014-05-22 04:38:38',0,436,437,'/images/catalogue-pages//14/05/22/4-1400758717394.jpg','/images/catalogue-pages//14/05/22/thumb-4-1400758718147.jpg','/images/catalogue-pages//14/05/22/mini-4-1400758718217.jpg',1,775,640,0),(112,NULL,438,4,NULL,35,12,'anonymousUser','anonymousUser','2014-05-22 04:39:20','2014-05-22 04:39:20',0,439,440,'/images/catalogue-pages//14/05/22/5-1400758760389.jpg','/images/catalogue-pages//14/05/22/thumb-5-1400758760514.jpg','/images/catalogue-pages//14/05/22/mini-5-1400758760583.jpg',1,771,640,0),(113,NULL,441,5,NULL,35,12,'anonymousUser','anonymousUser','2014-05-22 04:39:42','2014-05-22 04:39:42',0,442,443,'/images/catalogue-pages//14/05/22/6-1400758782325.jpg','/images/catalogue-pages//14/05/22/thumb-6-1400758782410.jpg','/images/catalogue-pages//14/05/22/mini-6-1400758782465.jpg',1,803,640,0),(114,NULL,446,0,NULL,36,13,'anonymousUser','anonymousUser','2014-05-22 04:41:56','2014-05-22 04:41:56',0,447,448,'/images/catalogue-pages//14/05/22/1-1400758914475.jpg','/images/catalogue-pages//14/05/22/thumb-1-1400758915824.jpg','/images/catalogue-pages//14/05/22/mini-1-1400758916277.jpg',1,841,640,0),(115,NULL,449,1,NULL,36,13,'anonymousUser','anonymousUser','2014-05-22 04:42:24','2014-05-22 04:42:24',0,450,451,'/images/catalogue-pages//14/05/22/2-1400758941665.jpg','/images/catalogue-pages//14/05/22/thumb-2-1400758943698.jpg','/images/catalogue-pages//14/05/22/mini-2-1400758944764.jpg',1,848,640,0),(116,NULL,452,2,NULL,36,13,'anonymousUser','anonymousUser','2014-05-22 04:42:51','2014-05-22 04:42:51',0,453,454,'/images/catalogue-pages//14/05/22/3-1400758971236.jpg','/images/catalogue-pages//14/05/22/thumb-3-1400758971810.jpg','/images/catalogue-pages//14/05/22/mini-3-1400758971900.jpg',1,854,640,0),(117,NULL,455,3,NULL,36,13,'anonymousUser','anonymousUser','2014-05-22 04:43:18','2014-05-22 04:43:18',0,456,457,'/images/catalogue-pages//14/05/22/4-1400758998338.jpg','/images/catalogue-pages//14/05/22/thumb-4-1400758998432.jpg','/images/catalogue-pages//14/05/22/mini-4-1400758998517.jpg',1,840,640,0),(118,NULL,458,4,NULL,36,13,'anonymousUser','anonymousUser','2014-05-22 04:43:43','2014-05-22 04:43:43',0,459,460,'/images/catalogue-pages//14/05/22/5-1400759023488.jpg','/images/catalogue-pages//14/05/22/thumb-5-1400759023590.jpg','/images/catalogue-pages//14/05/22/mini-5-1400759023681.jpg',1,837,640,0),(119,NULL,461,5,NULL,36,13,'anonymousUser','anonymousUser','2014-05-22 04:44:14','2014-05-22 04:44:14',0,462,463,'/images/catalogue-pages//14/05/22/6-1400759053894.jpg','/images/catalogue-pages//14/05/22/thumb-6-1400759054295.jpg','/images/catalogue-pages//14/05/22/mini-6-1400759054448.jpg',1,838,640,0),(120,NULL,466,0,NULL,37,16,'anonymousUser','anonymousUser','2014-05-22 04:47:04','2014-05-22 04:47:04',0,467,468,'/images/catalogue-pages//14/05/22/1-1400759224508.jpg','/images/catalogue-pages//14/05/22/thumb-1-1400759224603.jpg','/images/catalogue-pages//14/05/22/mini-1-1400759224675.jpg',1,738,640,0),(121,NULL,469,1,NULL,37,16,'anonymousUser','anonymousUser','2014-05-22 04:47:26','2014-05-22 04:47:26',0,470,471,'/images/catalogue-pages//14/05/22/2-1400759245986.jpg','/images/catalogue-pages//14/05/22/thumb-2-1400759246297.jpg','/images/catalogue-pages//14/05/22/mini-2-1400759246374.jpg',1,780,640,0),(122,NULL,472,2,NULL,37,16,'anonymousUser','anonymousUser','2014-05-22 04:47:53','2014-05-22 04:47:53',0,473,474,'/images/catalogue-pages//14/05/22/3-1400759272412.jpg','/images/catalogue-pages//14/05/22/thumb-3-1400759273113.jpg','/images/catalogue-pages//14/05/22/mini-3-1400759273352.jpg',1,845,640,0),(123,NULL,475,3,NULL,37,16,'anonymousUser','anonymousUser','2014-05-22 04:48:15','2014-05-22 04:48:15',0,476,477,'/images/catalogue-pages//14/05/22/4-1400759295371.jpg','/images/catalogue-pages//14/05/22/thumb-4-1400759295457.jpg','/images/catalogue-pages//14/05/22/mini-4-1400759295538.jpg',1,856,640,0),(124,NULL,478,4,NULL,37,16,'anonymousUser','anonymousUser','2014-05-22 04:48:35','2014-05-22 04:48:35',0,479,480,'/images/catalogue-pages//14/05/22/5-1400759315208.jpg','/images/catalogue-pages//14/05/22/thumb-5-1400759315293.jpg','/images/catalogue-pages//14/05/22/mini-5-1400759315375.jpg',1,814,640,0),(125,NULL,481,5,NULL,37,16,'anonymousUser','anonymousUser','2014-05-22 04:49:02','2014-05-22 04:49:02',0,482,483,'/images/catalogue-pages//14/05/22/6-1400759341992.jpg','/images/catalogue-pages//14/05/22/thumb-6-1400759342638.jpg','/images/catalogue-pages//14/05/22/mini-6-1400759342742.jpg',1,833,640,0),(126,NULL,486,0,NULL,38,15,'anonymousUser','anonymousUser','2014-05-22 05:02:36','2014-05-22 05:02:36',0,487,488,'/images/catalogue-pages//14/05/22/1-1400760156193.jpg','/images/catalogue-pages//14/05/22/thumb-1-1400760156291.jpg','/images/catalogue-pages//14/05/22/mini-1-1400760156364.jpg',1,750,640,0),(127,NULL,489,1,NULL,38,15,'anonymousUser','anonymousUser','2014-05-22 05:03:10','2014-05-22 05:03:10',0,490,491,'/images/catalogue-pages//14/05/22/2-1400760190433.jpg','/images/catalogue-pages//14/05/22/thumb-2-1400760190674.jpg','/images/catalogue-pages//14/05/22/mini-2-1400760190741.jpg',1,750,640,0),(128,NULL,492,2,NULL,38,15,'anonymousUser','anonymousUser','2014-05-22 05:03:40','2014-05-22 05:03:40',0,493,494,'/images/catalogue-pages//14/05/22/3-1400760220239.jpg','/images/catalogue-pages//14/05/22/thumb-3-1400760220520.jpg','/images/catalogue-pages//14/05/22/mini-3-1400760220628.jpg',1,755,648,0),(129,NULL,495,3,NULL,38,15,'anonymousUser','anonymousUser','2014-05-22 05:04:21','2014-05-22 05:04:21',0,496,497,'/images/catalogue-pages//14/05/22/4-1400760261384.jpg','/images/catalogue-pages//14/05/22/thumb-4-1400760261609.jpg','/images/catalogue-pages//14/05/22/mini-4-1400760261683.jpg',1,750,640,0),(130,NULL,498,4,NULL,38,15,'anonymousUser','anonymousUser','2014-05-22 05:04:58','2014-05-22 05:04:58',0,499,500,'/images/catalogue-pages//14/05/22/5-1400760296750.jpg','/images/catalogue-pages//14/05/22/thumb-5-1400760297921.jpg','/images/catalogue-pages//14/05/22/mini-5-1400760298019.jpg',1,750,640,0),(131,NULL,501,5,NULL,38,15,'anonymousUser','anonymousUser','2014-05-22 05:05:23','2014-05-22 05:05:23',0,502,503,'/images/catalogue-pages//14/05/22/6-1400760323340.jpg','/images/catalogue-pages//14/05/22/thumb-6-1400760323433.jpg','/images/catalogue-pages//14/05/22/mini-6-1400760323505.jpg',1,750,640,0),(132,NULL,504,6,NULL,38,15,'anonymousUser','anonymousUser','2014-05-22 05:06:01','2014-05-22 05:06:01',0,505,506,'/images/catalogue-pages//14/05/22/7-1400760361569.jpg','/images/catalogue-pages//14/05/22/thumb-7-1400760361737.jpg','/images/catalogue-pages//14/05/22/mini-7-1400760361814.jpg',1,750,640,0),(133,NULL,507,7,NULL,38,15,'anonymousUser','anonymousUser','2014-05-22 05:06:38','2014-05-22 05:06:38',0,508,509,'/images/catalogue-pages//14/05/22/8-1400760398113.jpg','/images/catalogue-pages//14/05/22/thumb-8-1400760398617.jpg','/images/catalogue-pages//14/05/22/mini-8-1400760398692.jpg',1,750,640,0),(134,NULL,510,8,NULL,38,15,'anonymousUser','anonymousUser','2014-05-22 05:07:23','2014-05-22 05:07:23',0,511,512,'/images/catalogue-pages//14/05/22/9.jpg','/images/catalogue-pages//14/05/22/thumb-9.jpg','/images/catalogue-pages//14/05/22/mini-9.jpg',1,750,640,0),(135,NULL,513,9,NULL,38,15,'anonymousUser','anonymousUser','2014-05-22 05:07:57','2014-05-22 05:07:57',0,514,515,'/images/catalogue-pages//14/05/22/10.jpg','/images/catalogue-pages//14/05/22/thumb-10.jpg','/images/catalogue-pages//14/05/22/mini-10.jpg',1,750,640,0),(136,NULL,519,10,NULL,38,15,'anonymousUser','anonymousUser','2014-05-22 05:09:04','2014-05-22 05:09:04',0,520,521,'/images/catalogue-pages//14/05/22/11.jpg','/images/catalogue-pages//14/05/22/thumb-11.jpg','/images/catalogue-pages//14/05/22/mini-11.jpg',1,750,640,0),(137,NULL,522,11,NULL,38,15,'anonymousUser','anonymousUser','2014-05-22 05:09:38','2014-05-22 05:09:38',0,523,524,'/images/catalogue-pages//14/05/22/12.jpg','/images/catalogue-pages//14/05/22/thumb-12.jpg','/images/catalogue-pages//14/05/22/mini-12.jpg',1,750,640,0),(138,NULL,525,12,NULL,38,15,'anonymousUser','anonymousUser','2014-05-22 05:10:09','2014-05-22 05:10:09',0,526,527,'/images/catalogue-pages//14/05/22/13.jpg','/images/catalogue-pages//14/05/22/thumb-13.jpg','/images/catalogue-pages//14/05/22/mini-13.jpg',1,750,640,0),(139,NULL,528,13,NULL,38,15,'anonymousUser','anonymousUser','2014-05-22 05:12:54','2014-05-22 05:12:54',0,529,530,'/images/catalogue-pages//14/05/22/14.jpg','/images/catalogue-pages//14/05/22/thumb-14.jpg','/images/catalogue-pages//14/05/22/mini-14.jpg',1,750,640,0),(140,NULL,531,14,NULL,38,15,'anonymousUser','anonymousUser','2014-05-22 05:14:35','2014-05-22 05:14:35',0,532,533,'/images/catalogue-pages//14/05/22/15.jpg','/images/catalogue-pages//14/05/22/thumb-15.jpg','/images/catalogue-pages//14/05/22/mini-15.jpg',1,750,640,0),(141,NULL,534,15,NULL,38,15,'anonymousUser','anonymousUser','2014-05-22 05:14:53','2014-05-22 05:14:53',0,535,536,'/images/catalogue-pages//14/05/22/16.jpg','/images/catalogue-pages//14/05/22/thumb-16.jpg','/images/catalogue-pages//14/05/22/mini-16.jpg',1,761,651,0),(142,NULL,537,16,NULL,38,15,'anonymousUser','anonymousUser','2014-05-22 05:15:46','2014-05-22 05:15:46',0,538,539,'/images/catalogue-pages//14/05/22/17.jpg','/images/catalogue-pages//14/05/22/thumb-17.jpg','/images/catalogue-pages//14/05/22/mini-17.jpg',1,750,640,0),(143,NULL,540,17,NULL,38,15,'anonymousUser','anonymousUser','2014-05-22 05:16:38','2014-05-22 05:16:38',0,541,542,'/images/catalogue-pages//14/05/22/18.jpg','/images/catalogue-pages//14/05/22/thumb-18.jpg','/images/catalogue-pages//14/05/22/mini-18.jpg',1,750,640,0),(144,NULL,543,18,NULL,38,15,'anonymousUser','anonymousUser','2014-05-22 05:17:14','2014-05-22 05:17:14',0,544,545,'/images/catalogue-pages//14/05/22/19.jpg','/images/catalogue-pages//14/05/22/thumb-19.jpg','/images/catalogue-pages//14/05/22/mini-19.jpg',1,750,640,0),(145,NULL,548,0,NULL,39,12,'anonymousUser','anonymousUser','2014-05-22 05:18:58','2014-05-22 05:18:58',0,549,550,'/images/catalogue-pages//14/05/22/1-1400761138432.jpg','/images/catalogue-pages//14/05/22/thumb-1-1400761138532.jpg','/images/catalogue-pages//14/05/22/mini-1-1400761138608.jpg',1,750,640,0),(146,NULL,551,1,NULL,39,12,'anonymousUser','anonymousUser','2014-05-22 05:19:42','2014-05-22 05:19:42',0,552,553,'/images/catalogue-pages//14/05/22/2-1400761182344.jpg','/images/catalogue-pages//14/05/22/thumb-2-1400761182444.jpg','/images/catalogue-pages//14/05/22/mini-2-1400761182519.jpg',1,750,640,0),(147,NULL,554,2,NULL,39,12,'anonymousUser','anonymousUser','2014-05-22 05:20:08','2014-05-22 05:20:08',0,555,556,'/images/catalogue-pages//14/05/22/3-1400761208670.jpg','/images/catalogue-pages//14/05/22/thumb-3-1400761208769.jpg','/images/catalogue-pages//14/05/22/mini-3-1400761208841.jpg',1,750,640,0),(148,NULL,557,3,NULL,39,12,'anonymousUser','anonymousUser','2014-05-22 05:20:35','2014-05-22 05:20:35',0,558,559,'/images/catalogue-pages//14/05/22/4-1400761234347.jpg','/images/catalogue-pages//14/05/22/thumb-4-1400761234812.jpg','/images/catalogue-pages//14/05/22/mini-4-1400761234965.jpg',1,750,640,0),(149,NULL,560,4,NULL,39,12,'anonymousUser','anonymousUser','2014-05-22 05:21:06','2014-05-22 05:21:06',0,561,562,'/images/catalogue-pages//14/05/22/5-1400761258032.jpg','/images/catalogue-pages//14/05/22/thumb-5-1400761260782.jpg','/images/catalogue-pages//14/05/22/mini-5-1400761263067.jpg',1,750,640,0),(150,NULL,563,5,NULL,39,12,'anonymousUser','anonymousUser','2014-05-22 05:21:21','2014-05-22 05:21:21',0,564,565,'/images/catalogue-pages//14/05/22/6-1400761280459.jpg','/images/catalogue-pages//14/05/22/thumb-6-1400761281453.jpg','/images/catalogue-pages//14/05/22/mini-6-1400761281546.jpg',1,750,640,0),(151,NULL,566,6,NULL,39,12,'anonymousUser','anonymousUser','2014-05-22 05:21:36','2014-05-22 05:21:36',0,567,568,'/images/catalogue-pages//14/05/22/7-1400761296009.jpg','/images/catalogue-pages//14/05/22/thumb-7-1400761296126.jpg','/images/catalogue-pages//14/05/22/mini-7-1400761296210.jpg',1,750,640,0),(152,NULL,569,7,NULL,39,12,'anonymousUser','anonymousUser','2014-05-22 05:21:56','2014-05-22 05:21:56',0,570,571,'/images/catalogue-pages//14/05/22/8-1400761316647.jpg','/images/catalogue-pages//14/05/22/thumb-8-1400761316737.jpg','/images/catalogue-pages//14/05/22/mini-8-1400761316806.jpg',1,650,640,0),(153,NULL,572,8,NULL,39,12,'anonymousUser','anonymousUser','2014-05-22 05:22:28','2014-05-22 05:22:28',0,573,574,'/images/catalogue-pages//14/05/22/9-1400761347739.jpg','/images/catalogue-pages//14/05/22/thumb-9-1400761347839.jpg','/images/catalogue-pages//14/05/22/mini-9-1400761348017.jpg',1,750,640,0),(154,NULL,575,9,NULL,39,12,'anonymousUser','anonymousUser','2014-05-22 05:22:47','2014-05-22 05:22:47',0,576,577,'/images/catalogue-pages//14/05/22/10-1400761367489.jpg','/images/catalogue-pages//14/05/22/thumb-10-1400761367691.jpg','/images/catalogue-pages//14/05/22/mini-10-1400761367764.jpg',1,750,640,0),(155,NULL,578,10,NULL,39,12,'anonymousUser','anonymousUser','2014-05-22 05:23:02','2014-05-22 05:23:02',0,579,580,'/images/catalogue-pages//14/05/22/11-1400761382245.jpg','/images/catalogue-pages//14/05/22/thumb-11-1400761382497.jpg','/images/catalogue-pages//14/05/22/mini-11-1400761382643.jpg',1,750,640,0),(156,NULL,583,0,NULL,40,11,'anonymousUser','anonymousUser','2014-05-22 05:25:28','2014-05-22 05:25:28',0,584,585,'/images/catalogue-pages//14/05/22/1-1400761528014.jpg','/images/catalogue-pages//14/05/22/thumb-1-1400761528133.jpg','/images/catalogue-pages//14/05/22/mini-1-1400761528210.jpg',1,750,640,0),(157,NULL,586,1,NULL,40,11,'anonymousUser','anonymousUser','2014-05-22 05:25:51','2014-05-22 05:25:51',0,587,588,'/images/catalogue-pages//14/05/22/2-1400761550552.jpg','/images/catalogue-pages//14/05/22/thumb-2-1400761551032.jpg','/images/catalogue-pages//14/05/22/mini-2-1400761551215.jpg',1,750,640,0),(158,NULL,589,2,NULL,40,11,'anonymousUser','anonymousUser','2014-05-22 05:26:39','2014-05-22 05:26:39',0,590,591,'/images/catalogue-pages//14/05/22/3-1400761592898.jpg','/images/catalogue-pages//14/05/22/thumb-3-1400761595257.jpg','/images/catalogue-pages//14/05/22/mini-3-1400761598002.jpg',1,750,640,0),(159,NULL,592,3,NULL,40,11,'anonymousUser','anonymousUser','2014-05-22 05:26:54','2014-05-22 05:26:54',0,593,594,'/images/catalogue-pages//14/05/22/4-1400761613859.jpg','/images/catalogue-pages//14/05/22/thumb-4-1400761614067.jpg','/images/catalogue-pages//14/05/22/mini-4-1400761614146.jpg',1,750,640,0),(160,NULL,595,4,NULL,40,11,'anonymousUser','anonymousUser','2014-05-22 05:27:24','2014-05-22 05:27:24',0,596,597,'/images/catalogue-pages//14/05/22/5-1400761635987.jpg','/images/catalogue-pages//14/05/22/thumb-5-1400761636563.jpg','/images/catalogue-pages//14/05/22/mini-5-1400761641041.jpg',1,750,640,0),(161,NULL,598,5,NULL,40,11,'anonymousUser','anonymousUser','2014-05-22 05:27:46','2014-05-22 05:27:46',0,599,600,'/images/catalogue-pages//14/05/22/6-1400761666143.jpg','/images/catalogue-pages//14/05/22/thumb-6-1400761666651.jpg','/images/catalogue-pages//14/05/22/mini-6-1400761666719.jpg',1,750,640,0),(162,NULL,601,6,NULL,40,11,'anonymousUser','anonymousUser','2014-05-22 05:28:11','2014-05-22 05:28:11',0,602,603,'/images/catalogue-pages//14/05/22/7-1400761691782.jpg','/images/catalogue-pages//14/05/22/thumb-7-1400761691880.jpg','/images/catalogue-pages//14/05/22/mini-7-1400761691942.jpg',1,750,640,0),(163,NULL,604,7,NULL,40,11,'anonymousUser','anonymousUser','2014-05-22 05:28:41','2014-05-22 05:28:41',0,605,606,'/images/catalogue-pages//14/05/22/8-1400761721591.jpg','/images/catalogue-pages//14/05/22/thumb-8-1400761721683.jpg','/images/catalogue-pages//14/05/22/mini-8-1400761721755.jpg',1,750,640,0),(164,NULL,607,8,NULL,40,11,'anonymousUser','anonymousUser','2014-05-22 05:29:00','2014-05-22 05:29:00',0,608,609,'/images/catalogue-pages//14/05/22/9-1400761739688.jpg','/images/catalogue-pages//14/05/22/thumb-9-1400761740214.jpg','/images/catalogue-pages//14/05/22/mini-9-1400761740312.jpg',1,750,640,0),(165,NULL,610,9,NULL,40,11,'anonymousUser','anonymousUser','2014-05-22 05:29:44','2014-05-22 05:29:44',0,611,612,'/images/catalogue-pages//14/05/22/10-1400761784579.jpg','/images/catalogue-pages//14/05/22/thumb-10-1400761784789.jpg','/images/catalogue-pages//14/05/22/mini-10-1400761784867.jpg',1,787,673,0),(166,NULL,613,10,NULL,40,11,'anonymousUser','anonymousUser','2014-05-22 05:30:59','2014-05-22 05:30:59',0,614,615,'/images/catalogue-pages//14/05/22/11-1400761831082.jpg','/images/catalogue-pages//14/05/22/thumb-11-1400761846621.jpg','/images/catalogue-pages//14/05/22/mini-11-1400761855707.jpg',1,750,640,0);

/*Table structure for table `catalogue_store_mapping` */

DROP TABLE IF EXISTS `catalogue_store_mapping`;

CREATE TABLE `catalogue_store_mapping` (
  `id` int(11) NOT NULL AUTO_INCREMENT,
  `catalogue_id` int(11) DEFAULT NULL,
  `store_id` int(11) DEFAULT NULL,
  `name` varchar(10) DEFAULT NULL,
  `retailer_id` int(11) DEFAULT NULL,
  `createdBy` varchar(50) DEFAULT NULL,
  `updatedBy` varchar(50) NOT NULL,
  `createdDate` timestamp NULL DEFAULT CURRENT_TIMESTAMP,
  `updatedDate` timestamp NULL DEFAULT '2013-01-01 00:00:01',
  `version` int(11) DEFAULT NULL,
  PRIMARY KEY (`id`),
  KEY `fk_catalogue_store_mapping_catalogue` (`catalogue_id`),
  KEY `fk_catalogue_store_mapping_store` (`store_id`),
  KEY `fk_catalogue_store_mapping_retailer` (`retailer_id`),
  CONSTRAINT `fk_catalogue_store_mapping_catalogue` FOREIGN KEY (`catalogue_id`) REFERENCES `catalogue` (`id`),
  CONSTRAINT `fk_catalogue_store_mapping_retailer` FOREIGN KEY (`retailer_id`) REFERENCES `retailer` (`id`),
  CONSTRAINT `fk_catalogue_store_mapping_store` FOREIGN KEY (`store_id`) REFERENCES `store` (`id`)
) ENGINE=InnoDB AUTO_INCREMENT=67 DEFAULT CHARSET=latin1;

/*Data for the table `catalogue_store_mapping` */

insert  into `catalogue_store_mapping`(`id`,`catalogue_id`,`store_id`,`name`,`retailer_id`,`createdBy`,`updatedBy`,`createdDate`,`updatedDate`,`version`) values (20,10,9,NULL,14,'anonymousUser','anonymousUser','2014-05-01 01:41:21','2014-05-01 01:41:21',0),(21,10,10,NULL,14,'anonymousUser','anonymousUser','2014-05-01 01:41:21','2014-05-01 01:41:21',0),(22,12,19,NULL,13,'anonymousUser','anonymousUser','2014-05-02 23:17:34','2014-05-02 23:17:34',0),(29,13,11,NULL,11,'anonymousUser','anonymousUser','2014-05-02 23:44:41','2014-05-02 23:44:41',0),(30,13,12,NULL,11,'anonymousUser','anonymousUser','2014-05-02 23:44:41','2014-05-02 23:44:41',0),(31,13,13,NULL,11,'anonymousUser','anonymousUser','2014-05-02 23:44:41','2014-05-02 23:44:41',0),(32,16,23,NULL,12,'anonymousUser','anonymousUser','2014-05-02 23:58:51','2014-05-02 23:58:51',0),(33,16,24,NULL,12,'anonymousUser','anonymousUser','2014-05-02 23:58:51','2014-05-02 23:58:51',0),(34,17,16,NULL,11,'anonymousUser','anonymousUser','2014-05-03 00:43:01','2014-05-03 00:43:01',0),(35,17,17,NULL,11,'anonymousUser','anonymousUser','2014-05-03 00:43:01','2014-05-03 00:43:01',0),(36,18,20,NULL,15,'anonymousUser','anonymousUser','2014-05-03 01:20:53','2014-05-03 01:20:53',0),(37,18,21,NULL,15,'anonymousUser','anonymousUser','2014-05-03 01:21:00','2014-05-03 01:21:00',0),(38,18,22,NULL,15,'anonymousUser','anonymousUser','2014-05-03 01:21:01','2014-05-03 01:21:01',0),(39,19,23,NULL,12,'anonymousUser','anonymousUser','2014-05-03 05:03:05','2014-05-03 05:03:05',0),(40,20,24,NULL,12,'anonymousUser','anonymousUser','2014-05-03 09:25:09','2014-05-03 09:25:09',0),(41,21,11,NULL,11,'anonymousUser','anonymousUser','2014-05-04 06:50:00','2014-05-04 06:50:00',0),(42,21,12,NULL,11,'anonymousUser','anonymousUser','2014-05-04 06:50:00','2014-05-04 06:50:00',0),(43,21,13,NULL,11,'anonymousUser','anonymousUser','2014-05-04 23:42:03','2014-05-04 23:42:03',0),(44,22,25,NULL,16,'anonymousUser','anonymousUser','2014-05-11 00:14:00','2014-05-11 00:14:00',0),(45,23,25,NULL,16,'anonymousUser','anonymousUser','2014-05-13 02:37:23','2014-05-13 02:37:23',0),(46,25,25,NULL,16,'anonymousUser','anonymousUser','2014-05-13 21:54:39','2014-05-13 21:54:39',0),(47,29,11,NULL,11,'anonymousUser','anonymousUser','2014-05-17 11:40:47','2014-05-17 11:40:47',0),(48,29,12,NULL,11,'anonymousUser','anonymousUser','2014-05-17 11:40:47','2014-05-17 11:40:47',0),(49,29,13,NULL,11,'anonymousUser','anonymousUser','2014-05-17 11:40:47','2014-05-17 11:40:47',0),(50,30,12,NULL,11,'anonymousUser','anonymousUser','2014-05-17 11:45:31','2014-05-17 11:45:31',0),(51,30,13,NULL,11,'anonymousUser','anonymousUser','2014-05-17 11:45:31','2014-05-17 11:45:31',0),(52,31,25,NULL,16,'anonymousUser','anonymousUser','2014-05-17 11:49:20','2014-05-17 11:49:20',0),(53,32,16,NULL,11,'anonymousUser','anonymousUser','2014-05-21 22:57:37','2014-05-21 22:57:37',0),(54,32,17,NULL,11,'anonymousUser','anonymousUser','2014-05-21 22:57:37','2014-05-21 22:57:37',0),(55,33,9,NULL,14,'anonymousUser','anonymousUser','2014-05-21 23:44:25','2014-05-21 23:44:25',0),(56,33,10,NULL,14,'anonymousUser','anonymousUser','2014-05-21 23:44:25','2014-05-21 23:44:25',0),(57,34,9,NULL,14,'anonymousUser','anonymousUser','2014-05-22 04:22:31','2014-05-22 04:22:31',0),(58,34,10,NULL,14,'anonymousUser','anonymousUser','2014-05-22 04:22:31','2014-05-22 04:22:31',0),(59,35,24,NULL,12,'anonymousUser','anonymousUser','2014-05-22 04:36:31','2014-05-22 04:36:31',0),(60,36,19,NULL,13,'anonymousUser','anonymousUser','2014-05-22 04:41:30','2014-05-22 04:41:30',0),(61,37,25,NULL,16,'anonymousUser','anonymousUser','2014-05-22 04:46:35','2014-05-22 04:46:35',0),(62,38,20,NULL,15,'anonymousUser','anonymousUser','2014-05-22 05:02:08','2014-05-22 05:02:08',0),(63,38,21,NULL,15,'anonymousUser','anonymousUser','2014-05-22 05:02:08','2014-05-22 05:02:08',0),(64,38,22,NULL,15,'anonymousUser','anonymousUser','2014-05-22 05:02:08','2014-05-22 05:02:08',0),(65,39,24,NULL,12,'anonymousUser','anonymousUser','2014-05-22 05:18:41','2014-05-22 05:18:41',0),(66,40,26,NULL,11,'anonymousUser','anonymousUser','2014-05-22 05:25:14','2014-05-22 05:25:14',0);

/*Table structure for table `deal` */

DROP TABLE IF EXISTS `deal`;

CREATE TABLE `deal` (
  `id` int(11) NOT NULL AUTO_INCREMENT,
  `name` varchar(150) DEFAULT NULL,
  `code` varchar(20) DEFAULT NULL,
  `photo` int(11) DEFAULT NULL,
  `product_id` int(11) DEFAULT NULL,
  `page_id` int(11) DEFAULT NULL,
  `brand_id` int(11) DEFAULT NULL,
  `catalogue_id` int(11) DEFAULT NULL,
  `category_id` int(11) DEFAULT NULL,
  `subcategory_id` int(11) DEFAULT NULL,
  `retailer_id` int(11) DEFAULT NULL,
  `expiry_date` datetime DEFAULT NULL,
  `type` varchar(50) DEFAULT NULL,
  `createdBy` varchar(50) DEFAULT NULL,
  `updatedBy` varchar(50) DEFAULT NULL,
  `createdDate` timestamp NULL DEFAULT CURRENT_TIMESTAMP,
  `updatedDate` timestamp NULL DEFAULT '2013-01-01 00:00:01',
  `version` int(11) DEFAULT NULL,
  `premium` tinyint(1) DEFAULT NULL,
  `photo_path` varchar(160) DEFAULT NULL,
  `photo_catalogue_mini_path` varchar(180) DEFAULT NULL,
  `photo_catalogue_mini` int(11) DEFAULT NULL,
  `photo_catalogue_thumb` int(11) DEFAULT NULL,
  `photo_catalogue_thumb_path` varchar(180) DEFAULT NULL,
  `enabled` tinyint(1) DEFAULT '1',
  `count` int(11) DEFAULT '0',
  PRIMARY KEY (`id`),
  KEY `fk_deal_product` (`product_id`),
  KEY `fk_deal_page` (`page_id`),
  KEY `fk_deal_brand` (`brand_id`),
  KEY `fk_deal_catalogue` (`catalogue_id`),
  KEY `fk_deal_category` (`category_id`),
  KEY `fk_deal_subcategory` (`subcategory_id`),
  KEY `fk_deal_retailer` (`retailer_id`),
  KEY `fk_deal_photo` (`photo`),
  KEY `fk_deal_photo_catalogue_mini` (`photo_catalogue_mini`),
  KEY `fk_deal_photo_catalogue_thumb` (`photo_catalogue_thumb`),
  CONSTRAINT `fk_deal_brand` FOREIGN KEY (`brand_id`) REFERENCES `master_brand` (`id`),
  CONSTRAINT `fk_deal_catalogue` FOREIGN KEY (`catalogue_id`) REFERENCES `catalogue` (`id`),
  CONSTRAINT `fk_deal_category` FOREIGN KEY (`category_id`) REFERENCES `master_category` (`id`),
  CONSTRAINT `fk_deal_photo` FOREIGN KEY (`photo`) REFERENCES `filestore` (`id`),
  CONSTRAINT `fk_deal_photo_catalogue_mini` FOREIGN KEY (`photo_catalogue_mini`) REFERENCES `filestore` (`id`),
  CONSTRAINT `fk_deal_photo_catalogue_thumb` FOREIGN KEY (`photo_catalogue_thumb`) REFERENCES `filestore` (`id`),
  CONSTRAINT `fk_deal_product` FOREIGN KEY (`product_id`) REFERENCES `master_product` (`id`),
  CONSTRAINT `fk_deal_retailer` FOREIGN KEY (`retailer_id`) REFERENCES `retailer` (`id`),
  CONSTRAINT `fk_deal_subcategory` FOREIGN KEY (`subcategory_id`) REFERENCES `master_subcategory` (`id`)
) ENGINE=InnoDB AUTO_INCREMENT=225 DEFAULT CHARSET=latin1;

/*Data for the table `deal` */

insert  into `deal`(`id`,`name`,`code`,`photo`,`product_id`,`page_id`,`brand_id`,`catalogue_id`,`category_id`,`subcategory_id`,`retailer_id`,`expiry_date`,`type`,`createdBy`,`updatedBy`,`createdDate`,`updatedDate`,`version`,`premium`,`photo_path`,`photo_catalogue_mini_path`,`photo_catalogue_mini`,`photo_catalogue_thumb`,`photo_catalogue_thumb_path`,`enabled`,`count`) values (25,'VU LED TV (127 cm) + 24\" VU LED TV','',78,235,0,6,10,1,17,14,'2014-05-11 00:00:00','DEAL','anonymousUser','anonymousUser','2014-05-02 06:41:23','2014-05-02 06:41:23',0,0,'/images/deals/14/05/01/Croma deal 1.JPG','/images/catalogue-pages//14/05/01/mini-00001.jpg',76,76,'/images/catalogue-pages//14/05/01/thumb-00001.jpg',1,0),(26,'Samsung Refrigerator (256L)','',93,252,0,7,10,1,12,14,'2014-05-11 00:00:00','DEAL','anonymousUser','anonymousUser','2014-05-02 06:41:23','2014-05-02 06:41:23',0,1,'/images/deals/14/05/01/Croma Ref deal-1398941273714.JPG',NULL,NULL,NULL,NULL,1,0),(27,'Croma 3G Calling Tablet','',NULL,256,0,14,10,1,14,14,'2014-05-11 00:00:00','DEAL','anonymousUser','anonymousUser','2014-05-02 06:41:23','2014-05-02 06:41:23',0,0,NULL,NULL,NULL,NULL,NULL,1,0),(28,'Canon 60D (18-55 mm, 18 MP)','',NULL,214,0,14,10,1,7,14,'2014-05-11 00:00:00','DEAL','anonymousUser','anonymousUser','2014-05-02 06:41:23','2014-05-02 06:41:23',0,0,NULL,NULL,NULL,NULL,NULL,1,0),(29,'',NULL,NULL,NULL,1,NULL,10,1,NULL,14,'2014-05-11 00:00:00','DEAL','anonymousUser',NULL,'2014-05-01 02:44:14','2013-01-01 00:00:01',NULL,0,NULL,NULL,NULL,NULL,NULL,1,0),(30,'',NULL,NULL,NULL,2,NULL,10,1,NULL,14,'2014-05-11 00:00:00','DEAL','anonymousUser',NULL,'2014-05-01 02:44:14','2013-01-01 00:00:01',NULL,0,NULL,NULL,NULL,NULL,NULL,1,0),(31,'LG UHD LED TV (165 cm)','',NULL,235,3,9,10,1,17,14,'2014-05-11 00:00:00','DEAL','anonymousUser','anonymousUser','2014-05-01 03:56:39','2014-05-01 03:56:39',0,1,NULL,NULL,NULL,NULL,NULL,1,0),(32,'Samsung UHD LED TV (165 cm)','',NULL,235,3,7,10,1,17,14,'2014-05-11 00:00:00','DEAL','anonymousUser','anonymousUser','2014-05-01 03:56:39','2014-05-01 03:56:39',0,1,NULL,NULL,NULL,NULL,NULL,1,0),(33,'Sony UHD LED TV (165 cm)','',NULL,235,3,8,10,1,17,14,'2014-05-11 00:00:00','DEAL','anonymousUser','anonymousUser','2014-05-01 03:56:39','2014-05-01 03:56:39',0,0,NULL,NULL,NULL,NULL,NULL,1,0),(34,'LG UHD LED TV (139 cm)','',NULL,235,3,9,10,1,17,14,'2014-05-11 00:00:00','DEAL','anonymousUser','anonymousUser','2014-05-01 03:56:39','2014-05-01 03:56:39',0,0,NULL,NULL,NULL,NULL,NULL,1,0),(35,'Samsung UHD LED TV (139 cm)','',NULL,235,3,7,10,1,17,14,'2014-05-11 00:00:00','DEAL','anonymousUser','anonymousUser','2014-05-01 03:56:39','2014-05-01 03:56:39',0,0,NULL,NULL,NULL,NULL,NULL,1,0),(36,'Sony UHD LED TV (139 cm)','',NULL,235,3,8,10,1,17,14,'2014-05-11 00:00:00','DEAL','anonymousUser','anonymousUser','2014-05-01 03:56:39','2014-05-01 03:56:39',0,1,NULL,NULL,NULL,NULL,NULL,1,0),(37,'Samsung HD LED TV (139 cm)','',NULL,235,3,7,10,1,17,14,'2014-05-11 00:00:00','DEAL','anonymousUser','anonymousUser','2014-05-01 03:56:39','2014-05-01 03:56:39',0,1,NULL,NULL,NULL,NULL,NULL,1,0),(38,'LG HD LED TV (139 cm)','',NULL,235,3,9,10,1,17,14,'2014-05-11 00:00:00','DEAL','anonymousUser','anonymousUser','2014-05-01 03:56:39','2014-05-01 03:56:39',0,0,NULL,NULL,NULL,NULL,NULL,1,0),(39,'Sony HD LED TV (139 cm)','',NULL,235,3,8,10,1,17,14,'2014-05-11 00:00:00','DEAL','anonymousUser','anonymousUser','2014-05-01 03:56:39','2014-05-01 03:56:39',0,0,NULL,NULL,NULL,NULL,NULL,1,0),(40,'Samsung HD LED TV (117 cm)','',NULL,235,3,7,10,1,17,14,'2014-05-11 00:00:00','DEAL','anonymousUser','anonymousUser','2014-05-01 03:56:39','2014-05-01 03:56:39',0,1,NULL,NULL,NULL,NULL,NULL,1,0),(41,'Sony HD LED TV (117 cm)','',NULL,195,3,8,10,1,12,14,'2014-05-11 00:00:00','DEAL','anonymousUser','anonymousUser','2014-05-01 03:56:39','2014-05-01 03:56:39',0,1,NULL,NULL,NULL,NULL,NULL,1,0),(42,'LG HD LED TV (119 cm)','',NULL,235,3,9,10,1,17,14,'2014-05-11 00:00:00','DEAL','anonymousUser','anonymousUser','2014-05-01 03:56:39','2014-05-01 03:56:39',0,0,NULL,NULL,NULL,NULL,NULL,1,0),(43,'Sony HD LED TV (117 cm)','',NULL,235,3,8,10,1,17,14,'2014-05-11 00:00:00','DEAL','anonymousUser','anonymousUser','2014-05-01 03:56:39','2014-05-01 03:56:39',0,0,NULL,NULL,NULL,NULL,NULL,1,0),(44,'Samsung HD LED TV (117 cm)','',NULL,235,3,7,10,1,17,14,'2014-05-11 00:00:00','DEAL','anonymousUser','anonymousUser','2014-05-01 03:56:39','2014-05-01 03:56:39',0,0,NULL,NULL,NULL,NULL,NULL,1,0),(45,'VU LED TV (102 cm)','',NULL,235,3,6,10,1,17,14,'2014-05-11 00:00:00','DEAL','anonymousUser','anonymousUser','2014-05-01 03:56:39','2014-05-01 03:56:39',0,0,NULL,NULL,NULL,NULL,NULL,1,0),(46,'Sony HD LED TV (107 cm)','',NULL,235,4,8,10,1,17,14,'2014-05-11 00:00:00','DEAL','anonymousUser',NULL,'2014-05-01 02:44:14','2013-01-01 00:00:01',NULL,0,NULL,NULL,NULL,NULL,NULL,1,0),(47,'LG HD LED TV (107 cm)','',NULL,235,4,9,10,1,17,14,'2014-05-11 00:00:00','DEAL','anonymousUser',NULL,'2014-05-01 02:44:14','2013-01-01 00:00:01',NULL,0,NULL,NULL,NULL,NULL,NULL,1,0),(48,'Samsung HD LED TV (101 cm)','',NULL,235,4,7,10,1,17,14,'2014-05-11 00:00:00','DEAL','anonymousUser',NULL,'2014-05-01 02:44:14','2013-01-01 00:00:01',NULL,0,NULL,NULL,NULL,NULL,NULL,1,0),(49,'LG Smart LED TV (107 cm)','',NULL,235,4,9,10,1,17,14,'2014-05-11 00:00:00','DEAL','anonymousUser',NULL,'2014-05-01 02:44:14','2013-01-01 00:00:01',NULL,0,NULL,NULL,NULL,NULL,NULL,1,0),(50,'Samsung LED TV (101 cm)','',NULL,235,4,7,10,1,17,14,'2014-05-11 00:00:00','DEAL','anonymousUser',NULL,'2014-05-01 02:44:14','2013-01-01 00:00:01',NULL,0,NULL,NULL,NULL,NULL,NULL,1,0),(51,'Sony LED TV (102 cm)','',NULL,235,4,8,10,1,17,14,'2014-05-11 00:00:00','DEAL','anonymousUser',NULL,'2014-05-01 02:44:14','2013-01-01 00:00:01',NULL,0,NULL,NULL,NULL,NULL,NULL,1,0),(52,'Panasonic LED TV (99 cm)','',NULL,235,4,13,10,1,17,14,'2014-05-11 00:00:00','DEAL','anonymousUser',NULL,'2014-05-01 02:44:14','2013-01-01 00:00:01',NULL,0,NULL,NULL,NULL,NULL,NULL,1,0),(53,'Sony LED TV (81 cm)','',NULL,235,4,8,10,1,17,14,'2014-05-11 00:00:00','DEAL','anonymousUser',NULL,'2014-05-01 02:44:14','2013-01-01 00:00:01',NULL,0,NULL,NULL,NULL,NULL,NULL,1,0),(54,'LG Smart LED TV (80 cm)','',NULL,235,4,9,10,1,17,14,'2014-05-11 00:00:00','DEAL','anonymousUser',NULL,'2014-05-01 02:44:14','2013-01-01 00:00:01',NULL,0,NULL,NULL,NULL,NULL,NULL,1,0),(55,'Samsung LED TV (81 cm)','',NULL,235,4,7,10,1,17,14,'2014-05-11 00:00:00','DEAL','anonymousUser',NULL,'2014-05-01 02:44:14','2013-01-01 00:00:01',NULL,0,NULL,NULL,NULL,NULL,NULL,1,0),(56,'Sony LED TV (81 cm)','',NULL,235,4,8,10,1,17,14,'2014-05-11 00:00:00','DEAL','anonymousUser',NULL,'2014-05-01 02:44:14','2013-01-01 00:00:01',NULL,0,NULL,NULL,NULL,NULL,NULL,1,0),(57,'Samsung LED TV (81 cm)','',NULL,235,4,7,10,1,17,14,'2014-05-11 00:00:00','DEAL','anonymousUser',NULL,'2014-05-01 02:44:14','2013-01-01 00:00:01',NULL,0,NULL,NULL,NULL,NULL,NULL,1,0),(58,'LG LED TV (81 cm)','',NULL,235,4,9,10,1,17,14,'2014-05-11 00:00:00','DEAL','anonymousUser',NULL,'2014-05-01 02:44:14','2013-01-01 00:00:01',NULL,0,NULL,NULL,NULL,NULL,NULL,1,0),(59,'Panasonic LED TV (81 cm)','',NULL,235,4,13,10,1,17,14,'2014-05-11 00:00:00','DEAL','anonymousUser',NULL,'2014-05-01 02:44:14','2013-01-01 00:00:01',NULL,0,NULL,NULL,NULL,NULL,NULL,1,0),(60,'Panasonic LED TV (81 cm)','',NULL,235,4,13,10,1,17,14,'2014-05-11 00:00:00','DEAL','anonymousUser',NULL,'2014-05-01 02:44:14','2013-01-01 00:00:01',NULL,0,NULL,NULL,NULL,NULL,NULL,1,0),(89,'test','',NULL,195,0,6,10,1,12,14,'2014-05-11 00:00:00','DEAL','anonymousUser','anonymousUser','2014-05-02 06:41:23','2014-05-02 06:41:23',0,NULL,NULL,NULL,NULL,NULL,NULL,1,0),(90,'Rang Manch Kurta','',102,68,1,15,12,2,30,13,'2014-05-11 00:00:00','PRODUCT','anonymousUser','anonymousUser','2014-05-02 23:29:13','2014-05-02 23:29:13',0,1,'/images/deals/14/05/02/Rang manch.JPG','/images/catalogue-pages//14/05/02/mini-00004.jpg',100,100,'/images/catalogue-pages//14/05/02/thumb-00004.jpg',1,0),(91,'Rang Manch Dupatta','',NULL,62,1,15,12,2,30,13,'2014-05-11 00:00:00','PRODUCT','anonymousUser','anonymousUser','2014-05-02 23:29:13','2014-05-02 23:29:13',0,0,NULL,NULL,NULL,NULL,NULL,1,0),(92,'Rang Manch Knit Churidar','',NULL,72,1,15,12,2,30,13,'2014-05-11 00:00:00','PRODUCT','anonymousUser','anonymousUser','2014-05-02 23:29:13','2014-05-02 23:29:13',0,0,NULL,NULL,NULL,NULL,NULL,1,0),(93,'Jaipuri Block Printed Elegant High Low Anarkali with Churidar & Dupatta','',106,83,2,15,12,2,30,13,'2014-05-11 00:00:00','PRODUCT','anonymousUser','anonymousUser','2014-05-02 23:31:29','2014-05-02 23:31:29',0,NULL,'/images/deals/14/05/02/Suit set deal.JPG','/images/catalogue-pages//14/05/02/mini-00005.jpg',104,104,'/images/catalogue-pages//14/05/02/thumb-00005.jpg',1,0),(94,'Kalamkari art inspired Kurti','',NULL,68,3,15,12,2,30,13,'2014-05-11 00:00:00','DEAL','anonymousUser','anonymousUser','2014-05-02 23:33:17','2014-05-02 23:33:17',0,0,NULL,'/images/catalogue-pages//14/05/02/mini-00006.jpg',108,108,'/images/catalogue-pages//14/05/02/thumb-00006.jpg',1,0),(95,'Leggings with a snug fit','',NULL,66,3,15,12,2,30,13,'2014-05-11 00:00:00','DEAL','anonymousUser','anonymousUser','2014-05-02 23:33:17','2014-05-02 23:33:17',0,0,NULL,'/images/catalogue-pages//14/05/02/mini-00006.jpg',108,108,'/images/catalogue-pages//14/05/02/thumb-00006.jpg',1,0),(96,'Mosaic Muse Top','',NULL,90,4,15,12,2,30,13,'2014-05-11 00:00:00','DEAL','anonymousUser','anonymousUser','2014-05-02 23:35:51','2014-05-02 23:35:51',0,0,NULL,'/images/catalogue-pages//14/05/02/mini-00007.jpg',113,113,'/images/catalogue-pages//14/05/02/thumb-00007.jpg',1,0),(97,'The confident slim fit pant','',NULL,93,4,15,12,2,30,13,'2014-05-11 00:00:00','DEAL','anonymousUser','anonymousUser','2014-05-02 23:35:51','2014-05-02 23:35:51',0,0,NULL,'/images/catalogue-pages//14/05/02/mini-00007.jpg',113,113,'/images/catalogue-pages//14/05/02/thumb-00007.jpg',1,0),(98,'Chic Georgette Blouson Dress','',NULL,61,5,15,12,2,30,13,'2014-05-11 00:00:00','DEAL','anonymousUser','anonymousUser','2014-05-02 23:38:31','2014-05-02 23:38:31',0,0,NULL,'/images/catalogue-pages//14/05/02/mini-00009.jpg',116,116,'/images/catalogue-pages//14/05/02/thumb-00009.jpg',1,0),(99,'LOOK in 898','',NULL,24,1,11,16,2,29,12,'2014-07-25 00:00:00','PRODUCT','anonymousUser','anonymousUser','2014-07-06 16:57:44','2014-07-06 16:57:44',0,1,NULL,'/images/catalogue-pages//14/05/03/mini-3.jpg',132,132,'/images/catalogue-pages//14/05/03/thumb-3.jpg',1,0),(100,'LOOK in 898','',NULL,26,1,11,16,2,29,12,'2014-07-18 00:00:00','PRODUCT','anonymousUser','anonymousUser','2014-07-06 16:57:44','2014-07-06 16:57:44',0,1,NULL,'/images/catalogue-pages//14/05/03/mini-3.jpg',132,132,'/images/catalogue-pages//14/05/03/thumb-3.jpg',1,0),(101,'Tajmahal Tea 1 kg ','',129,104,0,NULL,13,10,18,11,'2014-05-11 00:00:00','DEAL','anonymousUser','anonymousUser','2014-05-04 05:59:45','2014-05-04 05:59:45',0,0,'/images/deals/14/05/03/Taj mahal.JPG','/images/catalogue-pages//14/05/03/mini-Groceries 1.JPG',127,127,'/images/catalogue-pages//14/05/03/thumb-Groceries 1.JPG',1,0),(102,'Vim Gel 1.5 L','',NULL,117,0,NULL,13,10,19,11,'2014-05-11 00:00:00','DEAL','anonymousUser','anonymousUser','2014-05-04 05:59:45','2014-05-04 05:59:45',0,0,NULL,'/images/catalogue-pages//14/05/03/mini-Groceries 1.JPG',127,127,'/images/catalogue-pages//14/05/03/thumb-Groceries 1.JPG',1,0),(103,'Detol 900 Ml','',NULL,146,0,NULL,13,10,20,11,'2014-05-11 00:00:00','DEAL','anonymousUser','anonymousUser','2014-05-04 05:59:45','2014-05-04 05:59:45',0,0,NULL,'/images/catalogue-pages//14/05/03/mini-Groceries 1.JPG',127,127,'/images/catalogue-pages//14/05/03/thumb-Groceries 1.JPG',1,0),(104,'Tilda 1Kg','',NULL,103,0,NULL,13,10,18,11,'2014-05-11 00:00:00','DEAL','anonymousUser','anonymousUser','2014-05-04 05:59:45','2014-05-04 05:59:45',0,0,NULL,'/images/catalogue-pages//14/05/03/mini-Groceries 1.JPG',127,127,'/images/catalogue-pages//14/05/03/thumb-Groceries 1.JPG',1,0),(105,'Maggie Ketchup 1Kg','',NULL,97,0,NULL,13,10,18,11,'2014-05-11 00:00:00','DEAL','anonymousUser','anonymousUser','2014-05-04 05:59:45','2014-05-04 05:59:45',0,0,NULL,'/images/catalogue-pages//14/05/03/mini-Groceries 1.JPG',127,127,'/images/catalogue-pages//14/05/03/thumb-Groceries 1.JPG',1,0),(106,'Dawat 1 kg rice','',NULL,103,0,NULL,13,10,18,11,'2014-05-11 00:00:00','DEAL','anonymousUser','anonymousUser','2014-05-04 05:59:45','2014-05-04 05:59:45',0,0,NULL,'/images/catalogue-pages//14/05/03/mini-Groceries 1.JPG',127,127,'/images/catalogue-pages//14/05/03/thumb-Groceries 1.JPG',1,0),(107,'Jivo Canola Oil 2 L','',130,105,0,NULL,13,10,18,11,'2014-05-11 00:00:00','DEAL','anonymousUser','anonymousUser','2014-05-04 05:59:45','2014-05-04 05:59:45',0,0,'/images/deals/14/05/03/Jivo Canola.JPG','/images/catalogue-pages//14/05/03/mini-Groceries 1.JPG',127,127,'/images/catalogue-pages//14/05/03/thumb-Groceries 1.JPG',1,0),(108,'Sunsilk Shampoo 650 ML','',NULL,170,0,NULL,13,10,23,11,'2014-05-11 00:00:00','DEAL','anonymousUser','anonymousUser','2014-05-04 05:59:45','2014-05-04 05:59:45',0,0,NULL,'/images/catalogue-pages//14/05/03/mini-Groceries 1.JPG',127,127,'/images/catalogue-pages//14/05/03/thumb-Groceries 1.JPG',1,0),(109,'Air Wick Freshner','',NULL,127,0,NULL,13,10,19,11,'2014-05-11 00:00:00','DEAL','anonymousUser','anonymousUser','2014-05-04 05:59:45','2014-05-04 05:59:45',0,0,NULL,'/images/catalogue-pages//14/05/03/mini-Groceries 1.JPG',127,127,'/images/catalogue-pages//14/05/03/thumb-Groceries 1.JPG',1,0),(110,'All out pack of 3','',NULL,127,0,NULL,13,10,19,11,'2014-05-11 00:00:00','DEAL','anonymousUser','anonymousUser','2014-05-04 05:59:45','2014-05-04 05:59:45',0,0,NULL,'/images/catalogue-pages//14/05/03/mini-Groceries 1.JPG',127,127,'/images/catalogue-pages//14/05/03/thumb-Groceries 1.JPG',1,0),(111,'Look in 798','',NULL,23,2,11,16,2,29,12,'2014-05-11 00:00:00','DEAL','anonymousUser','anonymousUser','2014-05-03 00:15:47','2014-05-03 00:15:47',0,0,NULL,'/images/catalogue-pages//14/05/03/mini-4.jpg',135,135,'/images/catalogue-pages//14/05/03/thumb-4.jpg',1,0),(112,'Look in 798','',NULL,24,2,11,16,2,29,12,'2014-05-11 00:00:00','DEAL','anonymousUser','anonymousUser','2014-05-03 00:15:47','2014-05-03 00:15:47',0,0,NULL,'/images/catalogue-pages//14/05/03/mini-4.jpg',135,135,'/images/catalogue-pages//14/05/03/thumb-4.jpg',1,0),(113,'Look in 649','',NULL,33,2,11,16,2,29,12,'2014-05-11 00:00:00','PRODUCT','anonymousUser','anonymousUser','2014-05-03 00:15:47','2014-05-03 00:15:47',0,0,NULL,NULL,NULL,NULL,NULL,1,0),(114,'Look in 649','',NULL,24,2,11,16,2,29,12,'2014-05-11 00:00:00','DEAL','anonymousUser','anonymousUser','2014-05-03 00:15:47','2014-05-03 00:15:47',0,0,NULL,NULL,NULL,NULL,NULL,1,0),(115,'Look in 898','',NULL,25,2,11,16,2,29,12,'2014-05-11 00:00:00','PRODUCT','anonymousUser','anonymousUser','2014-05-03 00:15:47','2014-05-03 00:15:47',0,0,NULL,NULL,NULL,NULL,NULL,1,0),(116,'Look in 898','',NULL,26,2,11,16,2,29,12,'2014-05-11 00:00:00','PRODUCT','anonymousUser','anonymousUser','2014-05-03 00:15:47','2014-05-03 00:15:47',0,0,NULL,NULL,NULL,NULL,NULL,1,0),(117,'Dabur chyawanprash 500gm','',NULL,109,1,14,13,10,18,11,'2014-05-11 00:00:00','DEAL','anonymousUser','anonymousUser','2014-05-03 00:26:24','2014-05-03 00:26:24',0,0,NULL,'/images/catalogue-pages//14/05/03/mini-Groceries 2.JPG',138,138,'/images/catalogue-pages//14/05/03/thumb-Groceries 2.JPG',1,0),(118,'Red Bull 250 ML','',NULL,112,1,14,13,10,18,11,'2014-05-11 00:00:00','DEAL','anonymousUser','anonymousUser','2014-05-03 00:26:24','2014-05-03 00:26:24',0,0,NULL,'/images/catalogue-pages//14/05/03/mini-Groceries 2.JPG',138,138,'/images/catalogue-pages//14/05/03/thumb-Groceries 2.JPG',1,0),(119,'Tide 4 Kg','',NULL,117,1,14,13,10,19,11,'2014-05-11 00:00:00','DEAL','anonymousUser','anonymousUser','2014-05-03 00:26:24','2014-05-03 00:26:24',0,0,NULL,'/images/catalogue-pages//14/05/03/mini-Groceries 2.JPG',138,138,'/images/catalogue-pages//14/05/03/thumb-Groceries 2.JPG',1,0),(120,'Delmonte extra virgin oiL','',140,105,1,14,13,10,18,11,'2014-05-11 00:00:00','DEAL','anonymousUser','anonymousUser','2014-05-03 00:26:24','2014-05-03 00:26:24',0,NULL,'/images/deals/14/05/03/Delmonte.JPG','/images/catalogue-pages//14/05/03/mini-Groceries 2.JPG',138,138,'/images/catalogue-pages//14/05/03/thumb-Groceries 2.JPG',1,0),(121,'Polyset Basket set of 3','',NULL,137,1,14,13,10,19,11,'2014-05-11 00:00:00','DEAL','anonymousUser','anonymousUser','2014-05-03 00:26:24','2014-05-03 00:26:24',0,0,NULL,'/images/catalogue-pages//14/05/03/mini-Groceries 2.JPG',138,138,'/images/catalogue-pages//14/05/03/thumb-Groceries 2.JPG',1,0),(122,'Kohinoor basmati rice 5kg','',NULL,103,1,14,13,10,18,11,'2014-05-11 00:00:00','DEAL','anonymousUser','anonymousUser','2014-05-03 00:26:24','2014-05-03 00:26:24',0,0,NULL,'/images/catalogue-pages//14/05/03/mini-Groceries 2.JPG',138,138,'/images/catalogue-pages//14/05/03/thumb-Groceries 2.JPG',1,0),(123,'Figaro olive oil 1L','',NULL,105,1,14,13,10,18,11,'2014-05-11 00:00:00','DEAL','anonymousUser','anonymousUser','2014-05-03 00:26:24','2014-05-03 00:26:24',0,0,NULL,'/images/catalogue-pages//14/05/03/mini-Groceries 2.JPG',138,138,'/images/catalogue-pages//14/05/03/thumb-Groceries 2.JPG',1,0),(124,'Aashirwad aata 10 kg','',NULL,106,1,14,13,10,18,11,'2014-05-11 00:00:00','DEAL','anonymousUser','anonymousUser','2014-05-03 00:26:24','2014-05-03 00:26:24',0,0,NULL,'/images/catalogue-pages//14/05/03/mini-Groceries 2.JPG',138,138,'/images/catalogue-pages//14/05/03/thumb-Groceries 2.JPG',1,0),(125,'Jivo canola cooking oil 2','',NULL,105,1,14,13,10,18,11,'2014-05-11 00:00:00','DEAL','anonymousUser','anonymousUser','2014-05-03 00:26:24','2014-05-03 00:26:24',0,0,NULL,'/images/catalogue-pages//14/05/03/mini-Groceries 2.JPG',138,138,'/images/catalogue-pages//14/05/03/thumb-Groceries 2.JPG',1,0),(126,'Fun foods classic mayonni','',141,113,1,14,13,10,18,11,'2014-05-11 00:00:00','DEAL','anonymousUser','anonymousUser','2014-05-03 00:26:24','2014-05-03 00:26:24',0,NULL,'/images/deals/14/05/03/Classic Myonnise.JPG','/images/catalogue-pages//14/05/03/mini-Groceries 2.JPG',138,138,'/images/catalogue-pages//14/05/03/thumb-Groceries 2.JPG',1,0),(127,'Tropicana juice pack of 3','',NULL,112,1,14,13,10,18,11,'2014-05-11 00:00:00','DEAL','anonymousUser','anonymousUser','2014-05-03 00:26:24','2014-05-03 00:26:24',0,0,NULL,'/images/catalogue-pages//14/05/03/mini-Groceries 2.JPG',138,138,'/images/catalogue-pages//14/05/03/thumb-Groceries 2.JPG',1,0),(128,'Dunar fusion Basmati rice','',NULL,103,1,6,13,10,18,11,'2014-05-11 00:00:00','DEAL','anonymousUser','anonymousUser','2014-05-03 00:26:24','2014-05-03 00:26:24',0,0,NULL,'/images/catalogue-pages//14/05/03/mini-Groceries 2.JPG',138,138,'/images/catalogue-pages//14/05/03/thumb-Groceries 2.JPG',1,0),(130,'Nescafe classic 100gm','',NULL,104,2,14,13,10,18,11,'2014-05-11 00:00:00','DEAL','anonymousUser','anonymousUser','2014-05-03 00:32:57','2014-05-03 00:32:57',0,0,NULL,'/images/catalogue-pages//14/05/03/mini-Groceries 3.JPG',143,143,'/images/catalogue-pages//14/05/03/thumb-Groceries 3.JPG',1,0),(131,'Gillette hair and body wash 475ML','',NULL,146,2,14,13,10,20,11,'2014-05-11 00:00:00','DEAL','anonymousUser','anonymousUser','2014-05-03 00:32:57','2014-05-03 00:32:57',0,0,NULL,'/images/catalogue-pages//14/05/03/mini-Groceries 3.JPG',143,143,'/images/catalogue-pages//14/05/03/thumb-Groceries 3.JPG',1,0),(132,'Fortune Soyabean oil 1L','',NULL,105,2,14,13,10,18,11,'2014-05-11 00:00:00','DEAL','anonymousUser','anonymousUser','2014-05-03 00:32:57','2014-05-03 00:32:57',0,0,NULL,'/images/catalogue-pages//14/05/03/mini-Groceries 3.JPG',143,143,'/images/catalogue-pages//14/05/03/thumb-Groceries 3.JPG',1,0),(133,'Delmonte  green olives 450gm','',145,100,2,14,13,10,18,11,'2014-05-11 00:00:00','DEAL','anonymousUser','anonymousUser','2014-05-03 00:32:57','2014-05-03 00:32:57',0,NULL,'/images/deals/14/05/03/olives.JPG','/images/catalogue-pages//14/05/03/mini-Groceries 3.JPG',143,143,'/images/catalogue-pages//14/05/03/thumb-Groceries 3.JPG',1,0),(134,'Samsung Note 3','',NULL,256,0,7,17,1,14,11,'2014-05-11 00:00:00','DEAL','anonymousUser','anonymousUser','2014-05-21 19:43:17','2014-05-21 19:43:17',0,0,NULL,'/images/catalogue-pages//14/05/21/mini-suraj1.jpg',354,354,'/images/catalogue-pages//14/05/21/thumb-suraj1.jpg',1,0),(135,'Samsung Galaxy Core','',151,256,0,7,17,1,14,11,'2014-05-11 00:00:00','DEAL','anonymousUser','anonymousUser','2014-05-21 19:43:17','2014-05-21 19:43:17',0,1,'/images/deals/14/05/03/Samsung galaxy core.JPG','/images/catalogue-pages//14/05/21/mini-suraj1.jpg',354,354,'/images/catalogue-pages//14/05/21/thumb-suraj1.jpg',1,0),(136,'Samsung Galaxy S duos 2','',NULL,256,0,7,17,1,14,11,'2014-05-11 00:00:00','DEAL','anonymousUser','anonymousUser','2014-05-21 19:43:17','2014-05-21 19:43:17',0,0,NULL,'/images/catalogue-pages//14/05/21/mini-suraj1.jpg',354,354,'/images/catalogue-pages//14/05/21/thumb-suraj1.jpg',1,0),(137,'Samsung Galaxy Trend','',152,256,0,7,17,1,14,11,'2014-05-11 00:00:00','DEAL','anonymousUser','anonymousUser','2014-05-21 19:43:17','2014-05-21 19:43:17',0,1,'/images/deals/14/05/03/Samsung galaxy trend.JPG','/images/catalogue-pages//14/05/21/mini-suraj1.jpg',354,354,'/images/catalogue-pages//14/05/21/thumb-suraj1.jpg',1,0),(138,'Samsung Galaxy Star Pro','',NULL,256,0,7,17,1,14,11,'2014-05-11 00:00:00','DEAL','anonymousUser','anonymousUser','2014-05-21 19:43:17','2014-05-21 19:43:17',0,0,NULL,'/images/catalogue-pages//14/05/21/mini-suraj1.jpg',354,354,'/images/catalogue-pages//14/05/21/thumb-suraj1.jpg',1,0),(139,'Nikon L320','',156,214,1,17,17,1,7,11,'2014-05-11 00:00:00','DEAL','anonymousUser','anonymousUser','2014-05-21 18:42:08','2014-05-21 18:42:08',0,1,'/images/deals/14/05/03/Nikon.JPG','/images/catalogue-pages//14/05/21/mini-suraj-2.jpg',342,342,'/images/catalogue-pages//14/05/21/thumb-suraj-2.jpg',1,0),(140,'Nikon S3500','',NULL,214,1,17,17,1,7,11,'2014-05-11 00:00:00','DEAL','anonymousUser','anonymousUser','2014-05-21 18:42:08','2014-05-21 18:42:08',0,0,NULL,'/images/catalogue-pages//14/05/21/mini-suraj-2.jpg',342,342,'/images/catalogue-pages//14/05/21/thumb-suraj-2.jpg',1,0),(141,'Nikon L28','',NULL,214,1,17,17,1,7,11,'2014-05-11 00:00:00','DEAL','anonymousUser','anonymousUser','2014-05-21 18:42:08','2014-05-21 18:42:08',0,0,NULL,'/images/catalogue-pages//14/05/21/mini-suraj-2.jpg',342,342,'/images/catalogue-pages//14/05/21/thumb-suraj-2.jpg',1,0),(142,'Nikon L27','',NULL,214,1,6,17,1,7,11,'2014-05-11 00:00:00','DEAL','anonymousUser','anonymousUser','2014-05-21 18:42:08','2014-05-21 18:42:08',0,0,NULL,'/images/catalogue-pages//14/05/21/mini-suraj-2.jpg',342,342,'/images/catalogue-pages//14/05/21/thumb-suraj-2.jpg',1,0),(143,'Sony LED42W670','',157,235,1,8,17,1,17,11,'2014-05-11 00:00:00','DEAL','anonymousUser','anonymousUser','2014-05-21 18:42:08','2014-05-21 18:42:08',0,1,'/images/deals/14/05/03/Sony Led.JPG','/images/catalogue-pages//14/05/21/mini-suraj-2.jpg',342,342,'/images/catalogue-pages//14/05/21/thumb-suraj-2.jpg',1,0),(144,'Samsung LED40F5000','',NULL,235,1,7,17,1,17,11,'2014-05-11 00:00:00','DEAL','anonymousUser','anonymousUser','2014-05-21 18:42:08','2014-05-21 18:42:08',0,0,NULL,'/images/catalogue-pages//14/05/21/mini-suraj-2.jpg',342,342,'/images/catalogue-pages//14/05/21/thumb-suraj-2.jpg',1,0),(145,'Samsung LED32EH4003','',NULL,235,1,7,17,1,17,11,'2014-05-11 00:00:00','DEAL','anonymousUser','anonymousUser','2014-05-21 18:42:08','2014-05-21 18:42:08',0,0,NULL,'/images/catalogue-pages//14/05/21/mini-suraj-2.jpg',342,342,'/images/catalogue-pages//14/05/21/thumb-suraj-2.jpg',1,0),(146,'Samsung Refrigerator RS21HUTPN 585L','',NULL,252,2,7,17,1,12,11,'2014-05-11 00:00:00','DEAL','anonymousUser','anonymousUser','2014-05-21 18:42:44','2014-05-21 18:42:44',0,0,NULL,'/images/catalogue-pages//14/05/21/mini-suraj3.jpg',345,345,'/images/catalogue-pages//14/05/21/thumb-suraj3.jpg',1,0),(147,'Samsung Refrigerator RT42FDAGASL 415L','',NULL,252,2,7,17,1,12,11,'2014-05-11 00:00:00','DEAL','anonymousUser','anonymousUser','2014-05-21 18:42:44','2014-05-21 18:42:44',0,0,NULL,'/images/catalogue-pages//14/05/21/mini-suraj3.jpg',345,345,'/images/catalogue-pages//14/05/21/thumb-suraj3.jpg',1,0),(148,'Samsung Refrigerator RT36FARZASP 345L','',NULL,252,2,7,17,1,12,11,'2014-05-11 00:00:00','DEAL','anonymousUser','anonymousUser','2014-05-21 18:42:44','2014-05-21 18:42:44',0,0,NULL,'/images/catalogue-pages//14/05/21/mini-suraj3.jpg',345,345,'/images/catalogue-pages//14/05/21/thumb-suraj3.jpg',1,0),(149,'Samsung Refrigerator RT26FAJSALX 253L','',NULL,252,2,7,17,1,12,11,'2014-05-11 00:00:00','DEAL','anonymousUser','anonymousUser','2014-05-21 18:42:44','2014-05-21 18:42:44',0,0,NULL,'/images/catalogue-pages//14/05/21/mini-suraj3.jpg',345,345,'/images/catalogue-pages//14/05/21/thumb-suraj3.jpg',1,0),(150,'Samsung Washing Machine 82BSLEC/TL 6.2kG','',NULL,265,2,7,17,1,12,11,'2014-05-11 00:00:00','DEAL','anonymousUser','anonymousUser','2014-05-21 18:42:44','2014-05-21 18:42:44',0,0,NULL,'/images/catalogue-pages//14/05/21/mini-suraj3.jpg',345,345,'/images/catalogue-pages//14/05/21/thumb-suraj3.jpg',1,0),(151,'Samsung Microwave 73JD-B11490 21L','',NULL,236,2,7,17,1,12,11,'2014-05-11 00:00:00','DEAL','anonymousUser','anonymousUser','2014-05-21 18:42:44','2014-05-21 18:42:44',0,0,NULL,'/images/catalogue-pages//14/05/21/mini-suraj3.jpg',345,345,'/images/catalogue-pages//14/05/21/thumb-suraj3.jpg',1,0),(152,'IFB washing Machine AW6501RB/TL 6.5kg','',NULL,265,2,10,17,1,12,11,'2014-05-11 00:00:00','DEAL','anonymousUser','anonymousUser','2014-05-21 18:42:44','2014-05-21 18:42:44',0,0,NULL,'/images/catalogue-pages//14/05/21/mini-suraj3.jpg',345,345,'/images/catalogue-pages//14/05/21/thumb-suraj3.jpg',1,0),(153,'IFB washing Machine AW60205T/TL  6KG','',NULL,265,2,10,17,1,12,11,'2014-05-11 00:00:00','DEAL','anonymousUser','anonymousUser','2014-05-21 18:42:44','2014-05-21 18:42:44',0,0,NULL,'/images/catalogue-pages//14/05/21/mini-suraj3.jpg',345,345,'/images/catalogue-pages//14/05/21/thumb-suraj3.jpg',1,0),(154,'IFB Microwave 25SC3 25L','',NULL,236,2,10,17,1,12,11,'2014-05-11 00:00:00','DEAL','anonymousUser','anonymousUser','2014-05-21 18:42:44','2014-05-21 18:42:44',0,0,NULL,'/images/catalogue-pages//14/05/21/mini-suraj3.jpg',345,345,'/images/catalogue-pages//14/05/21/thumb-suraj3.jpg',1,0),(155,'IFB Microwave 17PMMEC1 17L','',NULL,236,2,10,17,1,12,11,'2014-05-11 00:00:00','DEAL','anonymousUser','anonymousUser','2014-05-21 18:42:44','2014-05-21 18:42:44',0,0,NULL,'/images/catalogue-pages//14/05/21/mini-suraj3.jpg',345,345,'/images/catalogue-pages//14/05/21/thumb-suraj3.jpg',1,0),(156,'IFB Microwave 20PM1S 20L','',NULL,236,2,10,17,1,12,11,'2014-05-11 00:00:00','DEAL','anonymousUser','anonymousUser','2014-05-21 18:42:44','2014-05-21 18:42:44',0,0,NULL,'/images/catalogue-pages//14/05/21/mini-suraj3.jpg',345,345,'/images/catalogue-pages//14/05/21/thumb-suraj3.jpg',1,0),(157,'Lance cracker or cookies ','',NULL,98,0,14,18,10,18,15,'2014-05-11 00:00:00','DEAL','anonymousUser','anonymousUser','2014-05-03 01:33:45','2014-05-03 01:33:45',0,0,NULL,'/images/catalogue-pages//14/05/03/mini-Capture.JPG',164,164,'/images/catalogue-pages//14/05/03/thumb-Capture.JPG',1,0),(158,'Powerade','',NULL,112,0,14,18,10,18,15,'2014-05-11 00:00:00','DEAL','anonymousUser','anonymousUser','2014-05-03 01:33:45','2014-05-03 01:33:45',0,0,NULL,'/images/catalogue-pages//14/05/03/mini-Capture.JPG',164,164,'/images/catalogue-pages//14/05/03/thumb-Capture.JPG',1,0),(159,'Gain Liquid and flings','',NULL,117,0,14,18,10,19,15,'2014-05-11 00:00:00','DEAL','anonymousUser','anonymousUser','2014-05-03 01:33:45','2014-05-03 01:33:45',0,0,NULL,'/images/catalogue-pages//14/05/03/mini-Capture.JPG',164,164,'/images/catalogue-pages//14/05/03/thumb-Capture.JPG',1,0),(160,'Angel soft bath tissues','',NULL,124,0,14,18,10,19,15,'2014-05-11 00:00:00','','anonymousUser','anonymousUser','2014-05-03 01:33:45','2014-05-03 01:33:45',0,0,NULL,'/images/catalogue-pages//14/05/03/mini-Capture.JPG',164,164,'/images/catalogue-pages//14/05/03/thumb-Capture.JPG',1,0),(161,'Lays/Doritoss','',NULL,98,0,14,18,10,18,15,'2014-05-11 00:00:00','DEAL','anonymousUser','anonymousUser','2014-05-03 01:33:45','2014-05-03 01:33:45',0,0,NULL,'/images/catalogue-pages//14/05/03/mini-Capture.JPG',164,164,'/images/catalogue-pages//14/05/03/thumb-Capture.JPG',1,0),(162,'Clorox bleach','',NULL,117,0,14,18,10,19,15,'2014-05-11 00:00:00','DEAL','anonymousUser','anonymousUser','2014-05-03 01:33:45','2014-05-03 01:33:45',0,0,NULL,'/images/catalogue-pages//14/05/03/mini-Capture.JPG',164,164,'/images/catalogue-pages//14/05/03/thumb-Capture.JPG',1,0),(163,'Palmolive dish liquid','',NULL,136,0,14,18,10,19,15,'2014-05-11 00:00:00','DEAL','anonymousUser','anonymousUser','2014-05-03 01:33:45','2014-05-03 01:33:45',0,0,NULL,'/images/catalogue-pages//14/05/03/mini-Capture.JPG',164,164,'/images/catalogue-pages//14/05/03/thumb-Capture.JPG',1,0),(164,'Kellogg\'s cereal','',NULL,99,0,14,18,10,18,15,'2014-05-11 00:00:00','DEAL','anonymousUser','anonymousUser','2014-05-03 01:33:45','2014-05-03 01:33:45',0,0,NULL,'/images/catalogue-pages//14/05/03/mini-Capture.JPG',164,164,'/images/catalogue-pages//14/05/03/thumb-Capture.JPG',1,0),(165,'Coca cola','',NULL,112,0,14,18,10,18,15,'2014-05-11 00:00:00','DEAL','anonymousUser','anonymousUser','2014-05-03 01:33:45','2014-05-03 01:33:45',0,0,NULL,'/images/catalogue-pages//14/05/03/mini-Capture.JPG',164,164,'/images/catalogue-pages//14/05/03/thumb-Capture.JPG',1,0),(166,'Febreze air effects','',NULL,127,1,14,18,10,19,15,'2014-05-11 00:00:00','DEAL','anonymousUser','anonymousUser','2014-05-03 01:40:09','2014-05-03 01:40:09',0,0,NULL,'/images/catalogue-pages//14/05/03/mini-Capture 1.JPG',167,167,'/images/catalogue-pages//14/05/03/thumb-Capture 1.JPG',1,0),(167,'Febreze sleep','',NULL,127,1,14,18,10,19,15,'2014-05-11 00:00:00','DEAL','anonymousUser','anonymousUser','2014-05-03 01:40:09','2014-05-03 01:40:09',0,0,NULL,'/images/catalogue-pages//14/05/03/mini-Capture 1.JPG',167,167,'/images/catalogue-pages//14/05/03/thumb-Capture 1.JPG',1,0),(168,'Sun dish liquid','',NULL,136,1,14,18,10,19,15,'2014-05-11 00:00:00','DEAL','anonymousUser','anonymousUser','2014-05-03 01:40:09','2014-05-03 01:40:09',0,0,NULL,'/images/catalogue-pages//14/05/03/mini-Capture 1.JPG',167,167,'/images/catalogue-pages//14/05/03/thumb-Capture 1.JPG',1,0),(169,'Sun Scoth brite','',NULL,116,1,14,18,10,19,15,'2014-05-11 00:00:00','DEAL','anonymousUser','anonymousUser','2014-05-03 01:40:09','2014-05-03 01:40:09',0,0,NULL,'/images/catalogue-pages//14/05/03/mini-Capture 1.JPG',167,167,'/images/catalogue-pages//14/05/03/thumb-Capture 1.JPG',1,0),(170,'Glade oil refills','',NULL,127,1,14,18,10,19,15,'2014-05-11 00:00:00','DEAL','anonymousUser','anonymousUser','2014-05-03 01:40:09','2014-05-03 01:40:09',0,0,NULL,'/images/catalogue-pages//14/05/03/mini-Capture 1.JPG',167,167,'/images/catalogue-pages//14/05/03/thumb-Capture 1.JPG',1,0),(171,' Lysol cleaners','',NULL,135,1,14,18,10,19,15,'2014-05-11 00:00:00','DEAL','anonymousUser','anonymousUser','2014-05-03 01:40:09','2014-05-03 01:40:09',0,0,NULL,'/images/catalogue-pages//14/05/03/mini-Capture 1.JPG',167,167,'/images/catalogue-pages//14/05/03/thumb-Capture 1.JPG',1,0),(172,'Xtra Liquid','',NULL,135,1,14,18,10,19,15,'2014-05-11 00:00:00','DEAL','anonymousUser','anonymousUser','2014-05-03 01:40:09','2014-05-03 01:40:09',0,0,NULL,'/images/catalogue-pages//14/05/03/mini-Capture 1.JPG',167,167,'/images/catalogue-pages//14/05/03/thumb-Capture 1.JPG',1,0),(173,'Fab liquid powde','',NULL,136,2,14,18,10,19,15,'2014-05-11 00:00:00','DEAL','anonymousUser','anonymousUser','2014-05-03 01:42:37','2014-05-03 01:42:37',0,0,NULL,'/images/catalogue-pages//14/05/03/mini-Capture 2.JPG',170,170,'/images/catalogue-pages//14/05/03/thumb-Capture 2.JPG',1,0),(174,'Sun liquid powder','',NULL,136,2,14,18,10,19,15,'2014-05-11 00:00:00','DEAL','anonymousUser','anonymousUser','2014-05-03 01:42:37','2014-05-03 01:42:37',0,0,NULL,'/images/catalogue-pages//14/05/03/mini-Capture 2.JPG',170,170,'/images/catalogue-pages//14/05/03/thumb-Capture 2.JPG',1,0),(175,'Tide pots','',NULL,117,2,14,18,10,19,15,'2014-05-11 00:00:00','DEAL','anonymousUser','anonymousUser','2014-05-03 01:42:37','2014-05-03 01:42:37',0,0,NULL,'/images/catalogue-pages//14/05/03/mini-Capture 2.JPG',170,170,'/images/catalogue-pages//14/05/03/thumb-Capture 2.JPG',1,0),(176,'LOOK in 899','',NULL,26,3,11,16,2,29,12,'2014-05-11 00:00:00','DEAL','anonymousUser','anonymousUser','2014-05-03 04:57:31','2014-05-03 04:57:31',0,0,NULL,NULL,NULL,NULL,NULL,1,0),(177,'LOOK in 899','',NULL,24,3,11,16,2,29,12,'2014-05-11 00:00:00','DEAL','anonymousUser','anonymousUser','2014-05-03 04:57:31','2014-05-03 04:57:31',0,0,NULL,NULL,NULL,NULL,NULL,1,0),(178,'LOOK in 699','',NULL,24,3,11,16,2,29,12,'2014-05-11 00:00:00','PRODUCT','anonymousUser','anonymousUser','2014-05-03 04:57:31','2014-05-03 04:57:31',0,0,NULL,NULL,NULL,NULL,NULL,1,0),(179,'LOOK in 699','',NULL,26,3,11,16,2,29,12,'2014-05-11 00:00:00','DEAL','anonymousUser','anonymousUser','2014-05-03 04:57:31','2014-05-03 04:57:31',0,0,NULL,NULL,NULL,NULL,NULL,1,0),(180,'LOOK in 799','',NULL,26,3,11,16,2,29,12,'2014-05-11 00:00:00','DEAL','anonymousUser','anonymousUser','2014-05-03 04:57:31','2014-05-03 04:57:31',0,0,NULL,NULL,NULL,NULL,NULL,1,0),(181,'LOOK in 799','',NULL,24,3,11,16,2,29,12,'2014-05-11 00:00:00','PRODUCT','anonymousUser','anonymousUser','2014-05-03 04:57:31','2014-05-03 04:57:31',0,0,NULL,NULL,NULL,NULL,NULL,1,0),(182,'LOOK in 1194','',NULL,35,4,11,16,2,29,12,'2014-05-11 00:00:00','DEAL','anonymousUser','anonymousUser','2014-05-03 05:01:29','2014-05-03 05:01:29',0,0,NULL,'/images/catalogue-pages//14/05/03/mini-5.jpg',176,176,'/images/catalogue-pages//14/05/03/thumb-5.jpg',1,0),(183,'LOOK in 1194','',178,36,4,11,16,2,29,12,'2014-05-11 00:00:00','PRODUCT','anonymousUser','anonymousUser','2014-05-03 05:01:29','2014-05-03 05:01:29',0,NULL,'/images/deals/14/05/03/Spencer deal 1.JPG',NULL,NULL,NULL,NULL,1,0),(184,'LOOK in 595','',NULL,35,4,11,16,2,29,12,'2014-05-11 00:00:00','PRODUCT','anonymousUser','anonymousUser','2014-05-03 05:01:29','2014-05-03 05:01:29',0,0,NULL,NULL,NULL,NULL,NULL,1,0),(185,'LOOK in 1098','',NULL,23,4,11,16,2,29,12,'2014-05-11 00:00:00','DEAL','anonymousUser','anonymousUser','2014-05-03 05:01:29','2014-05-03 05:01:29',0,0,NULL,NULL,NULL,NULL,NULL,1,0),(186,'LOOK in 1098','',NULL,27,4,11,16,2,29,12,'2014-05-11 00:00:00','PRODUCT','anonymousUser','anonymousUser','2014-05-03 05:01:29','2014-05-03 05:01:29',0,0,NULL,NULL,NULL,NULL,NULL,1,0),(187,'LOOK in 1294','',NULL,36,0,11,19,2,29,12,'2014-05-11 00:00:00','DEAL','anonymousUser','anonymousUser','2014-05-03 05:04:05','2014-05-03 05:04:05',0,0,NULL,'/images/catalogue-pages//14/05/03/mini-6.jpg',182,182,'/images/catalogue-pages//14/05/03/thumb-6.jpg',1,0),(188,'LOOK in 1294','',NULL,35,0,11,19,2,29,12,'2014-05-11 00:00:00','PRODUCT','anonymousUser','anonymousUser','2014-05-03 05:04:05','2014-05-03 05:04:05',0,0,NULL,'/images/catalogue-pages//14/05/03/mini-6.jpg',182,182,'/images/catalogue-pages//14/05/03/thumb-6.jpg',1,0),(189,'LOOK in 778','',NULL,90,1,11,19,2,30,12,'2014-05-11 00:00:00','PRODUCT','anonymousUser','anonymousUser','2014-05-03 05:07:48','2014-05-03 05:07:48',0,0,NULL,'/images/catalogue-pages//14/05/03/mini-7.jpg',185,185,'/images/catalogue-pages//14/05/03/thumb-7.jpg',1,0),(190,'LOOK in 778','',NULL,66,1,11,19,2,30,12,'2014-05-11 00:00:00','DEAL','anonymousUser','anonymousUser','2014-05-03 05:07:48','2014-05-03 05:07:48',0,0,NULL,'/images/catalogue-pages//14/05/03/mini-7.jpg',185,185,'/images/catalogue-pages//14/05/03/thumb-7.jpg',1,0),(191,'LOOK in 748','',NULL,78,1,11,19,2,30,12,'2014-05-11 00:00:00','DEAL','anonymousUser','anonymousUser','2014-05-03 05:07:48','2014-05-03 05:07:48',0,0,NULL,NULL,NULL,NULL,NULL,1,0),(192,'LOOK in 748','',NULL,90,1,11,19,2,30,12,'2014-05-11 00:00:00','PRODUCT','anonymousUser','anonymousUser','2014-05-03 05:07:48','2014-05-03 05:07:48',0,0,NULL,NULL,NULL,NULL,NULL,1,0),(193,'LOOK in 698','',NULL,65,1,11,19,2,30,12,'2014-05-11 00:00:00','DEAL','anonymousUser','anonymousUser','2014-05-03 05:07:48','2014-05-03 05:07:48',0,0,NULL,NULL,NULL,NULL,NULL,1,0),(194,'LOOK in 698','',NULL,90,1,11,19,2,30,12,'2014-05-11 00:00:00','DEAL','anonymousUser','anonymousUser','2014-05-03 05:07:48','2014-05-03 05:07:48',0,0,NULL,NULL,NULL,NULL,NULL,1,0),(195,'LOOK in 698','',190,87,2,11,19,2,30,12,'2014-05-11 00:00:00','DEAL','anonymousUser','anonymousUser','2014-05-03 05:09:58','2014-05-03 05:09:58',0,1,'/images/deals/14/05/03/Spencer deal 2.JPG','/images/catalogue-pages//14/05/03/mini-8.jpg',188,188,'/images/catalogue-pages//14/05/03/thumb-8.jpg',1,0),(196,'LOOK in 698','',NULL,65,2,11,19,2,30,12,'2014-05-11 00:00:00','PRODUCT','anonymousUser','anonymousUser','2014-05-03 05:09:58','2014-05-03 05:09:58',0,0,NULL,'/images/catalogue-pages//14/05/03/mini-8.jpg',188,188,'/images/catalogue-pages//14/05/03/thumb-8.jpg',1,0),(197,'LOOK in 1248','',NULL,90,0,11,20,2,30,12,'2014-05-11 00:00:00','DEAL','anonymousUser','anonymousUser','2014-05-03 09:26:37','2014-05-03 09:26:37',0,0,NULL,'/images/catalogue-pages//14/05/03/mini-11.jpg',194,194,'/images/catalogue-pages//14/05/03/thumb-11.jpg',1,0),(198,'LOOK in 1248','',NULL,80,0,11,20,2,30,12,'2014-05-11 00:00:00','PRODUCT','anonymousUser','anonymousUser','2014-05-03 09:26:37','2014-05-03 09:26:37',0,0,NULL,'/images/catalogue-pages//14/05/03/mini-11.jpg',194,194,'/images/catalogue-pages//14/05/03/thumb-11.jpg',1,0),(199,'LOOK in 628','',NULL,68,1,11,20,2,30,12,'2014-05-11 00:00:00','DEAL','anonymousUser','anonymousUser','2014-05-03 09:28:47','2014-05-03 09:28:47',0,0,NULL,'/images/catalogue-pages//14/05/03/mini-12.jpg',197,197,'/images/catalogue-pages//14/05/03/thumb-12.jpg',1,0),(200,'LOOK in 628','',NULL,66,1,11,20,2,30,12,'2014-05-11 00:00:00','DEAL','anonymousUser','anonymousUser','2014-05-03 09:28:47','2014-05-03 09:28:47',0,0,NULL,'/images/catalogue-pages//14/05/03/mini-12.jpg',197,197,'/images/catalogue-pages//14/05/03/thumb-12.jpg',1,0),(201,'LOOK in 778','',NULL,90,1,11,20,2,30,12,'2014-05-11 00:00:00','PRODUCT','anonymousUser','anonymousUser','2014-05-03 09:28:47','2014-05-03 09:28:47',0,0,NULL,'/images/catalogue-pages//14/05/03/mini-12.jpg',197,197,'/images/catalogue-pages//14/05/03/thumb-12.jpg',1,0),(202,'LOOK in 778','',NULL,66,1,11,20,2,30,12,'2014-05-11 00:00:00','PRODUCT','anonymousUser','anonymousUser','2014-05-03 09:28:47','2014-05-03 09:28:47',0,0,NULL,'/images/catalogue-pages//14/05/03/mini-12.jpg',197,197,'/images/catalogue-pages//14/05/03/thumb-12.jpg',1,0),(203,'LOOK in 727','',202,23,2,11,20,2,29,12,'2014-05-11 00:00:00','PRODUCT','anonymousUser','anonymousUser','2014-05-03 10:03:26','2014-05-03 10:03:26',0,1,'/images/deals/14/05/03/Spencer deal 4.JPG','/images/catalogue-pages//14/05/03/mini-15.jpg',200,200,'/images/catalogue-pages//14/05/03/thumb-15.jpg',1,0),(204,'LOOK in 727','',NULL,25,2,11,20,2,29,12,'2014-05-11 00:00:00','DEAL','anonymousUser','anonymousUser','2014-05-03 10:03:26','2014-05-03 10:03:26',0,0,NULL,'/images/catalogue-pages//14/05/03/mini-15.jpg',200,200,'/images/catalogue-pages//14/05/03/thumb-15.jpg',1,0),(205,'LOOK in 328','',NULL,87,2,11,20,2,30,12,'2014-05-11 00:00:00','PRODUCT','anonymousUser','anonymousUser','2014-05-03 10:03:26','2014-05-03 10:03:26',0,0,NULL,'/images/catalogue-pages//14/05/03/mini-15.jpg',200,200,'/images/catalogue-pages//14/05/03/thumb-15.jpg',1,0),(206,'LOOK in 328','',203,80,2,11,20,2,30,12,'2014-05-11 00:00:00','PRODUCT','anonymousUser','anonymousUser','2014-05-03 10:03:26','2014-05-03 10:03:26',0,1,'/images/deals/14/05/03/Spencer deal 3.JPG','/images/catalogue-pages//14/05/03/mini-15.jpg',200,200,'/images/catalogue-pages//14/05/03/thumb-15.jpg',1,0),(207,'','',NULL,26,3,14,20,2,29,12,'2014-05-11 00:00:00','','anonymousUser','anonymousUser','2014-05-03 09:34:07','2014-05-03 09:34:07',0,0,NULL,'/images/catalogue-pages//14/05/03/mini-16.jpg',205,205,'/images/catalogue-pages//14/05/03/thumb-16.jpg',1,0),(208,'Panasonic Lumix DMC-FTS','',361,250,0,13,32,1,7,11,'2014-05-11 00:00:00','DEAL','anonymousUser','anonymousUser','2014-05-21 23:04:00','2014-05-21 23:04:00',0,NULL,'/images/deals/14/05/21/C1_Deal 1.JPG','/images/catalogue-pages//14/05/21/mini-1.jpg',359,359,'/images/catalogue-pages//14/05/21/thumb-1.jpg',1,0),(209,'UHD TV','',NULL,235,0,7,33,1,17,14,'2014-08-31 00:00:00','PRODUCT','anonymousUser','anonymousUser','2014-05-27 22:37:28','2014-05-27 22:37:28',0,1,NULL,NULL,NULL,NULL,NULL,1,0),(210,'','',NULL,200,1,7,33,1,8,14,'2014-08-31 00:00:00','PRODUCT','anonymousUser','anonymousUser','2014-05-21 23:49:48','2014-05-21 23:49:48',0,0,NULL,NULL,NULL,NULL,NULL,1,0),(211,'','',NULL,259,1,7,33,1,8,14,'2014-08-31 00:00:00','PRODUCT','anonymousUser','anonymousUser','2014-05-21 23:49:48','2014-05-21 23:49:48',0,0,NULL,NULL,NULL,NULL,NULL,1,0),(212,'','',NULL,229,1,7,33,1,8,14,'2014-08-31 00:00:00','PRODUCT','anonymousUser','anonymousUser','2014-05-21 23:49:48','2014-05-21 23:49:48',0,0,NULL,NULL,NULL,NULL,NULL,1,0),(213,'','',618,224,2,18,33,1,12,14,'2014-08-31 00:00:00','PRODUCT','anonymousUser','anonymousUser','2014-05-26 20:01:03','2014-05-26 20:01:03',0,1,'/images/deals/14/05/23/C2_Deal_pg7_custom2-1400912935074.jpg',NULL,NULL,NULL,NULL,1,0),(214,'deal1','',NULL,236,2,19,33,1,12,14,'2014-08-31 00:00:00','PRODUCT','anonymousUser','anonymousUser','2014-05-26 20:01:03','2014-05-26 20:01:03',0,0,NULL,NULL,NULL,NULL,NULL,1,0),(215,'','',NULL,236,2,20,33,1,12,14,'2014-08-31 00:00:00','PRODUCT','anonymousUser','anonymousUser','2014-05-26 20:01:03','2014-05-26 20:01:03',0,0,NULL,NULL,NULL,NULL,NULL,1,0),(216,'','',619,236,2,21,33,1,12,14,'2014-08-31 00:00:00','PRODUCT','anonymousUser','anonymousUser','2014-05-26 20:01:03','2014-05-26 20:01:03',0,1,'/images/deals/14/05/23/C2_Deal_pg7_custom2-1400912948284.jpg',NULL,NULL,NULL,NULL,1,0),(217,'','',NULL,264,3,24,33,1,12,14,'2014-08-31 00:00:00','PRODUCT','anonymousUser','anonymousUser','2014-05-22 01:44:33','2014-05-22 01:44:33',0,0,NULL,NULL,NULL,NULL,NULL,1,0),(218,'','',NULL,264,3,23,33,1,12,14,'2014-08-31 00:00:00','PRODUCT','anonymousUser','anonymousUser','2014-05-22 01:44:33','2014-05-22 01:44:33',0,0,NULL,NULL,NULL,NULL,NULL,1,0),(219,'','',NULL,264,3,22,33,1,12,14,'2014-08-31 00:00:00','PRODUCT','anonymousUser','anonymousUser','2014-05-22 01:44:33','2014-05-22 01:44:33',0,0,NULL,NULL,NULL,NULL,NULL,1,0),(220,'','',NULL,264,3,25,33,1,12,14,'2014-08-31 00:00:00','PRODUCT','anonymousUser','anonymousUser','2014-05-22 01:44:33','2014-05-22 01:44:33',0,0,NULL,NULL,NULL,NULL,NULL,1,0),(221,'','',NULL,264,3,26,33,1,12,14,'2014-08-31 00:00:00','PRODUCT','anonymousUser','anonymousUser','2014-05-22 01:44:33','2014-05-22 01:44:33',0,0,NULL,NULL,NULL,NULL,NULL,1,0),(222,'','',NULL,264,3,27,33,1,12,14,'2014-08-31 00:00:00','PRODUCT','anonymousUser','anonymousUser','2014-05-22 01:44:33','2014-05-22 01:44:33',0,0,NULL,NULL,NULL,NULL,NULL,1,0),(223,'','',NULL,264,3,28,33,1,12,14,'2014-08-31 00:00:00','PRODUCT','anonymousUser','anonymousUser','2014-05-22 01:44:33','2014-05-22 01:44:33',0,0,NULL,NULL,NULL,NULL,NULL,1,0),(224,'','',617,251,6,31,33,1,10,14,'2014-08-31 00:00:00','PRODUCT','anonymousUser','anonymousUser','2014-05-23 23:28:19','2014-05-23 23:28:19',0,1,'/images/deals/14/05/23/C2_Deal_pg7_custom2.jpg',NULL,NULL,NULL,NULL,1,0);

/*Table structure for table `emails` */

DROP TABLE IF EXISTS `emails`;

CREATE TABLE `emails` (
  `id` int(11) NOT NULL AUTO_INCREMENT,
  `name` varchar(100) DEFAULT NULL,
  `email` varchar(100) DEFAULT NULL,
  `location_id` int(11) DEFAULT NULL,
  `city_id` int(11) DEFAULT NULL,
  `createdBy` varchar(50) DEFAULT NULL,
  `updatedBy` varchar(50) DEFAULT NULL,
  `createdDate` timestamp NULL DEFAULT CURRENT_TIMESTAMP,
  `updatedDate` timestamp NULL DEFAULT '2013-01-01 00:00:01',
  `version` int(11) DEFAULT NULL,
  PRIMARY KEY (`id`),
  UNIQUE KEY `idx_email` (`email`),
  KEY `fk_emails_location` (`location_id`),
  KEY `fk_emails_city` (`city_id`),
  CONSTRAINT `fk_emails_city` FOREIGN KEY (`city_id`) REFERENCES `master_city` (`id`),
  CONSTRAINT `fk_emails_location` FOREIGN KEY (`location_id`) REFERENCES `master_location` (`id`)
) ENGINE=InnoDB AUTO_INCREMENT=21 DEFAULT CHARSET=latin1;

/*Data for the table `emails` */

insert  into `emails`(`id`,`name`,`email`,`location_id`,`city_id`,`createdBy`,`updatedBy`,`createdDate`,`updatedDate`,`version`) values (7,NULL,'',NULL,NULL,'anonymousUser','anonymousUser','2014-05-03 09:54:05','2014-05-03 09:54:05',0),(8,NULL,'nirajiitd@gmail.com',NULL,NULL,'anonymousUser','anonymousUser','2014-05-04 01:01:00','2014-05-04 01:01:00',0),(9,NULL,'kapoorjatika@gmail.com',NULL,NULL,'anonymousUser','anonymousUser','2014-05-10 11:28:06','2014-05-10 11:28:06',0),(10,NULL,'gaurav@flipchase.com',NULL,NULL,'anonymousUser','anonymousUser','2014-05-21 09:50:55','2014-05-21 09:50:55',0),(11,NULL,'nirajp123@gmail.com',NULL,NULL,'anonymousUser','anonymousUser','2014-05-21 19:54:53','2014-05-21 19:54:53',0),(12,NULL,'asd',NULL,NULL,'anonymousUser','anonymousUser','2014-05-21 20:54:30','2014-05-21 20:54:30',0),(13,NULL,'asd@gmail.com',NULL,NULL,'anonymousUser','anonymousUser','2014-05-21 20:54:51','2014-05-21 20:54:51',0),(14,NULL,'asd1@gmail.com',NULL,NULL,'anonymousUser','anonymousUser','2014-05-21 20:55:16','2014-05-21 20:55:16',0),(15,NULL,'gauravjindal25@gmail.com',NULL,NULL,'anonymousUser','anonymousUser','2014-05-21 22:02:01','2014-05-21 22:02:01',0),(16,NULL,'nisheethk@gmail.com',NULL,NULL,'anonymousUser','anonymousUser','2014-05-21 22:03:13','2014-05-21 22:03:13',0),(17,NULL,'gaurav@flicphase.com',NULL,NULL,'anonymousUser','anonymousUser','2014-05-22 21:56:26','2014-05-22 21:56:26',0),(18,NULL,'gaurav@jabong.com',NULL,NULL,'anonymousUser','anonymousUser','2014-05-22 22:01:00','2014-05-22 22:01:00',0),(19,NULL,'prtkpande@gmail.com',NULL,NULL,'anonymousUser','anonymousUser','2014-06-04 23:19:03','2014-06-04 23:19:03',0),(20,NULL,'asdasd',NULL,NULL,'anonymousUser','anonymousUser','2014-06-16 23:22:06','2014-06-16 23:22:06',0);

/*Table structure for table `feedback` */

DROP TABLE IF EXISTS `feedback`;

CREATE TABLE `feedback` (
  `id` int(11) NOT NULL AUTO_INCREMENT,
  `email` varchar(90) DEFAULT NULL,
  `phone` varchar(14) DEFAULT NULL,
  `content` varchar(600) DEFAULT NULL,
  `catalogue` int(11) DEFAULT NULL,
  `retailer` int(11) DEFAULT NULL,
  `createdBy` varchar(50) DEFAULT NULL,
  `updatedBy` varchar(50) DEFAULT NULL,
  `createdDate` timestamp NULL DEFAULT CURRENT_TIMESTAMP,
  `updatedDate` timestamp NULL DEFAULT '2013-01-01 00:00:01',
  `version` int(11) DEFAULT NULL,
  `name` varchar(200) DEFAULT NULL,
  PRIMARY KEY (`id`),
  KEY `fk_feedback_catalogue` (`catalogue`),
  KEY `fk_feedback_retailer` (`retailer`),
  CONSTRAINT `fk_feedback_catalogue` FOREIGN KEY (`catalogue`) REFERENCES `catalogue` (`id`),
  CONSTRAINT `fk_feedback_retailer` FOREIGN KEY (`retailer`) REFERENCES `retailer` (`id`)
) ENGINE=InnoDB AUTO_INCREMENT=3 DEFAULT CHARSET=latin1;

/*Data for the table `feedback` */

insert  into `feedback`(`id`,`email`,`phone`,`content`,`catalogue`,`retailer`,`createdBy`,`updatedBy`,`createdDate`,`updatedDate`,`version`,`name`) values (1,'nirajiitd@gmail.com','9818885383','sdfsdfsdfsdf',22,11,'anonymousUser','anonymousUser','2014-06-22 23:26:54','2014-06-22 23:26:54',0,NULL),(2,'nirajiitd@gmail.com','9818885383','sdfsdfsdfsdf',22,11,'anonymousUser','anonymousUser','2014-06-22 23:27:17','2014-06-22 23:27:17',0,NULL);

/*Table structure for table `filestore` */

DROP TABLE IF EXISTS `filestore`;

CREATE TABLE `filestore` (
  `id` int(11) NOT NULL AUTO_INCREMENT,
  `filedir` varchar(150) DEFAULT NULL,
  `name` varchar(150) DEFAULT NULL,
  `type` varchar(50) DEFAULT NULL,
  `createdBy` varchar(50) DEFAULT NULL,
  `updatedBy` varchar(50) DEFAULT NULL,
  `createdDate` timestamp NULL DEFAULT CURRENT_TIMESTAMP,
  `updatedDate` timestamp NULL DEFAULT '2013-01-01 00:00:01',
  `version` int(11) DEFAULT NULL,
  PRIMARY KEY (`id`)
) ENGINE=InnoDB AUTO_INCREMENT=646 DEFAULT CHARSET=latin1;

/*Data for the table `filestore` */

insert  into `filestore`(`id`,`filedir`,`name`,`type`,`createdBy`,`updatedBy`,`createdDate`,`updatedDate`,`version`) values (66,'/images/retailer//14/04/30','suraj_20140204123923.jpg',NULL,'anonymousUser','anonymousUser','2014-04-30 00:00:50','2014-04-30 00:00:50',0),(67,'/images/retailer//14/04/30','357_7313_spencers.jpg',NULL,'anonymousUser','anonymousUser','2014-04-30 00:02:03','2014-04-30 00:02:03',0),(68,'/images/retailer//14/04/30','20110203103053!Croma_(store)_logo.gif',NULL,'anonymousUser','anonymousUser','2014-04-30 00:05:49','2014-04-30 00:05:49',0),(69,'/images/retailer//14/04/30','pantaloons-logo.jpg',NULL,'anonymousUser','anonymousUser','2014-04-30 00:06:38','2014-04-30 00:06:38',0),(70,'/images/retailer//14/04/30','pantaloons-logo-1398841599737.jpg',NULL,'anonymousUser','anonymousUser','2014-04-30 00:06:39','2014-04-30 00:06:39',0),(71,'/images/retailer//14/04/30','20110203103053!Croma_(store)_logo-1398842010950.gif',NULL,'anonymousUser','anonymousUser','2014-04-30 00:13:30','2014-04-30 00:13:30',0),(72,'/images/retailer//14/04/30','family-dollar-logo.jpg',NULL,'anonymousUser','anonymousUser','2014-04-30 00:15:55','2014-04-30 00:15:55',0),(73,'/images/catalogue//14/05/01','00001.jpg',NULL,'anonymousUser','anonymousUser','2014-05-01 01:38:59','2014-05-01 01:38:59',0),(74,'/images/catalogue-pages//14/05/17','thumb-thumb-thumb-00001-1400317156828-1400317698695-1400318092939-1400373185931.jpg',NULL,'anonymousUser','anonymousUser','2014-05-01 01:38:59','2014-05-17 17:33:05',0),(75,'/images/catalogue-pages//14/05/01','00001.jpg',NULL,'anonymousUser','anonymousUser','2014-05-01 01:58:31','2014-05-01 01:58:31',0),(76,'/images/catalogue-pages//14/05/01','thumb-00001.jpg',NULL,'anonymousUser','anonymousUser','2014-05-01 01:58:31','2014-05-01 01:58:31',0),(77,'/images/catalogue-pages//14/05/17','thumb-thumb-thumb-thumb-thumb-thumb-mini-00001-1400316017620.jpg',NULL,'anonymousUser','anonymousUser','2014-05-01 01:58:31','2014-05-17 17:33:08',0),(78,'/images/deals/14/05/01','Croma deal 1.JPG',NULL,'anonymousUser','anonymousUser','2014-05-01 01:58:31','2014-05-01 01:58:31',0),(79,'/images/catalogue-pages//14/05/01','00002.jpg',NULL,'anonymousUser','anonymousUser','2014-05-01 02:27:40','2014-05-01 02:27:40',0),(80,'/images/catalogue-pages//14/05/01','thumb-00002.jpg',NULL,'anonymousUser','anonymousUser','2014-05-01 02:27:47','2014-05-01 02:27:47',0),(81,'/images/catalogue-pages//14/05/17','thumb-thumb-thumb-thumb-thumb-thumb-mini-00002.jpg',NULL,'anonymousUser','anonymousUser','2014-05-01 02:27:48','2014-05-17 17:33:08',0),(82,'/images/catalogue-pages//14/05/01','00003.jpg',NULL,'anonymousUser','anonymousUser','2014-05-01 02:28:52','2014-05-01 02:28:52',0),(83,'/images/catalogue-pages//14/05/01','thumb-00003.jpg',NULL,'anonymousUser','anonymousUser','2014-05-01 02:28:52','2014-05-01 02:28:52',0),(84,'/images/catalogue-pages//14/05/17','thumb-thumb-thumb-thumb-thumb-thumb-mini-00003.jpg',NULL,'anonymousUser','anonymousUser','2014-05-01 02:28:52','2014-05-17 17:33:08',0),(85,'/images/catalogue-pages//14/05/01','00004.jpg',NULL,'anonymousUser','anonymousUser','2014-05-01 02:29:21','2014-05-01 02:29:21',0),(86,'/images/catalogue-pages//14/05/01','thumb-00004.jpg',NULL,'anonymousUser','anonymousUser','2014-05-01 02:29:21','2014-05-01 02:29:21',0),(87,'/images/catalogue-pages//14/05/17','thumb-thumb-thumb-thumb-thumb-thumb-mini-00004.jpg',NULL,'anonymousUser','anonymousUser','2014-05-01 02:29:21','2014-05-17 17:33:08',0),(88,'/images/catalogue-pages//14/05/01','00005.jpg',NULL,'anonymousUser','anonymousUser','2014-05-01 02:29:56','2014-05-01 02:29:56',0),(89,'/images/catalogue-pages//14/05/01','thumb-00005.jpg',NULL,'anonymousUser','anonymousUser','2014-05-01 02:29:57','2014-05-01 02:29:57',0),(90,'/images/catalogue-pages//14/05/17','thumb-thumb-thumb-thumb-thumb-thumb-mini-00005.jpg',NULL,'anonymousUser','anonymousUser','2014-05-01 02:29:57','2014-05-17 17:33:08',0),(91,'/images/deals/14/05/01','Croma Ref deal.JPG',NULL,'anonymousUser','anonymousUser','2014-05-01 03:35:42','2014-05-01 03:35:42',0),(92,'/images/deals/14/05/01','Croma Ref deal-1398940852788.JPG',NULL,'anonymousUser','anonymousUser','2014-05-01 03:40:52','2014-05-01 03:40:52',0),(93,'/images/deals/14/05/01','Croma Ref deal-1398941273714.JPG',NULL,'anonymousUser','anonymousUser','2014-05-01 03:47:53','2014-05-01 03:47:53',0),(94,'/images/catalogue//14/05/02','00001.jpg',NULL,'anonymousUser','anonymousUser','2014-05-02 21:36:14','2014-05-02 21:36:14',0),(95,'/images/catalogue-pages//14/05/17','thumb-thumb-thumb-00001-1400316016056-1400317157225-1400317711225-1400318094204-1400373186247.jpg',NULL,'anonymousUser','anonymousUser','2014-05-02 21:36:19','2014-05-17 17:33:06',0),(96,'/images/catalogue-pages//14/05/02','00001.jpg',NULL,'anonymousUser','anonymousUser','2014-05-02 23:23:29','2014-05-02 23:23:29',0),(97,'/images/catalogue-pages//14/05/02','thumb-00001.jpg',NULL,'anonymousUser','anonymousUser','2014-05-02 23:23:29','2014-05-02 23:23:29',0),(98,'/images/catalogue-pages//14/05/17','thumb-thumb-thumb-thumb-thumb-thumb-mini-00001-1400316018052.jpg',NULL,'anonymousUser','anonymousUser','2014-05-02 23:23:29','2014-05-17 17:33:08',0),(99,'/images/catalogue-pages//14/05/02','00004.jpg',NULL,'anonymousUser','anonymousUser','2014-05-02 23:26:48','2014-05-02 23:26:48',0),(100,'/images/catalogue-pages//14/05/02','thumb-00004.jpg',NULL,'anonymousUser','anonymousUser','2014-05-02 23:26:48','2014-05-02 23:26:48',0),(101,'/images/catalogue-pages//14/05/17','thumb-thumb-thumb-thumb-thumb-thumb-mini-00004-1400316018471.jpg',NULL,'anonymousUser','anonymousUser','2014-05-02 23:26:49','2014-05-17 17:33:08',0),(102,'/images/deals/14/05/02','Rang manch.JPG',NULL,'anonymousUser','anonymousUser','2014-05-02 23:26:49','2014-05-02 23:26:49',0),(103,'/images/catalogue-pages//14/05/02','00005.jpg',NULL,'anonymousUser','anonymousUser','2014-05-02 23:31:29','2014-05-02 23:31:29',0),(104,'/images/catalogue-pages//14/05/02','thumb-00005.jpg',NULL,'anonymousUser','anonymousUser','2014-05-02 23:31:29','2014-05-02 23:31:29',0),(105,'/images/catalogue-pages//14/05/17','thumb-thumb-thumb-thumb-thumb-thumb-mini-00005-1400316018557.jpg',NULL,'anonymousUser','anonymousUser','2014-05-02 23:31:29','2014-05-17 17:33:08',0),(106,'/images/deals/14/05/02','Suit set deal.JPG',NULL,'anonymousUser','anonymousUser','2014-05-02 23:31:29','2014-05-02 23:31:29',0),(107,'/images/catalogue-pages//14/05/02','00006.jpg',NULL,'anonymousUser','anonymousUser','2014-05-02 23:33:17','2014-05-02 23:33:17',0),(108,'/images/catalogue-pages//14/05/02','thumb-00006.jpg',NULL,'anonymousUser','anonymousUser','2014-05-02 23:33:17','2014-05-02 23:33:17',0),(109,'/images/catalogue-pages//14/05/17','thumb-thumb-thumb-thumb-thumb-thumb-mini-00006.jpg',NULL,'anonymousUser','anonymousUser','2014-05-02 23:33:17','2014-05-17 17:33:08',0),(110,'/images/catalogue//14/05/02','Groceries 1.JPG',NULL,'anonymousUser','anonymousUser','2014-05-02 23:34:01','2014-05-02 23:34:01',0),(111,'/images/catalogue//14/05/02','thumb-Groceries 1.JPG',NULL,'anonymousUser','anonymousUser','2014-05-02 23:34:02','2014-05-02 23:34:02',0),(112,'/images/catalogue-pages//14/05/02','00007.jpg',NULL,'anonymousUser','anonymousUser','2014-05-02 23:35:49','2014-05-02 23:35:49',0),(113,'/images/catalogue-pages//14/05/02','thumb-00007.jpg',NULL,'anonymousUser','anonymousUser','2014-05-02 23:35:51','2014-05-02 23:35:51',0),(114,'/images/catalogue-pages//14/05/17','thumb-thumb-thumb-thumb-thumb-thumb-mini-00007.jpg',NULL,'anonymousUser','anonymousUser','2014-05-02 23:35:51','2014-05-17 17:33:09',0),(115,'/images/catalogue-pages//14/05/02','00009.jpg',NULL,'anonymousUser','anonymousUser','2014-05-02 23:37:02','2014-05-02 23:37:02',0),(116,'/images/catalogue-pages//14/05/02','thumb-00009.jpg',NULL,'anonymousUser','anonymousUser','2014-05-02 23:37:09','2014-05-02 23:37:09',0),(117,'/images/catalogue-pages//14/05/17','thumb-thumb-thumb-thumb-thumb-thumb-mini-00009.jpg',NULL,'anonymousUser','anonymousUser','2014-05-02 23:37:09','2014-05-17 17:33:09',0),(118,'/images/catalogue//14/05/02','1.JPG',NULL,'anonymousUser','anonymousUser','2014-05-02 23:58:23','2014-05-02 23:58:23',0),(119,'/images/catalogue-pages//14/05/17','thumb-thumb-thumb-1-1400317157794-1400317724892-1400318095824-1400373186465.JPG',NULL,'anonymousUser','anonymousUser','2014-05-02 23:58:27','2014-05-17 17:33:06',0),(120,'/images/catalogue-pages//14/05/02','1.JPG',NULL,'anonymousUser','anonymousUser','2014-05-02 23:59:19','2014-05-02 23:59:19',0),(121,'/images/catalogue-pages//14/05/02','thumb-1.JPG',NULL,'anonymousUser','anonymousUser','2014-05-02 23:59:19','2014-05-02 23:59:19',0),(122,'/images/catalogue-pages//14/05/17','thumb-thumb-thumb-thumb-thumb-thumb-mini-1.JPG',NULL,'anonymousUser','anonymousUser','2014-05-02 23:59:19','2014-05-17 17:33:09',0),(123,'/images/catalogue-pages//14/05/03','2.jpg',NULL,'anonymousUser','anonymousUser','2014-05-03 00:00:55','2014-05-03 00:00:55',0),(124,'/images/catalogue-pages//14/05/03','thumb-2.jpg',NULL,'anonymousUser','anonymousUser','2014-05-03 00:00:56','2014-05-03 00:00:56',0),(125,'/images/catalogue-pages//14/05/03','mini-2.jpg',NULL,'anonymousUser','anonymousUser','2014-05-03 00:00:56','2014-05-03 00:00:56',0),(126,'/images/catalogue-pages//14/05/03','Groceries 1.JPG',NULL,'anonymousUser','anonymousUser','2014-05-03 00:08:13','2014-05-03 00:08:13',0),(127,'/images/catalogue-pages//14/05/03','thumb-Groceries 1.JPG',NULL,'anonymousUser','anonymousUser','2014-05-03 00:08:16','2014-05-03 00:08:16',0),(128,'/images/catalogue-pages//14/05/17','thumb-thumb-thumb-thumb-thumb-thumb-thumb-thumb-mini-Groceries 1-1400317157522-1400317718690-1400318095598-1400373186379.JPG',NULL,'anonymousUser','anonymousUser','2014-05-03 00:08:19','2014-05-17 17:33:09',0),(129,'/images/deals/14/05/03','Taj mahal.JPG',NULL,'anonymousUser','anonymousUser','2014-05-03 00:08:21','2014-05-03 00:08:21',0),(130,'/images/deals/14/05/03','Jivo Canola.JPG',NULL,'anonymousUser','anonymousUser','2014-05-03 00:08:21','2014-05-03 00:08:21',0),(131,'/images/catalogue-pages//14/05/03','3.jpg',NULL,'anonymousUser','anonymousUser','2014-05-03 00:09:39','2014-05-03 00:09:39',0),(132,'/images/catalogue-pages//14/05/03','thumb-3.jpg',NULL,'anonymousUser','anonymousUser','2014-05-03 00:09:40','2014-05-03 00:09:40',0),(133,'/images/catalogue-pages//14/05/17','thumb-thumb-thumb-thumb-thumb-thumb-mini-3.jpg',NULL,'anonymousUser','anonymousUser','2014-05-03 00:09:43','2014-05-17 17:33:09',0),(134,'/images/catalogue-pages//14/05/03','4.jpg',NULL,'anonymousUser','anonymousUser','2014-05-03 00:13:55','2014-05-03 00:13:55',0),(135,'/images/catalogue-pages//14/05/03','thumb-4.jpg',NULL,'anonymousUser','anonymousUser','2014-05-03 00:13:55','2014-05-03 00:13:55',0),(136,'/images/catalogue-pages//14/05/17','thumb-thumb-thumb-thumb-thumb-thumb-mini-4.jpg',NULL,'anonymousUser','anonymousUser','2014-05-03 00:13:56','2014-05-17 17:33:10',0),(137,'/images/catalogue-pages//14/05/03','Groceries 2.JPG',NULL,'anonymousUser','anonymousUser','2014-05-03 00:26:24','2014-05-03 00:26:24',0),(138,'/images/catalogue-pages//14/05/03','thumb-Groceries 2.JPG',NULL,'anonymousUser','anonymousUser','2014-05-03 00:26:24','2014-05-03 00:26:24',0),(139,'/images/catalogue-pages//14/05/17','thumb-thumb-thumb-thumb-thumb-thumb-mini-Groceries 2.JPG',NULL,'anonymousUser','anonymousUser','2014-05-03 00:26:24','2014-05-17 17:33:10',0),(140,'/images/deals/14/05/03','Delmonte.JPG',NULL,'anonymousUser','anonymousUser','2014-05-03 00:26:24','2014-05-03 00:26:24',0),(141,'/images/deals/14/05/03','Classic Myonnise.JPG',NULL,'anonymousUser','anonymousUser','2014-05-03 00:26:24','2014-05-03 00:26:24',0),(142,'/images/catalogue-pages//14/05/03','Groceries 3.JPG',NULL,'anonymousUser','anonymousUser','2014-05-03 00:32:56','2014-05-03 00:32:56',0),(143,'/images/catalogue-pages//14/05/03','thumb-Groceries 3.JPG',NULL,'anonymousUser','anonymousUser','2014-05-03 00:32:57','2014-05-03 00:32:57',0),(144,'/images/catalogue-pages//14/05/17','thumb-thumb-thumb-thumb-thumb-thumb-mini-Groceries 3.JPG',NULL,'anonymousUser','anonymousUser','2014-05-03 00:32:57','2014-05-17 17:33:10',0),(145,'/images/deals/14/05/03','olives.JPG',NULL,'anonymousUser','anonymousUser','2014-05-03 00:32:57','2014-05-03 00:32:57',0),(146,'/images/catalogue//14/05/03','Suraj Electronics 0.JPG',NULL,'anonymousUser','anonymousUser','2014-05-03 00:42:20','2014-05-03 00:42:20',0),(147,'/images/catalogue-pages//14/05/17','thumb-thumb-thumb-Suraj Electronics 0-1400317158034-1400317728260-1400318095917-1400373186566.JPG',NULL,'anonymousUser','anonymousUser','2014-05-03 00:42:20','2014-05-17 17:33:06',0),(148,'/images/catalogue-pages//14/05/03','Suraj Electronics 0.JPG',NULL,'anonymousUser','anonymousUser','2014-05-03 00:50:49','2014-05-03 00:50:49',0),(149,'/images/catalogue-pages//14/05/03','thumb-Suraj Electronics 0.JPG',NULL,'anonymousUser','anonymousUser','2014-05-03 00:50:49','2014-05-03 00:50:49',0),(150,'/images/catalogue-pages//14/05/17','thumb-thumb-thumb-thumb-thumb-thumb-mini-Suraj Electronics 0.JPG',NULL,'anonymousUser','anonymousUser','2014-05-03 00:50:49','2014-05-17 17:33:10',0),(151,'/images/deals/14/05/03','Samsung galaxy core.JPG',NULL,'anonymousUser','anonymousUser','2014-05-03 00:50:49','2014-05-03 00:50:49',0),(152,'/images/deals/14/05/03','Samsung galaxy trend.JPG',NULL,'anonymousUser','anonymousUser','2014-05-03 00:50:49','2014-05-03 00:50:49',0),(153,'/images/catalogue-pages//14/05/03','Suraj Electronics 1.JPG',NULL,'anonymousUser','anonymousUser','2014-05-03 00:57:21','2014-05-03 00:57:21',0),(154,'/images/catalogue-pages//14/05/03','thumb-Suraj Electronics 1.JPG',NULL,'anonymousUser','anonymousUser','2014-05-03 00:57:21','2014-05-03 00:57:21',0),(155,'/images/catalogue-pages//14/05/17','thumb-thumb-thumb-thumb-thumb-thumb-mini-Suraj Electronics 1.JPG',NULL,'anonymousUser','anonymousUser','2014-05-03 00:57:21','2014-05-17 17:33:10',0),(156,'/images/deals/14/05/03','Nikon.JPG',NULL,'anonymousUser','anonymousUser','2014-05-03 00:57:21','2014-05-03 00:57:21',0),(157,'/images/deals/14/05/03','Sony Led.JPG',NULL,'anonymousUser','anonymousUser','2014-05-03 00:57:21','2014-05-03 00:57:21',0),(158,'/images/catalogue-pages//14/05/03','Suraj Electronics 2.JPG',NULL,'anonymousUser','anonymousUser','2014-05-03 01:02:54','2014-05-03 01:02:54',0),(159,'/images/catalogue-pages//14/05/03','thumb-Suraj Electronics 2.JPG',NULL,'anonymousUser','anonymousUser','2014-05-03 01:02:57','2014-05-03 01:02:57',0),(160,'/images/catalogue-pages//14/05/17','thumb-thumb-thumb-thumb-thumb-thumb-mini-Suraj Electronics 2.JPG',NULL,'anonymousUser','anonymousUser','2014-05-03 01:03:00','2014-05-17 17:33:10',0),(161,'/images/catalogue//14/05/03','Capture.JPG',NULL,'anonymousUser','anonymousUser','2014-05-03 01:20:07','2014-05-03 01:20:07',0),(162,'/images/catalogue-pages//14/05/17','Capture-1400317733184-1400318096001-1400373186681.JPG',NULL,'anonymousUser','anonymousUser','2014-05-03 01:20:12','2014-05-17 17:33:06',0),(163,'/images/catalogue-pages//14/05/03','Capture.JPG',NULL,'anonymousUser','anonymousUser','2014-05-03 01:33:45','2014-05-03 01:33:45',0),(164,'/images/catalogue-pages//14/05/03','thumb-Capture.JPG',NULL,'anonymousUser','anonymousUser','2014-05-03 01:33:45','2014-05-03 01:33:45',0),(165,'/images/catalogue-pages//14/05/17','thumb-thumb-thumb-thumb-Capture-1400317794856.JPG',NULL,'anonymousUser','anonymousUser','2014-05-03 01:33:45','2014-05-17 17:33:10',0),(166,'/images/catalogue-pages//14/05/03','Capture 1.JPG',NULL,'anonymousUser','anonymousUser','2014-05-03 01:40:08','2014-05-03 01:40:08',0),(167,'/images/catalogue-pages//14/05/03','thumb-Capture 1.JPG',NULL,'anonymousUser','anonymousUser','2014-05-03 01:40:09','2014-05-03 01:40:09',0),(168,'/images/catalogue-pages//14/05/17','thumb-thumb-thumb-thumb-thumb-thumb-mini-Capture 1.JPG',NULL,'anonymousUser','anonymousUser','2014-05-03 01:40:09','2014-05-17 17:33:10',0),(169,'/images/catalogue-pages//14/05/03','Capture 2.JPG',NULL,'anonymousUser','anonymousUser','2014-05-03 01:42:33','2014-05-03 01:42:33',0),(170,'/images/catalogue-pages//14/05/03','thumb-Capture 2.JPG',NULL,'anonymousUser','anonymousUser','2014-05-03 01:42:35','2014-05-03 01:42:35',0),(171,'/images/catalogue-pages//14/05/17','thumb-thumb-thumb-thumb-thumb-thumb-mini-Capture 2.JPG',NULL,'anonymousUser','anonymousUser','2014-05-03 01:42:35','2014-05-17 17:33:10',0),(172,'/images/catalogue-pages//14/05/03','4-1399118041801.jpg',NULL,'anonymousUser','anonymousUser','2014-05-03 04:54:01','2014-05-03 04:54:01',0),(173,'/images/catalogue-pages//14/05/03','thumb-4-1399118042119.jpg',NULL,'anonymousUser','anonymousUser','2014-05-03 04:54:02','2014-05-03 04:54:02',0),(174,'/images/catalogue-pages//14/05/17','thumb-thumb-thumb-thumb-thumb-thumb-mini-4-1399118042268.jpg',NULL,'anonymousUser','anonymousUser','2014-05-03 04:54:02','2014-05-17 17:33:10',0),(175,'/images/catalogue-pages//14/05/03','5.jpg',NULL,'anonymousUser','anonymousUser','2014-05-03 04:58:14','2014-05-03 04:58:14',0),(176,'/images/catalogue-pages//14/05/03','thumb-5.jpg',NULL,'anonymousUser','anonymousUser','2014-05-03 04:58:14','2014-05-03 04:58:14',0),(177,'/images/catalogue-pages//14/05/17','thumb-thumb-thumb-thumb-thumb-thumb-mini-5.jpg',NULL,'anonymousUser','anonymousUser','2014-05-03 04:58:15','2014-05-17 17:33:11',0),(178,'/images/deals/14/05/03','Spencer deal 1.JPG',NULL,'anonymousUser','anonymousUser','2014-05-03 05:01:29','2014-05-03 05:01:29',0),(179,'/images/catalogue//14/05/03','6.jpg',NULL,'anonymousUser','anonymousUser','2014-05-03 05:02:51','2014-05-03 05:02:51',0),(180,'/images/catalogue-pages//14/05/17','thumb-thumb-thumb-6-1400317158671-1400317739595-1400318096444-1400373186976.jpg',NULL,'anonymousUser','anonymousUser','2014-05-03 05:02:51','2014-05-17 17:33:06',0),(181,'/images/catalogue-pages//14/05/03','6.jpg',NULL,'anonymousUser','anonymousUser','2014-05-03 05:04:04','2014-05-03 05:04:04',0),(182,'/images/catalogue-pages//14/05/03','thumb-6.jpg',NULL,'anonymousUser','anonymousUser','2014-05-03 05:04:05','2014-05-03 05:04:05',0),(183,'/images/catalogue-pages//14/05/17','thumb-thumb-thumb-thumb-thumb-thumb-mini-6.jpg',NULL,'anonymousUser','anonymousUser','2014-05-03 05:04:05','2014-05-17 17:33:11',0),(184,'/images/catalogue-pages//14/05/03','7.jpg',NULL,'anonymousUser','anonymousUser','2014-05-03 05:05:22','2014-05-03 05:05:22',0),(185,'/images/catalogue-pages//14/05/03','thumb-7.jpg',NULL,'anonymousUser','anonymousUser','2014-05-03 05:05:23','2014-05-03 05:05:23',0),(186,'/images/catalogue-pages//14/05/17','thumb-thumb-thumb-thumb-thumb-thumb-mini-7.jpg',NULL,'anonymousUser','anonymousUser','2014-05-03 05:05:23','2014-05-17 17:33:11',0),(187,'/images/catalogue-pages//14/05/03','8.jpg',NULL,'anonymousUser','anonymousUser','2014-05-03 05:09:07','2014-05-03 05:09:07',0),(188,'/images/catalogue-pages//14/05/03','thumb-8.jpg',NULL,'anonymousUser','anonymousUser','2014-05-03 05:09:07','2014-05-03 05:09:07',0),(189,'/images/catalogue-pages//14/05/17','thumb-thumb-thumb-thumb-thumb-thumb-mini-8.jpg',NULL,'anonymousUser','anonymousUser','2014-05-03 05:09:07','2014-05-17 17:33:12',0),(190,'/images/deals/14/05/03','Spencer deal 2.JPG',NULL,'anonymousUser','anonymousUser','2014-05-03 05:09:58','2014-05-03 05:09:58',0),(191,'/images/catalogue//14/05/03','11.jpg',NULL,'anonymousUser','anonymousUser','2014-05-03 05:11:24','2014-05-03 05:11:24',0),(192,'/images/catalogue-pages//14/05/17','thumb-thumb-thumb-11-1400317158987-1400317740397-1400318096757-1400373187267.jpg',NULL,'anonymousUser','anonymousUser','2014-05-03 05:11:43','2014-05-17 17:33:07',0),(193,'/images/catalogue-pages//14/05/03','11.jpg',NULL,'anonymousUser','anonymousUser','2014-05-03 09:26:33','2014-05-03 09:26:33',0),(194,'/images/catalogue-pages//14/05/03','thumb-11.jpg',NULL,'anonymousUser','anonymousUser','2014-05-03 09:26:35','2014-05-03 09:26:35',0),(195,'/images/catalogue-pages//14/05/17','thumb-thumb-thumb-thumb-thumb-thumb-mini-11.jpg',NULL,'anonymousUser','anonymousUser','2014-05-03 09:26:37','2014-05-17 17:33:12',0),(196,'/images/catalogue-pages//14/05/03','12.jpg',NULL,'anonymousUser','anonymousUser','2014-05-03 09:28:46','2014-05-03 09:28:46',0),(197,'/images/catalogue-pages//14/05/03','thumb-12.jpg',NULL,'anonymousUser','anonymousUser','2014-05-03 09:28:46','2014-05-03 09:28:46',0),(198,'/images/catalogue-pages//14/05/17','thumb-thumb-thumb-thumb-thumb-thumb-mini-12.jpg',NULL,'anonymousUser','anonymousUser','2014-05-03 09:28:46','2014-05-17 17:33:12',0),(199,'/images/catalogue-pages//14/05/03','15.jpg',NULL,'anonymousUser','anonymousUser','2014-05-03 09:32:18','2014-05-03 09:32:18',0),(200,'/images/catalogue-pages//14/05/03','thumb-15.jpg',NULL,'anonymousUser','anonymousUser','2014-05-03 09:32:20','2014-05-03 09:32:20',0),(201,'/images/catalogue-pages//14/05/17','thumb-thumb-thumb-thumb-thumb-thumb-mini-15.jpg',NULL,'anonymousUser','anonymousUser','2014-05-03 09:32:20','2014-05-17 17:33:13',0),(202,'/images/deals/14/05/03','Spencer deal 4.JPG',NULL,'anonymousUser','anonymousUser','2014-05-03 09:32:20','2014-05-03 09:32:20',0),(203,'/images/deals/14/05/03','Spencer deal 3.JPG',NULL,'anonymousUser','anonymousUser','2014-05-03 09:32:20','2014-05-03 09:32:20',0),(204,'/images/catalogue-pages//14/05/03','16.jpg',NULL,'anonymousUser','anonymousUser','2014-05-03 09:34:06','2014-05-03 09:34:06',0),(205,'/images/catalogue-pages//14/05/03','thumb-16.jpg',NULL,'anonymousUser','anonymousUser','2014-05-03 09:34:07','2014-05-03 09:34:07',0),(206,'/images/catalogue-pages//14/05/17','thumb-thumb-thumb-thumb-thumb-thumb-mini-16.jpg',NULL,'anonymousUser','anonymousUser','2014-05-03 09:34:07','2014-05-17 17:33:13',0),(207,'/images/catalogue//14/05/04','00001.jpg',NULL,'anonymousUser','anonymousUser','2014-05-04 07:59:54','2014-05-04 07:59:54',0),(208,'/images/catalogue//14/05/04','thumb-00001.jpg',NULL,'anonymousUser','anonymousUser','2014-05-04 07:59:55','2014-05-04 07:59:55',0),(209,'/images/catalogue-pages//14/05/04','00001.jpg',NULL,'anonymousUser','anonymousUser','2014-05-04 23:20:31','2014-05-04 23:20:31',0),(210,'/images/catalogue-pages//14/05/04','thumb-00001.jpg',NULL,'anonymousUser','anonymousUser','2014-05-04 23:20:40','2014-05-04 23:20:40',0),(211,'/images/catalogue-pages//14/05/17','thumb-thumb-thumb-thumb-thumb-thumb-mini-00001-1400316023199.jpg',NULL,'anonymousUser','anonymousUser','2014-05-04 23:20:44','2014-05-17 17:33:13',0),(212,'/images/catalogue//14/05/04','00002.jpg',NULL,'anonymousUser','anonymousUser','2014-05-04 23:21:56','2014-05-04 23:21:56',0),(213,'/images/catalogue-pages//14/05/17','thumb-thumb-thumb-00002-1400317159089-1400317741054-1400318096898-1400373187539.jpg',NULL,'anonymousUser','anonymousUser','2014-05-04 23:21:56','2014-05-17 17:33:07',0),(214,'/images/retailer//14/05/11','Ritu Wears.JPG',NULL,'anonymousUser','anonymousUser','2014-05-11 00:07:20','2014-05-11 00:07:20',0),(215,'/images/catalogue-pages//14/05/11','00001.jpg',NULL,'anonymousUser','anonymousUser','2014-05-11 00:15:29','2014-05-11 00:15:29',0),(216,'/images/catalogue-pages//14/05/11','thumb-00001.jpg',NULL,'anonymousUser','anonymousUser','2014-05-11 00:15:29','2014-05-11 00:15:29',0),(217,'/images/catalogue-pages//14/05/17','thumb-thumb-thumb-thumb-thumb-thumb-thumb-thumb-mini-00001-1400317159178-1400317744385-1400318096984-1400373187609.jpg',NULL,'anonymousUser','anonymousUser','2014-05-11 00:15:29','2014-05-17 17:33:13',0),(218,'/images/catalogue-pages//14/05/11','00002.jpg',NULL,'anonymousUser','anonymousUser','2014-05-11 00:15:50','2014-05-11 00:15:50',0),(219,'/images/catalogue-pages//14/05/11','thumb-00002.jpg',NULL,'anonymousUser','anonymousUser','2014-05-11 00:15:53','2014-05-11 00:15:53',0),(220,'/images/catalogue-pages//14/05/17','thumb-thumb-thumb-thumb-thumb-thumb-mini-00002-1400316023436.jpg',NULL,'anonymousUser','anonymousUser','2014-05-11 00:15:57','2014-05-17 17:33:13',0),(221,'/images/catalogue-pages//14/05/11','00003.jpg',NULL,'anonymousUser','anonymousUser','2014-05-11 00:16:20','2014-05-11 00:16:20',0),(222,'/images/catalogue-pages//14/05/11','thumb-00003.jpg',NULL,'anonymousUser','anonymousUser','2014-05-11 00:16:22','2014-05-11 00:16:22',0),(223,'/images/catalogue-pages//14/05/17','thumb-thumb-thumb-thumb-thumb-thumb-mini-00003-1400316023533.jpg',NULL,'anonymousUser','anonymousUser','2014-05-11 00:16:26','2014-05-17 17:33:13',0),(224,'/images/catalogue-pages//14/05/11','00004.jpg',NULL,'anonymousUser','anonymousUser','2014-05-11 00:16:40','2014-05-11 00:16:40',0),(225,'/images/catalogue-pages//14/05/11','thumb-00004.jpg',NULL,'anonymousUser','anonymousUser','2014-05-11 00:16:43','2014-05-11 00:16:43',0),(226,'/images/catalogue-pages//14/05/17','thumb-thumb-thumb-thumb-thumb-thumb-mini-00004-1400316023627.jpg',NULL,'anonymousUser','anonymousUser','2014-05-11 00:16:45','2014-05-17 17:33:13',0),(227,'/images/catalogue-pages//14/05/11','00005.jpg',NULL,'anonymousUser','anonymousUser','2014-05-11 00:17:14','2014-05-11 00:17:14',0),(228,'/images/catalogue-pages//14/05/11','thumb-00005.jpg',NULL,'anonymousUser','anonymousUser','2014-05-11 00:17:14','2014-05-11 00:17:14',0),(229,'/images/catalogue-pages//14/05/17','thumb-thumb-thumb-thumb-thumb-thumb-mini-00005-1400316023723.jpg',NULL,'anonymousUser','anonymousUser','2014-05-11 00:17:14','2014-05-17 17:33:13',0),(230,'/images/catalogue-pages//14/05/11','00006.jpg',NULL,'anonymousUser','anonymousUser','2014-05-11 00:17:27','2014-05-11 00:17:27',0),(231,'/images/catalogue-pages//14/05/11','thumb-00006.jpg',NULL,'anonymousUser','anonymousUser','2014-05-11 00:17:27','2014-05-11 00:17:27',0),(232,'/images/catalogue-pages//14/05/17','thumb-thumb-thumb-thumb-thumb-thumb-mini-00006-1400316023818.jpg',NULL,'anonymousUser','anonymousUser','2014-05-11 00:17:27','2014-05-17 17:33:13',0),(233,'/images/catalogue-pages//14/05/11','00007.jpg',NULL,'anonymousUser','anonymousUser','2014-05-11 00:17:39','2014-05-11 00:17:39',0),(234,'/images/catalogue-pages//14/05/11','thumb-00007.jpg',NULL,'anonymousUser','anonymousUser','2014-05-11 00:17:41','2014-05-11 00:17:41',0),(235,'/images/catalogue-pages//14/05/17','thumb-thumb-thumb-thumb-thumb-thumb-mini-00007-1400316023914.jpg',NULL,'anonymousUser','anonymousUser','2014-05-11 00:17:42','2014-05-17 17:33:14',0),(236,'/images/catalogue-pages//14/05/11','00008.jpg',NULL,'anonymousUser','anonymousUser','2014-05-11 00:19:43','2014-05-11 00:19:43',0),(237,'/images/catalogue-pages//14/05/11','thumb-00008.jpg',NULL,'anonymousUser','anonymousUser','2014-05-11 00:19:47','2014-05-11 00:19:47',0),(238,'/images/catalogue-pages//14/05/17','thumb-thumb-thumb-thumb-thumb-thumb-mini-00008.jpg',NULL,'anonymousUser','anonymousUser','2014-05-11 00:19:48','2014-05-17 17:33:14',0),(239,'/images/catalogue-pages//14/05/11','00009.jpg',NULL,'anonymousUser','anonymousUser','2014-05-11 00:20:04','2014-05-11 00:20:04',0),(240,'/images/catalogue-pages//14/05/11','thumb-00009.jpg',NULL,'anonymousUser','anonymousUser','2014-05-11 00:20:04','2014-05-11 00:20:04',0),(241,'/images/catalogue-pages//14/05/17','thumb-thumb-thumb-thumb-thumb-thumb-mini-00009-1400316024112.jpg',NULL,'anonymousUser','anonymousUser','2014-05-11 00:20:05','2014-05-17 17:33:14',0),(242,'/images/catalogue-pages//14/05/11','00010.jpg',NULL,'anonymousUser','anonymousUser','2014-05-11 00:20:15','2014-05-11 00:20:15',0),(243,'/images/catalogue-pages//14/05/11','thumb-00010.jpg',NULL,'anonymousUser','anonymousUser','2014-05-11 00:20:16','2014-05-11 00:20:16',0),(244,'/images/catalogue-pages//14/05/17','thumb-thumb-thumb-thumb-thumb-thumb-mini-00010.jpg',NULL,'anonymousUser','anonymousUser','2014-05-11 00:20:16','2014-05-17 17:33:14',0),(245,'/images/catalogue-pages//14/05/11','00011.jpg',NULL,'anonymousUser','anonymousUser','2014-05-11 00:20:26','2014-05-11 00:20:26',0),(246,'/images/catalogue-pages//14/05/11','thumb-00011.jpg',NULL,'anonymousUser','anonymousUser','2014-05-11 00:20:26','2014-05-11 00:20:26',0),(247,'/images/catalogue-pages//14/05/17','thumb-thumb-thumb-thumb-thumb-thumb-mini-00011-1400316024302.jpg',NULL,'anonymousUser','anonymousUser','2014-05-11 00:20:26','2014-05-17 17:33:14',0),(248,'/images/catalogue//14/05/13','01.jpg',NULL,'anonymousUser','anonymousUser','2014-05-13 02:36:57','2014-05-13 02:36:57',0),(249,'/images/catalogue//14/05/13','thumb-01.jpg',NULL,'anonymousUser','anonymousUser','2014-05-13 02:36:57','2014-05-13 02:36:57',0),(250,'/images/catalogue-pages//14/05/13','01.jpg',NULL,'anonymousUser','anonymousUser','2014-05-13 02:37:48','2014-05-13 02:37:48',0),(251,'/images/catalogue-pages//14/05/13','thumb-01.jpg',NULL,'anonymousUser','anonymousUser','2014-05-13 02:37:49','2014-05-13 02:37:49',0),(252,'/images/catalogue-pages//14/05/17','thumb-thumb-thumb-thumb-thumb-thumb-thumb-thumb-mini-01-1400317159268-1400317746290-1400318097078-1400373187691.jpg',NULL,'anonymousUser','anonymousUser','2014-05-13 02:37:49','2014-05-17 17:33:14',0),(253,'/images/catalogue-pages//14/05/13','02.jpg',NULL,'anonymousUser','anonymousUser','2014-05-13 02:38:01','2014-05-13 02:38:01',0),(254,'/images/catalogue-pages//14/05/13','thumb-02.jpg',NULL,'anonymousUser','anonymousUser','2014-05-13 02:38:02','2014-05-13 02:38:02',0),(255,'/images/catalogue-pages//14/05/17','thumb-thumb-thumb-thumb-thumb-thumb-mini-02.jpg',NULL,'anonymousUser','anonymousUser','2014-05-13 02:38:04','2014-05-17 17:33:14',0),(256,'/images/catalogue-pages//14/05/13','03.jpg',NULL,'anonymousUser','anonymousUser','2014-05-13 02:41:25','2014-05-13 02:41:25',0),(257,'/images/catalogue-pages//14/05/13','thumb-03.jpg',NULL,'anonymousUser','anonymousUser','2014-05-13 02:41:30','2014-05-13 02:41:30',0),(258,'/images/catalogue-pages//14/05/17','thumb-thumb-thumb-thumb-thumb-thumb-mini-03.jpg',NULL,'anonymousUser','anonymousUser','2014-05-13 02:41:34','2014-05-17 17:33:15',0),(259,'/images/catalogue//14/05/13','00012.jpg',NULL,'anonymousUser','anonymousUser','2014-05-13 21:07:31','2014-05-13 21:07:31',0),(260,'/images/catalogue-pages//14/05/17','thumb-thumb-thumb-00012-1400317159338-1400317746370-1400318097585-1400373187754.jpg',NULL,'anonymousUser','anonymousUser','2014-05-13 21:07:31','2014-05-17 17:33:07',0),(261,'/images/catalogue-pages//14/05/13','00001.jpg',NULL,'anonymousUser','anonymousUser','2014-05-13 21:54:58','2014-05-13 21:54:58',0),(262,'/images/catalogue-pages//14/05/13','thumb-00001.jpg',NULL,'anonymousUser','anonymousUser','2014-05-13 21:54:59','2014-05-13 21:54:59',0),(263,'/images/catalogue-pages//14/05/17','thumb-thumb-thumb-thumb-thumb-thumb-thumb-thumb-mini-00001-1400316017474-1400317159411-1400317746429-1400318097656-1400373187819.jpg',NULL,'anonymousUser','anonymousUser','2014-05-13 21:54:59','2014-05-17 17:33:15',0),(264,'/images/catalogue-pages//14/05/13','00002.jpg',NULL,'anonymousUser','anonymousUser','2014-05-13 21:55:15','2014-05-13 21:55:15',0),(265,'/images/catalogue-pages//14/05/13','thumb-00002.jpg',NULL,'anonymousUser','anonymousUser','2014-05-13 21:55:17','2014-05-13 21:55:17',0),(266,'/images/catalogue-pages//14/05/17','thumb-thumb-thumb-thumb-thumb-thumb-mini-00002-1400316024694.jpg',NULL,'anonymousUser','anonymousUser','2014-05-13 21:55:18','2014-05-17 17:33:15',0),(267,'/images/catalogue-pages//14/05/13','00003.jpg',NULL,'anonymousUser','anonymousUser','2014-05-13 21:55:35','2014-05-13 21:55:35',0),(268,'/images/catalogue-pages//14/05/13','thumb-00003.jpg',NULL,'anonymousUser','anonymousUser','2014-05-13 21:55:37','2014-05-13 21:55:37',0),(269,'/images/catalogue-pages//14/05/17','thumb-thumb-thumb-thumb-thumb-thumb-mini-00003-1400316024750.jpg',NULL,'anonymousUser','anonymousUser','2014-05-13 21:55:37','2014-05-17 17:33:15',0),(270,'/images/catalogue-pages//14/05/13','00003-1400043359609.jpg',NULL,'anonymousUser','anonymousUser','2014-05-13 21:55:59','2014-05-13 21:55:59',0),(271,'/images/catalogue-pages//14/05/13','thumb-00003-1400043359683.jpg',NULL,'anonymousUser','anonymousUser','2014-05-13 21:55:59','2014-05-13 21:55:59',0),(272,'/images/catalogue-pages//14/05/13','mini-00003-1400043359722.jpg',NULL,'anonymousUser','anonymousUser','2014-05-13 21:55:59','2014-05-13 21:55:59',0),(273,'/images/catalogue-pages//14/05/13','00004.jpg',NULL,'anonymousUser','anonymousUser','2014-05-13 21:56:27','2014-05-13 21:56:27',0),(274,'/images/catalogue-pages//14/05/13','thumb-00004.jpg',NULL,'anonymousUser','anonymousUser','2014-05-13 21:56:27','2014-05-13 21:56:27',0),(275,'/images/catalogue-pages//14/05/17','thumb-thumb-thumb-thumb-thumb-thumb-mini-00004-1400316024808.jpg',NULL,'anonymousUser','anonymousUser','2014-05-13 21:56:27','2014-05-17 17:33:15',0),(276,'/images/catalogue-pages//14/05/13','00005.jpg',NULL,'anonymousUser','anonymousUser','2014-05-13 21:56:46','2014-05-13 21:56:46',0),(277,'/images/catalogue-pages//14/05/13','thumb-00005.jpg',NULL,'anonymousUser','anonymousUser','2014-05-13 21:56:46','2014-05-13 21:56:46',0),(278,'/images/catalogue-pages//14/05/17','thumb-thumb-thumb-thumb-thumb-thumb-mini-00005-1400316024868.jpg',NULL,'anonymousUser','anonymousUser','2014-05-13 21:56:47','2014-05-17 17:33:15',0),(279,'/images/catalogue//14/05/14','00011.jpg',NULL,'anonymousUser','anonymousUser','2014-05-14 23:28:18','2014-05-14 23:28:18',0),(280,'/images/catalogue//14/05/14','thumb-00011.jpg',NULL,'anonymousUser','anonymousUser','2014-05-14 23:28:18','2014-05-14 23:28:18',0),(281,'/images/catalogue-pages//14/05/14','00011.jpg',NULL,'anonymousUser','anonymousUser','2014-05-14 23:28:29','2014-05-14 23:28:29',0),(282,'/images/catalogue-pages//14/05/14','thumb-00011.jpg',NULL,'anonymousUser','anonymousUser','2014-05-14 23:28:29','2014-05-14 23:28:29',0),(283,'/images/catalogue-pages//14/05/17','thumb-thumb-thumb-thumb-thumb-thumb-thumb-thumb-mini-00011-1400317159488-1400317746511-1400318097732-1400373187883.jpg',NULL,'anonymousUser','anonymousUser','2014-05-14 23:28:29','2014-05-17 17:33:15',0),(284,'/images/catalogue-pages//14/05/17','00001.jpg',NULL,'anonymousUser','anonymousUser','2014-05-17 11:41:19','2014-05-17 11:41:19',0),(285,'/images/catalogue-pages//14/05/17','thumb-thumb-00001-1400373187948.jpg',NULL,'anonymousUser','anonymousUser','2014-05-17 11:41:19','2014-05-17 17:33:15',0),(286,'/images/catalogue-pages//14/05/17','mini-00001.jpg',NULL,'anonymousUser','anonymousUser','2014-05-17 11:41:19','2014-05-17 11:41:19',0),(287,'/images/catalogue-pages//14/05/17','00002.jpg',NULL,'anonymousUser','anonymousUser','2014-05-17 11:41:31','2014-05-17 11:41:31',0),(288,'/images/catalogue-pages//14/05/17','thumb-thumb-00002-1400373195691.jpg',NULL,'anonymousUser','anonymousUser','2014-05-17 11:41:32','2014-05-17 17:33:15',0),(289,'/images/catalogue-pages//14/05/17','mini-00002.jpg',NULL,'anonymousUser','anonymousUser','2014-05-17 11:41:32','2014-05-17 11:41:32',0),(290,'/images/catalogue-pages//14/05/17','00003.jpg',NULL,'anonymousUser','anonymousUser','2014-05-17 11:41:45','2014-05-17 11:41:45',0),(291,'/images/catalogue-pages//14/05/17','thumb-thumb-00003.jpg',NULL,'anonymousUser','anonymousUser','2014-05-17 11:41:49','2014-05-17 17:33:15',0),(292,'/images/catalogue-pages//14/05/17','mini-00003.jpg',NULL,'anonymousUser','anonymousUser','2014-05-17 11:41:49','2014-05-17 11:41:49',0),(293,'/images/catalogue-pages//14/05/17','00004.jpg',NULL,'anonymousUser','anonymousUser','2014-05-17 11:42:00','2014-05-17 11:42:00',0),(294,'/images/catalogue-pages//14/05/17','thumb-thumb-00004.jpg',NULL,'anonymousUser','anonymousUser','2014-05-17 11:42:00','2014-05-17 17:33:15',0),(295,'/images/catalogue-pages//14/05/17','mini-00004.jpg',NULL,'anonymousUser','anonymousUser','2014-05-17 11:42:00','2014-05-17 11:42:00',0),(296,'/images/catalogue-pages//14/05/17','00005.jpg',NULL,'anonymousUser','anonymousUser','2014-05-17 11:42:12','2014-05-17 11:42:12',0),(297,'/images/catalogue-pages//14/05/17','thumb-thumb-00005.jpg',NULL,'anonymousUser','anonymousUser','2014-05-17 11:42:17','2014-05-17 17:33:15',0),(298,'/images/catalogue-pages//14/05/17','mini-00005.jpg',NULL,'anonymousUser','anonymousUser','2014-05-17 11:42:20','2014-05-17 11:42:20',0),(299,'/images/catalogue-pages//14/05/17','00006.jpg',NULL,'anonymousUser','anonymousUser','2014-05-17 11:43:03','2014-05-17 11:43:03',0),(300,'/images/catalogue-pages//14/05/17','thumb-thumb-00006.jpg',NULL,'anonymousUser','anonymousUser','2014-05-17 11:43:03','2014-05-17 17:33:15',0),(301,'/images/catalogue-pages//14/05/17','mini-00006.jpg',NULL,'anonymousUser','anonymousUser','2014-05-17 11:43:03','2014-05-17 11:43:03',0),(302,'/images/catalogue-pages//14/05/17','00007.jpg',NULL,'anonymousUser','anonymousUser','2014-05-17 11:43:28','2014-05-17 11:43:28',0),(303,'/images/catalogue-pages//14/05/17','thumb-thumb-00007.jpg',NULL,'anonymousUser','anonymousUser','2014-05-17 11:43:28','2014-05-17 17:33:15',0),(304,'/images/catalogue-pages//14/05/17','mini-00007.jpg',NULL,'anonymousUser','anonymousUser','2014-05-17 11:43:28','2014-05-17 11:43:28',0),(305,'/images/catalogue-pages//14/05/17','00008.jpg',NULL,'anonymousUser','anonymousUser','2014-05-17 11:43:45','2014-05-17 11:43:45',0),(306,'/images/catalogue-pages//14/05/17','thumb-thumb-00008.jpg',NULL,'anonymousUser','anonymousUser','2014-05-17 11:43:45','2014-05-17 17:33:16',0),(307,'/images/catalogue-pages//14/05/17','mini-00008.jpg',NULL,'anonymousUser','anonymousUser','2014-05-17 11:43:46','2014-05-17 11:43:46',0),(308,'/images/catalogue-pages//14/05/17','00001-1400352347325.jpg',NULL,'anonymousUser','anonymousUser','2014-05-17 11:45:47','2014-05-17 11:45:47',0),(309,'/images/catalogue-pages//14/05/17','thumb-thumb-00001-1400352347868-1400373188011.jpg',NULL,'anonymousUser','anonymousUser','2014-05-17 11:45:47','2014-05-17 17:33:16',0),(310,'/images/catalogue-pages//14/05/17','mini-00001-1400352347890.jpg',NULL,'anonymousUser','anonymousUser','2014-05-17 11:45:47','2014-05-17 11:45:47',0),(311,'/images/catalogue-pages//14/05/17','00002-1400352359711.jpg',NULL,'anonymousUser','anonymousUser','2014-05-17 11:45:59','2014-05-17 11:45:59',0),(312,'/images/catalogue-pages//14/05/17','thumb-thumb-00002-1400352360255.jpg',NULL,'anonymousUser','anonymousUser','2014-05-17 11:46:00','2014-05-17 17:33:16',0),(313,'/images/catalogue-pages//14/05/17','mini-00002-1400352363855.jpg',NULL,'anonymousUser','anonymousUser','2014-05-17 11:46:03','2014-05-17 11:46:03',0),(314,'/images/catalogue-pages//14/05/17','00003-1400352374174.jpg',NULL,'anonymousUser','anonymousUser','2014-05-17 11:46:14','2014-05-17 11:46:14',0),(315,'/images/catalogue-pages//14/05/17','thumb-thumb-00003-1400352374240.jpg',NULL,'anonymousUser','anonymousUser','2014-05-17 11:46:14','2014-05-17 17:33:16',0),(316,'/images/catalogue-pages//14/05/17','mini-00003-1400352374260.jpg',NULL,'anonymousUser','anonymousUser','2014-05-17 11:46:14','2014-05-17 11:46:14',0),(317,'/images/catalogue-pages//14/05/17','00004-1400352383411.jpg',NULL,'anonymousUser','anonymousUser','2014-05-17 11:46:23','2014-05-17 11:46:23',0),(318,'/images/catalogue-pages//14/05/17','thumb-thumb-00004-1400352383621.jpg',NULL,'anonymousUser','anonymousUser','2014-05-17 11:46:23','2014-05-17 17:33:16',0),(319,'/images/catalogue-pages//14/05/17','mini-00004-1400352383646.jpg',NULL,'anonymousUser','anonymousUser','2014-05-17 11:46:23','2014-05-17 11:46:23',0),(320,'/images/catalogue-pages//14/05/17','00001-1400352574596.jpg',NULL,'anonymousUser','anonymousUser','2014-05-17 11:49:34','2014-05-17 11:49:34',0),(321,'/images/catalogue-pages//14/05/17','thumb-thumb-00001-1400352575033-1400373188168.jpg',NULL,'anonymousUser','anonymousUser','2014-05-17 11:49:35','2014-05-17 17:33:16',0),(322,'/images/catalogue-pages//14/05/17','mini-00001-1400352575337.jpg',NULL,'anonymousUser','anonymousUser','2014-05-17 11:49:35','2014-05-17 11:49:35',0),(323,'/images/catalogue-pages//14/05/17','00002-1400352585723.jpg',NULL,'anonymousUser','anonymousUser','2014-05-17 11:49:45','2014-05-17 11:49:45',0),(324,'/images/catalogue-pages//14/05/17','thumb-thumb-00002-1400352586326.jpg',NULL,'anonymousUser','anonymousUser','2014-05-17 11:49:46','2014-05-17 17:33:16',0),(325,'/images/catalogue-pages//14/05/17','mini-00002-1400352586415.jpg',NULL,'anonymousUser','anonymousUser','2014-05-17 11:49:46','2014-05-17 11:49:46',0),(326,'/images/catalogue-pages//14/05/17','00003-1400352595857.jpg',NULL,'anonymousUser','anonymousUser','2014-05-17 11:49:55','2014-05-17 11:49:55',0),(327,'/images/catalogue-pages//14/05/17','thumb-thumb-00003-1400352597635.jpg',NULL,'anonymousUser','anonymousUser','2014-05-17 11:49:57','2014-05-17 17:33:16',0),(328,'/images/catalogue-pages//14/05/17','mini-00003-1400352607085.jpg',NULL,'anonymousUser','anonymousUser','2014-05-17 11:50:07','2014-05-17 11:50:07',0),(329,'/images/catalogue-pages//14/05/17','00004-1400352636564.jpg',NULL,'anonymousUser','anonymousUser','2014-05-17 11:50:36','2014-05-17 11:50:36',0),(330,'/images/catalogue-pages//14/05/17','thumb-thumb-00004-1400352636849.jpg',NULL,'anonymousUser','anonymousUser','2014-05-17 11:50:36','2014-05-17 17:33:16',0),(331,'/images/catalogue-pages//14/05/17','mini-00004-1400352636870.jpg',NULL,'anonymousUser','anonymousUser','2014-05-17 11:50:36','2014-05-17 11:50:36',0),(332,'/images/catalogue-pages//14/05/17','00005-1400352645435.jpg',NULL,'anonymousUser','anonymousUser','2014-05-17 11:50:45','2014-05-17 11:50:45',0),(333,'/images/catalogue-pages//14/05/17','thumb-thumb-00005-1400352645475.jpg',NULL,'anonymousUser','anonymousUser','2014-05-17 11:50:45','2014-05-17 17:33:16',0),(334,'/images/catalogue-pages//14/05/17','mini-00005-1400352645495.jpg',NULL,'anonymousUser','anonymousUser','2014-05-17 11:50:45','2014-05-17 11:50:45',0),(335,'/images/catalogue-pages//14/05/17','00006-1400352664756.jpg',NULL,'anonymousUser','anonymousUser','2014-05-17 11:51:04','2014-05-17 11:51:04',0),(336,'/images/catalogue-pages//14/05/17','thumb-thumb-00006-1400352665154.jpg',NULL,'anonymousUser','anonymousUser','2014-05-17 11:51:05','2014-05-17 17:33:16',0),(337,'/images/catalogue-pages//14/05/17','mini-00006-1400352665297.jpg',NULL,'anonymousUser','anonymousUser','2014-05-17 11:51:05','2014-05-17 11:51:05',0),(338,'/images/catalogue-pages//14/05/21','suraj-1.jpg',NULL,'anonymousUser','anonymousUser','2014-05-21 18:41:31','2014-05-21 18:41:31',0),(339,'/images/catalogue-pages//14/05/21','thumb-suraj-1.jpg',NULL,'anonymousUser','anonymousUser','2014-05-21 18:41:32','2014-05-21 18:41:32',0),(340,'/images/catalogue-pages//14/05/21','mini-suraj-1.jpg',NULL,'anonymousUser','anonymousUser','2014-05-21 18:41:32','2014-05-21 18:41:32',0),(341,'/images/catalogue-pages//14/05/21','suraj-2.jpg',NULL,'anonymousUser','anonymousUser','2014-05-21 18:42:07','2014-05-21 18:42:07',0),(342,'/images/catalogue-pages//14/05/21','thumb-suraj-2.jpg',NULL,'anonymousUser','anonymousUser','2014-05-21 18:42:08','2014-05-21 18:42:08',0),(343,'/images/catalogue-pages//14/05/21','mini-suraj-2.jpg',NULL,'anonymousUser','anonymousUser','2014-05-21 18:42:08','2014-05-21 18:42:08',0),(344,'/images/catalogue-pages//14/05/21','suraj3.jpg',NULL,'anonymousUser','anonymousUser','2014-05-21 18:42:44','2014-05-21 18:42:44',0),(345,'/images/catalogue-pages//14/05/21','thumb-suraj3.jpg',NULL,'anonymousUser','anonymousUser','2014-05-21 18:42:44','2014-05-21 18:42:44',0),(346,'/images/catalogue-pages//14/05/21','mini-suraj3.jpg',NULL,'anonymousUser','anonymousUser','2014-05-21 18:42:44','2014-05-21 18:42:44',0),(347,'/images/catalogue-pages//14/05/21','suraj 1.JPG',NULL,'anonymousUser','anonymousUser','2014-05-21 18:44:22','2014-05-21 18:44:22',0),(348,'/images/catalogue-pages//14/05/21','thumb-suraj 1.JPG',NULL,'anonymousUser','anonymousUser','2014-05-21 18:44:24','2014-05-21 18:44:24',0),(349,'/images/catalogue-pages//14/05/21','mini-suraj 1.JPG',NULL,'anonymousUser','anonymousUser','2014-05-21 18:44:25','2014-05-21 18:44:25',0),(350,'/images/catalogue-pages//14/05/21','suraj 1.jpg',NULL,'anonymousUser','anonymousUser','2014-05-21 19:41:42','2014-05-21 19:41:42',0),(351,'/images/catalogue-pages//14/05/21','thumb-suraj 1.jpg',NULL,'anonymousUser','anonymousUser','2014-05-21 19:41:43','2014-05-21 19:41:43',0),(352,'/images/catalogue-pages//14/05/21','mini-suraj 1.jpg',NULL,'anonymousUser','anonymousUser','2014-05-21 19:41:43','2014-05-21 19:41:43',0),(353,'/images/catalogue-pages//14/05/21','suraj1.jpg',NULL,'anonymousUser','anonymousUser','2014-05-21 19:43:16','2014-05-21 19:43:16',0),(354,'/images/catalogue-pages//14/05/21','thumb-suraj1.jpg',NULL,'anonymousUser','anonymousUser','2014-05-21 19:43:17','2014-05-21 19:43:17',0),(355,'/images/catalogue-pages//14/05/21','mini-suraj1.jpg',NULL,'anonymousUser','anonymousUser','2014-05-21 19:43:17','2014-05-21 19:43:17',0),(356,'/images/catalogue//14/05/21','1.jpg',NULL,'anonymousUser','anonymousUser','2014-05-21 22:54:54','2014-05-21 22:54:54',0),(357,'/images/catalogue//14/05/21','thumb-1.jpg',NULL,'anonymousUser','anonymousUser','2014-05-21 22:54:55','2014-05-21 22:54:55',0),(358,'/images/catalogue-pages//14/05/21','1.jpg',NULL,'anonymousUser','anonymousUser','2014-05-21 23:04:00','2014-05-21 23:04:00',0),(359,'/images/catalogue-pages//14/05/21','thumb-1.jpg',NULL,'anonymousUser','anonymousUser','2014-05-21 23:04:00','2014-05-21 23:04:00',0),(360,'/images/catalogue-pages//14/05/21','mini-1.jpg',NULL,'anonymousUser','anonymousUser','2014-05-21 23:04:00','2014-05-21 23:04:00',0),(361,'/images/deals/14/05/21','C1_Deal 1.JPG',NULL,'anonymousUser','anonymousUser','2014-05-21 23:04:00','2014-05-21 23:04:00',0),(362,'/images/catalogue-pages//14/05/21','2.jpg',NULL,'anonymousUser','anonymousUser','2014-05-21 23:06:32','2014-05-21 23:06:32',0),(363,'/images/catalogue-pages//14/05/21','thumb-2.jpg',NULL,'anonymousUser','anonymousUser','2014-05-21 23:06:32','2014-05-21 23:06:32',0),(364,'/images/catalogue-pages//14/05/21','mini-2.jpg',NULL,'anonymousUser','anonymousUser','2014-05-21 23:06:32','2014-05-21 23:06:32',0),(365,'/images/catalogue-pages//14/05/21','3.jpg',NULL,'anonymousUser','anonymousUser','2014-05-21 23:07:50','2014-05-21 23:07:50',0),(366,'/images/catalogue-pages//14/05/21','thumb-3.jpg',NULL,'anonymousUser','anonymousUser','2014-05-21 23:07:50','2014-05-21 23:07:50',0),(367,'/images/catalogue-pages//14/05/21','mini-3.jpg',NULL,'anonymousUser','anonymousUser','2014-05-21 23:07:50','2014-05-21 23:07:50',0),(368,'/images/catalogue-pages//14/05/21','4.jpg',NULL,'anonymousUser','anonymousUser','2014-05-21 23:08:28','2014-05-21 23:08:28',0),(369,'/images/catalogue-pages//14/05/21','thumb-4.jpg',NULL,'anonymousUser','anonymousUser','2014-05-21 23:08:28','2014-05-21 23:08:28',0),(370,'/images/catalogue-pages//14/05/21','mini-4.jpg',NULL,'anonymousUser','anonymousUser','2014-05-21 23:08:28','2014-05-21 23:08:28',0),(371,'/images/catalogue-pages//14/05/21','5.jpg',NULL,'anonymousUser','anonymousUser','2014-05-21 23:09:14','2014-05-21 23:09:14',0),(372,'/images/catalogue-pages//14/05/21','thumb-5.jpg',NULL,'anonymousUser','anonymousUser','2014-05-21 23:09:14','2014-05-21 23:09:14',0),(373,'/images/catalogue-pages//14/05/21','mini-5.jpg',NULL,'anonymousUser','anonymousUser','2014-05-21 23:09:14','2014-05-21 23:09:14',0),(374,'/images/catalogue//14/05/21','1-1400740735559.jpg',NULL,'anonymousUser','anonymousUser','2014-05-21 23:38:55','2014-05-21 23:38:55',0),(375,'/images/catalogue//14/05/21','thumb-1-1400740735841.jpg',NULL,'anonymousUser','anonymousUser','2014-05-21 23:38:55','2014-05-21 23:38:55',0),(376,'/images/catalogue-pages//14/05/21','1-1400740797665.jpg',NULL,'anonymousUser','anonymousUser','2014-05-21 23:39:57','2014-05-21 23:39:57',0),(377,'/images/catalogue-pages//14/05/21','thumb-1-1400740798146.jpg',NULL,'anonymousUser','anonymousUser','2014-05-21 23:39:58','2014-05-21 23:39:58',0),(378,'/images/catalogue-pages//14/05/21','mini-1-1400740798222.jpg',NULL,'anonymousUser','anonymousUser','2014-05-21 23:39:58','2014-05-21 23:39:58',0),(379,'/images/catalogue-pages//14/05/21','2-1400741164303.jpg',NULL,'anonymousUser','anonymousUser','2014-05-21 23:46:04','2014-05-21 23:46:04',0),(380,'/images/catalogue-pages//14/05/21','thumb-2-1400741164570.jpg',NULL,'anonymousUser','anonymousUser','2014-05-21 23:46:04','2014-05-21 23:46:04',0),(381,'/images/catalogue-pages//14/05/21','mini-2-1400741164658.jpg',NULL,'anonymousUser','anonymousUser','2014-05-21 23:46:04','2014-05-21 23:46:04',0),(382,'/images/catalogue-pages//14/05/21','3-1400741420561.jpg',NULL,'anonymousUser','anonymousUser','2014-05-21 23:50:20','2014-05-21 23:50:20',0),(383,'/images/catalogue-pages//14/05/21','thumb-3-1400741423715.jpg',NULL,'anonymousUser','anonymousUser','2014-05-21 23:50:23','2014-05-21 23:50:23',0),(384,'/images/catalogue-pages//14/05/21','mini-3-1400741423943.jpg',NULL,'anonymousUser','anonymousUser','2014-05-21 23:50:23','2014-05-21 23:50:23',0),(385,'/images/deals/14/05/22','C2_Deal_pg3.JPG',NULL,'anonymousUser','anonymousUser','2014-05-22 01:38:04','2014-05-22 01:38:04',0),(386,'/images/catalogue-pages//14/05/22','4.jpg',NULL,'anonymousUser','anonymousUser','2014-05-22 01:38:28','2014-05-22 01:38:28',0),(387,'/images/catalogue-pages//14/05/22','thumb-4.jpg',NULL,'anonymousUser','anonymousUser','2014-05-22 01:38:28','2014-05-22 01:38:28',0),(388,'/images/catalogue-pages//14/05/22','mini-4.jpg',NULL,'anonymousUser','anonymousUser','2014-05-22 01:38:28','2014-05-22 01:38:28',0),(389,'/images/catalogue-pages//14/05/22','5.jpg',NULL,'anonymousUser','anonymousUser','2014-05-22 01:45:08','2014-05-22 01:45:08',0),(390,'/images/catalogue-pages//14/05/22','thumb-5.jpg',NULL,'anonymousUser','anonymousUser','2014-05-22 01:45:08','2014-05-22 01:45:08',0),(391,'/images/catalogue-pages//14/05/22','mini-5.jpg',NULL,'anonymousUser','anonymousUser','2014-05-22 01:45:08','2014-05-22 01:45:08',0),(392,'/images/catalogue-pages//14/05/22','6.jpg',NULL,'anonymousUser','anonymousUser','2014-05-22 01:55:44','2014-05-22 01:55:44',0),(393,'/images/catalogue-pages//14/05/22','thumb-6.jpg',NULL,'anonymousUser','anonymousUser','2014-05-22 01:55:44','2014-05-22 01:55:44',0),(394,'/images/catalogue-pages//14/05/22','mini-6.jpg',NULL,'anonymousUser','anonymousUser','2014-05-22 01:55:44','2014-05-22 01:55:44',0),(395,'/images/catalogue-pages//14/05/22','7.jpg',NULL,'anonymousUser','anonymousUser','2014-05-22 01:56:05','2014-05-22 01:56:05',0),(396,'/images/catalogue-pages//14/05/22','thumb-7.jpg',NULL,'anonymousUser','anonymousUser','2014-05-22 01:56:05','2014-05-22 01:56:05',0),(397,'/images/catalogue-pages//14/05/22','mini-7.jpg',NULL,'anonymousUser','anonymousUser','2014-05-22 01:56:05','2014-05-22 01:56:05',0),(398,'/images/catalogue//14/05/22','1.jpg',NULL,'anonymousUser','anonymousUser','2014-05-22 04:21:55','2014-05-22 04:21:55',0),(399,'/images/catalogue//14/05/22','thumb-1.jpg',NULL,'anonymousUser','anonymousUser','2014-05-22 04:21:55','2014-05-22 04:21:55',0),(400,'/images/catalogue-pages//14/05/22','1.jpg',NULL,'anonymousUser','anonymousUser','2014-05-22 04:22:51','2014-05-22 04:22:51',0),(401,'/images/catalogue-pages//14/05/22','thumb-1.jpg',NULL,'anonymousUser','anonymousUser','2014-05-22 04:22:51','2014-05-22 04:22:51',0),(402,'/images/catalogue-pages//14/05/22','mini-1.jpg',NULL,'anonymousUser','anonymousUser','2014-05-22 04:22:51','2014-05-22 04:22:51',0),(403,'/images/catalogue-pages//14/05/22','2.jpg',NULL,'anonymousUser','anonymousUser','2014-05-22 04:23:21','2014-05-22 04:23:21',0),(404,'/images/catalogue-pages//14/05/22','thumb-2.jpg',NULL,'anonymousUser','anonymousUser','2014-05-22 04:23:21','2014-05-22 04:23:21',0),(405,'/images/catalogue-pages//14/05/22','mini-2.jpg',NULL,'anonymousUser','anonymousUser','2014-05-22 04:23:21','2014-05-22 04:23:21',0),(406,'/images/catalogue-pages//14/05/22','3.jpg',NULL,'anonymousUser','anonymousUser','2014-05-22 04:25:54','2014-05-22 04:25:54',0),(407,'/images/catalogue-pages//14/05/22','thumb-3.jpg',NULL,'anonymousUser','anonymousUser','2014-05-22 04:25:54','2014-05-22 04:25:54',0),(408,'/images/catalogue-pages//14/05/22','mini-3.jpg',NULL,'anonymousUser','anonymousUser','2014-05-22 04:25:54','2014-05-22 04:25:54',0),(409,'/images/catalogue-pages//14/05/22','4-1400757981283.jpg',NULL,'anonymousUser','anonymousUser','2014-05-22 04:26:21','2014-05-22 04:26:21',0),(410,'/images/catalogue-pages//14/05/22','thumb-4-1400757981349.jpg',NULL,'anonymousUser','anonymousUser','2014-05-22 04:26:21','2014-05-22 04:26:21',0),(411,'/images/catalogue-pages//14/05/22','mini-4-1400757981408.jpg',NULL,'anonymousUser','anonymousUser','2014-05-22 04:26:21','2014-05-22 04:26:21',0),(412,'/images/catalogue-pages//14/05/22','5-1400758003893.jpg',NULL,'anonymousUser','anonymousUser','2014-05-22 04:26:43','2014-05-22 04:26:43',0),(413,'/images/catalogue-pages//14/05/22','thumb-5-1400758003975.jpg',NULL,'anonymousUser','anonymousUser','2014-05-22 04:26:43','2014-05-22 04:26:43',0),(414,'/images/catalogue-pages//14/05/22','mini-5-1400758004032.jpg',NULL,'anonymousUser','anonymousUser','2014-05-22 04:26:44','2014-05-22 04:26:44',0),(415,'/images/catalogue-pages//14/05/22','6-1400758024883.jpg',NULL,'anonymousUser','anonymousUser','2014-05-22 04:27:04','2014-05-22 04:27:04',0),(416,'/images/catalogue-pages//14/05/22','thumb-6-1400758025033.jpg',NULL,'anonymousUser','anonymousUser','2014-05-22 04:27:05','2014-05-22 04:27:05',0),(417,'/images/catalogue-pages//14/05/22','mini-6-1400758025254.jpg',NULL,'anonymousUser','anonymousUser','2014-05-22 04:27:05','2014-05-22 04:27:05',0),(418,'/images/catalogue-pages//14/05/22','7-1400758062195.jpg',NULL,'anonymousUser','anonymousUser','2014-05-22 04:27:42','2014-05-22 04:27:42',0),(419,'/images/catalogue-pages//14/05/22','thumb-7-1400758065132.jpg',NULL,'anonymousUser','anonymousUser','2014-05-22 04:27:45','2014-05-22 04:27:45',0),(420,'/images/catalogue-pages//14/05/22','mini-7-1400758065993.jpg',NULL,'anonymousUser','anonymousUser','2014-05-22 04:27:45','2014-05-22 04:27:45',0),(421,'/images/catalogue-pages//14/05/22','8.jpg',NULL,'anonymousUser','anonymousUser','2014-05-22 04:28:12','2014-05-22 04:28:12',0),(422,'/images/catalogue-pages//14/05/22','thumb-8.jpg',NULL,'anonymousUser','anonymousUser','2014-05-22 04:28:12','2014-05-22 04:28:12',0),(423,'/images/catalogue-pages//14/05/22','mini-8.jpg',NULL,'anonymousUser','anonymousUser','2014-05-22 04:28:12','2014-05-22 04:28:12',0),(424,'/images/catalogue//14/05/22','1-1400758554054.jpg',NULL,'anonymousUser','anonymousUser','2014-05-22 04:35:54','2014-05-22 04:35:54',0),(425,'/images/catalogue//14/05/22','thumb-1-1400758554151.jpg',NULL,'anonymousUser','anonymousUser','2014-05-22 04:35:54','2014-05-22 04:35:54',0),(426,'/images/catalogue-pages//14/05/22','1-1400758614903.jpg',NULL,'anonymousUser','anonymousUser','2014-05-22 04:36:54','2014-05-22 04:36:54',0),(427,'/images/catalogue-pages//14/05/22','thumb-1-1400758615179.jpg',NULL,'anonymousUser','anonymousUser','2014-05-22 04:36:55','2014-05-22 04:36:55',0),(428,'/images/catalogue-pages//14/05/22','mini-1-1400758615254.jpg',NULL,'anonymousUser','anonymousUser','2014-05-22 04:36:55','2014-05-22 04:36:55',0),(429,'/images/catalogue-pages//14/05/22','2-1400758648156.jpg',NULL,'anonymousUser','anonymousUser','2014-05-22 04:37:28','2014-05-22 04:37:28',0),(430,'/images/catalogue-pages//14/05/22','thumb-2-1400758648245.jpg',NULL,'anonymousUser','anonymousUser','2014-05-22 04:37:28','2014-05-22 04:37:28',0),(431,'/images/catalogue-pages//14/05/22','mini-2-1400758648339.jpg',NULL,'anonymousUser','anonymousUser','2014-05-22 04:37:28','2014-05-22 04:37:28',0),(432,'/images/catalogue-pages//14/05/22','3-1400758682810.jpg',NULL,'anonymousUser','anonymousUser','2014-05-22 04:38:02','2014-05-22 04:38:02',0),(433,'/images/catalogue-pages//14/05/22','thumb-3-1400758683056.jpg',NULL,'anonymousUser','anonymousUser','2014-05-22 04:38:03','2014-05-22 04:38:03',0),(434,'/images/catalogue-pages//14/05/22','mini-3-1400758683164.jpg',NULL,'anonymousUser','anonymousUser','2014-05-22 04:38:03','2014-05-22 04:38:03',0),(435,'/images/catalogue-pages//14/05/22','4-1400758717394.jpg',NULL,'anonymousUser','anonymousUser','2014-05-22 04:38:37','2014-05-22 04:38:37',0),(436,'/images/catalogue-pages//14/05/22','thumb-4-1400758718147.jpg',NULL,'anonymousUser','anonymousUser','2014-05-22 04:38:38','2014-05-22 04:38:38',0),(437,'/images/catalogue-pages//14/05/22','mini-4-1400758718217.jpg',NULL,'anonymousUser','anonymousUser','2014-05-22 04:38:38','2014-05-22 04:38:38',0),(438,'/images/catalogue-pages//14/05/22','5-1400758760389.jpg',NULL,'anonymousUser','anonymousUser','2014-05-22 04:39:20','2014-05-22 04:39:20',0),(439,'/images/catalogue-pages//14/05/22','thumb-5-1400758760514.jpg',NULL,'anonymousUser','anonymousUser','2014-05-22 04:39:20','2014-05-22 04:39:20',0),(440,'/images/catalogue-pages//14/05/22','mini-5-1400758760583.jpg',NULL,'anonymousUser','anonymousUser','2014-05-22 04:39:20','2014-05-22 04:39:20',0),(441,'/images/catalogue-pages//14/05/22','6-1400758782325.jpg',NULL,'anonymousUser','anonymousUser','2014-05-22 04:39:42','2014-05-22 04:39:42',0),(442,'/images/catalogue-pages//14/05/22','thumb-6-1400758782410.jpg',NULL,'anonymousUser','anonymousUser','2014-05-22 04:39:42','2014-05-22 04:39:42',0),(443,'/images/catalogue-pages//14/05/22','mini-6-1400758782465.jpg',NULL,'anonymousUser','anonymousUser','2014-05-22 04:39:42','2014-05-22 04:39:42',0),(444,'/images/catalogue//14/05/22','1-1400758875767.jpg',NULL,'anonymousUser','anonymousUser','2014-05-22 04:41:15','2014-05-22 04:41:15',0),(445,'/images/catalogue//14/05/22','thumb-1-1400758875998.jpg',NULL,'anonymousUser','anonymousUser','2014-05-22 04:41:15','2014-05-22 04:41:15',0),(446,'/images/catalogue-pages//14/05/22','1-1400758914475.jpg',NULL,'anonymousUser','anonymousUser','2014-05-22 04:41:54','2014-05-22 04:41:54',0),(447,'/images/catalogue-pages//14/05/22','thumb-1-1400758915824.jpg',NULL,'anonymousUser','anonymousUser','2014-05-22 04:41:55','2014-05-22 04:41:55',0),(448,'/images/catalogue-pages//14/05/22','mini-1-1400758916277.jpg',NULL,'anonymousUser','anonymousUser','2014-05-22 04:41:56','2014-05-22 04:41:56',0),(449,'/images/catalogue-pages//14/05/22','2-1400758941665.jpg',NULL,'anonymousUser','anonymousUser','2014-05-22 04:42:21','2014-05-22 04:42:21',0),(450,'/images/catalogue-pages//14/05/22','thumb-2-1400758943698.jpg',NULL,'anonymousUser','anonymousUser','2014-05-22 04:42:23','2014-05-22 04:42:23',0),(451,'/images/catalogue-pages//14/05/22','mini-2-1400758944764.jpg',NULL,'anonymousUser','anonymousUser','2014-05-22 04:42:24','2014-05-22 04:42:24',0),(452,'/images/catalogue-pages//14/05/22','3-1400758971236.jpg',NULL,'anonymousUser','anonymousUser','2014-05-22 04:42:51','2014-05-22 04:42:51',0),(453,'/images/catalogue-pages//14/05/22','thumb-3-1400758971810.jpg',NULL,'anonymousUser','anonymousUser','2014-05-22 04:42:51','2014-05-22 04:42:51',0),(454,'/images/catalogue-pages//14/05/22','mini-3-1400758971900.jpg',NULL,'anonymousUser','anonymousUser','2014-05-22 04:42:51','2014-05-22 04:42:51',0),(455,'/images/catalogue-pages//14/05/22','4-1400758998338.jpg',NULL,'anonymousUser','anonymousUser','2014-05-22 04:43:18','2014-05-22 04:43:18',0),(456,'/images/catalogue-pages//14/05/22','thumb-4-1400758998432.jpg',NULL,'anonymousUser','anonymousUser','2014-05-22 04:43:18','2014-05-22 04:43:18',0),(457,'/images/catalogue-pages//14/05/22','mini-4-1400758998517.jpg',NULL,'anonymousUser','anonymousUser','2014-05-22 04:43:18','2014-05-22 04:43:18',0),(458,'/images/catalogue-pages//14/05/22','5-1400759023488.jpg',NULL,'anonymousUser','anonymousUser','2014-05-22 04:43:43','2014-05-22 04:43:43',0),(459,'/images/catalogue-pages//14/05/22','thumb-5-1400759023590.jpg',NULL,'anonymousUser','anonymousUser','2014-05-22 04:43:43','2014-05-22 04:43:43',0),(460,'/images/catalogue-pages//14/05/22','mini-5-1400759023681.jpg',NULL,'anonymousUser','anonymousUser','2014-05-22 04:43:43','2014-05-22 04:43:43',0),(461,'/images/catalogue-pages//14/05/22','6-1400759053894.jpg',NULL,'anonymousUser','anonymousUser','2014-05-22 04:44:13','2014-05-22 04:44:13',0),(462,'/images/catalogue-pages//14/05/22','thumb-6-1400759054295.jpg',NULL,'anonymousUser','anonymousUser','2014-05-22 04:44:14','2014-05-22 04:44:14',0),(463,'/images/catalogue-pages//14/05/22','mini-6-1400759054448.jpg',NULL,'anonymousUser','anonymousUser','2014-05-22 04:44:14','2014-05-22 04:44:14',0),(464,'/images/catalogue//14/05/22','1-1400759142724.jpg',NULL,'anonymousUser','anonymousUser','2014-05-22 04:45:42','2014-05-22 04:45:42',0),(465,'/images/catalogue//14/05/22','thumb-1-1400759145128.jpg',NULL,'anonymousUser','anonymousUser','2014-05-22 04:45:45','2014-05-22 04:45:45',0),(466,'/images/catalogue-pages//14/05/22','1-1400759224508.jpg',NULL,'anonymousUser','anonymousUser','2014-05-22 04:47:04','2014-05-22 04:47:04',0),(467,'/images/catalogue-pages//14/05/22','thumb-1-1400759224603.jpg',NULL,'anonymousUser','anonymousUser','2014-05-22 04:47:04','2014-05-22 04:47:04',0),(468,'/images/catalogue-pages//14/05/22','mini-1-1400759224675.jpg',NULL,'anonymousUser','anonymousUser','2014-05-22 04:47:04','2014-05-22 04:47:04',0),(469,'/images/catalogue-pages//14/05/22','2-1400759245986.jpg',NULL,'anonymousUser','anonymousUser','2014-05-22 04:47:25','2014-05-22 04:47:25',0),(470,'/images/catalogue-pages//14/05/22','thumb-2-1400759246297.jpg',NULL,'anonymousUser','anonymousUser','2014-05-22 04:47:26','2014-05-22 04:47:26',0),(471,'/images/catalogue-pages//14/05/22','mini-2-1400759246374.jpg',NULL,'anonymousUser','anonymousUser','2014-05-22 04:47:26','2014-05-22 04:47:26',0),(472,'/images/catalogue-pages//14/05/22','3-1400759272412.jpg',NULL,'anonymousUser','anonymousUser','2014-05-22 04:47:52','2014-05-22 04:47:52',0),(473,'/images/catalogue-pages//14/05/22','thumb-3-1400759273113.jpg',NULL,'anonymousUser','anonymousUser','2014-05-22 04:47:53','2014-05-22 04:47:53',0),(474,'/images/catalogue-pages//14/05/22','mini-3-1400759273352.jpg',NULL,'anonymousUser','anonymousUser','2014-05-22 04:47:53','2014-05-22 04:47:53',0),(475,'/images/catalogue-pages//14/05/22','4-1400759295371.jpg',NULL,'anonymousUser','anonymousUser','2014-05-22 04:48:15','2014-05-22 04:48:15',0),(476,'/images/catalogue-pages//14/05/22','thumb-4-1400759295457.jpg',NULL,'anonymousUser','anonymousUser','2014-05-22 04:48:15','2014-05-22 04:48:15',0),(477,'/images/catalogue-pages//14/05/22','mini-4-1400759295538.jpg',NULL,'anonymousUser','anonymousUser','2014-05-22 04:48:15','2014-05-22 04:48:15',0),(478,'/images/catalogue-pages//14/05/22','5-1400759315208.jpg',NULL,'anonymousUser','anonymousUser','2014-05-22 04:48:35','2014-05-22 04:48:35',0),(479,'/images/catalogue-pages//14/05/22','thumb-5-1400759315293.jpg',NULL,'anonymousUser','anonymousUser','2014-05-22 04:48:35','2014-05-22 04:48:35',0),(480,'/images/catalogue-pages//14/05/22','mini-5-1400759315375.jpg',NULL,'anonymousUser','anonymousUser','2014-05-22 04:48:35','2014-05-22 04:48:35',0),(481,'/images/catalogue-pages//14/05/22','6-1400759341992.jpg',NULL,'anonymousUser','anonymousUser','2014-05-22 04:49:01','2014-05-22 04:49:01',0),(482,'/images/catalogue-pages//14/05/22','thumb-6-1400759342638.jpg',NULL,'anonymousUser','anonymousUser','2014-05-22 04:49:02','2014-05-22 04:49:02',0),(483,'/images/catalogue-pages//14/05/22','mini-6-1400759342742.jpg',NULL,'anonymousUser','anonymousUser','2014-05-22 04:49:02','2014-05-22 04:49:02',0),(484,'/images/catalogue//14/05/22','1-1400760071453.jpg',NULL,'anonymousUser','anonymousUser','2014-05-22 05:01:11','2014-05-22 05:01:11',0),(485,'/images/catalogue//14/05/22','thumb-1-1400760071545.jpg',NULL,'anonymousUser','anonymousUser','2014-05-22 05:01:11','2014-05-22 05:01:11',0),(486,'/images/catalogue-pages//14/05/22','1-1400760156193.jpg',NULL,'anonymousUser','anonymousUser','2014-05-22 05:02:36','2014-05-22 05:02:36',0),(487,'/images/catalogue-pages//14/05/22','thumb-1-1400760156291.jpg',NULL,'anonymousUser','anonymousUser','2014-05-22 05:02:36','2014-05-22 05:02:36',0),(488,'/images/catalogue-pages//14/05/22','mini-1-1400760156364.jpg',NULL,'anonymousUser','anonymousUser','2014-05-22 05:02:36','2014-05-22 05:02:36',0),(489,'/images/catalogue-pages//14/05/22','2-1400760190433.jpg',NULL,'anonymousUser','anonymousUser','2014-05-22 05:03:10','2014-05-22 05:03:10',0),(490,'/images/catalogue-pages//14/05/22','thumb-2-1400760190674.jpg',NULL,'anonymousUser','anonymousUser','2014-05-22 05:03:10','2014-05-22 05:03:10',0),(491,'/images/catalogue-pages//14/05/22','mini-2-1400760190741.jpg',NULL,'anonymousUser','anonymousUser','2014-05-22 05:03:10','2014-05-22 05:03:10',0),(492,'/images/catalogue-pages//14/05/22','3-1400760220239.jpg',NULL,'anonymousUser','anonymousUser','2014-05-22 05:03:40','2014-05-22 05:03:40',0),(493,'/images/catalogue-pages//14/05/22','thumb-3-1400760220520.jpg',NULL,'anonymousUser','anonymousUser','2014-05-22 05:03:40','2014-05-22 05:03:40',0),(494,'/images/catalogue-pages//14/05/22','mini-3-1400760220628.jpg',NULL,'anonymousUser','anonymousUser','2014-05-22 05:03:40','2014-05-22 05:03:40',0),(495,'/images/catalogue-pages//14/05/22','4-1400760261384.jpg',NULL,'anonymousUser','anonymousUser','2014-05-22 05:04:21','2014-05-22 05:04:21',0),(496,'/images/catalogue-pages//14/05/22','thumb-4-1400760261609.jpg',NULL,'anonymousUser','anonymousUser','2014-05-22 05:04:21','2014-05-22 05:04:21',0),(497,'/images/catalogue-pages//14/05/22','mini-4-1400760261683.jpg',NULL,'anonymousUser','anonymousUser','2014-05-22 05:04:21','2014-05-22 05:04:21',0),(498,'/images/catalogue-pages//14/05/22','5-1400760296750.jpg',NULL,'anonymousUser','anonymousUser','2014-05-22 05:04:56','2014-05-22 05:04:56',0),(499,'/images/catalogue-pages//14/05/22','thumb-5-1400760297921.jpg',NULL,'anonymousUser','anonymousUser','2014-05-22 05:04:57','2014-05-22 05:04:57',0),(500,'/images/catalogue-pages//14/05/22','mini-5-1400760298019.jpg',NULL,'anonymousUser','anonymousUser','2014-05-22 05:04:58','2014-05-22 05:04:58',0),(501,'/images/catalogue-pages//14/05/22','6-1400760323340.jpg',NULL,'anonymousUser','anonymousUser','2014-05-22 05:05:23','2014-05-22 05:05:23',0),(502,'/images/catalogue-pages//14/05/22','thumb-6-1400760323433.jpg',NULL,'anonymousUser','anonymousUser','2014-05-22 05:05:23','2014-05-22 05:05:23',0),(503,'/images/catalogue-pages//14/05/22','mini-6-1400760323505.jpg',NULL,'anonymousUser','anonymousUser','2014-05-22 05:05:23','2014-05-22 05:05:23',0),(504,'/images/catalogue-pages//14/05/22','7-1400760361569.jpg',NULL,'anonymousUser','anonymousUser','2014-05-22 05:06:01','2014-05-22 05:06:01',0),(505,'/images/catalogue-pages//14/05/22','thumb-7-1400760361737.jpg',NULL,'anonymousUser','anonymousUser','2014-05-22 05:06:01','2014-05-22 05:06:01',0),(506,'/images/catalogue-pages//14/05/22','mini-7-1400760361814.jpg',NULL,'anonymousUser','anonymousUser','2014-05-22 05:06:01','2014-05-22 05:06:01',0),(507,'/images/catalogue-pages//14/05/22','8-1400760398113.jpg',NULL,'anonymousUser','anonymousUser','2014-05-22 05:06:38','2014-05-22 05:06:38',0),(508,'/images/catalogue-pages//14/05/22','thumb-8-1400760398617.jpg',NULL,'anonymousUser','anonymousUser','2014-05-22 05:06:38','2014-05-22 05:06:38',0),(509,'/images/catalogue-pages//14/05/22','mini-8-1400760398692.jpg',NULL,'anonymousUser','anonymousUser','2014-05-22 05:06:38','2014-05-22 05:06:38',0),(510,'/images/catalogue-pages//14/05/22','9.jpg',NULL,'anonymousUser','anonymousUser','2014-05-22 05:07:15','2014-05-22 05:07:15',0),(511,'/images/catalogue-pages//14/05/22','thumb-9.jpg',NULL,'anonymousUser','anonymousUser','2014-05-22 05:07:23','2014-05-22 05:07:23',0),(512,'/images/catalogue-pages//14/05/22','mini-9.jpg',NULL,'anonymousUser','anonymousUser','2014-05-22 05:07:23','2014-05-22 05:07:23',0),(513,'/images/catalogue-pages//14/05/22','10.jpg',NULL,'anonymousUser','anonymousUser','2014-05-22 05:07:57','2014-05-22 05:07:57',0),(514,'/images/catalogue-pages//14/05/22','thumb-10.jpg',NULL,'anonymousUser','anonymousUser','2014-05-22 05:07:57','2014-05-22 05:07:57',0),(515,'/images/catalogue-pages//14/05/22','mini-10.jpg',NULL,'anonymousUser','anonymousUser','2014-05-22 05:07:57','2014-05-22 05:07:57',0),(516,'/images/catalogue-pages//14/05/22','10-1400760507562.jpg',NULL,'anonymousUser','anonymousUser','2014-05-22 05:08:27','2014-05-22 05:08:27',0),(517,'/images/catalogue-pages//14/05/22','thumb-10-1400760507653.jpg',NULL,'anonymousUser','anonymousUser','2014-05-22 05:08:27','2014-05-22 05:08:27',0),(518,'/images/catalogue-pages//14/05/22','mini-10-1400760507723.jpg',NULL,'anonymousUser','anonymousUser','2014-05-22 05:08:27','2014-05-22 05:08:27',0),(519,'/images/catalogue-pages//14/05/22','11.jpg',NULL,'anonymousUser','anonymousUser','2014-05-22 05:09:03','2014-05-22 05:09:03',0),(520,'/images/catalogue-pages//14/05/22','thumb-11.jpg',NULL,'anonymousUser','anonymousUser','2014-05-22 05:09:04','2014-05-22 05:09:04',0),(521,'/images/catalogue-pages//14/05/22','mini-11.jpg',NULL,'anonymousUser','anonymousUser','2014-05-22 05:09:04','2014-05-22 05:09:04',0),(522,'/images/catalogue-pages//14/05/22','12.jpg',NULL,'anonymousUser','anonymousUser','2014-05-22 05:09:37','2014-05-22 05:09:37',0),(523,'/images/catalogue-pages//14/05/22','thumb-12.jpg',NULL,'anonymousUser','anonymousUser','2014-05-22 05:09:38','2014-05-22 05:09:38',0),(524,'/images/catalogue-pages//14/05/22','mini-12.jpg',NULL,'anonymousUser','anonymousUser','2014-05-22 05:09:38','2014-05-22 05:09:38',0),(525,'/images/catalogue-pages//14/05/22','13.jpg',NULL,'anonymousUser','anonymousUser','2014-05-22 05:10:06','2014-05-22 05:10:06',0),(526,'/images/catalogue-pages//14/05/22','thumb-13.jpg',NULL,'anonymousUser','anonymousUser','2014-05-22 05:10:08','2014-05-22 05:10:08',0),(527,'/images/catalogue-pages//14/05/22','mini-13.jpg',NULL,'anonymousUser','anonymousUser','2014-05-22 05:10:08','2014-05-22 05:10:08',0),(528,'/images/catalogue-pages//14/05/22','14.jpg',NULL,'anonymousUser','anonymousUser','2014-05-22 05:11:56','2014-05-22 05:11:56',0),(529,'/images/catalogue-pages//14/05/22','thumb-14.jpg',NULL,'anonymousUser','anonymousUser','2014-05-22 05:12:20','2014-05-22 05:12:20',0),(530,'/images/catalogue-pages//14/05/22','mini-14.jpg',NULL,'anonymousUser','anonymousUser','2014-05-22 05:12:47','2014-05-22 05:12:47',0),(531,'/images/catalogue-pages//14/05/22','15.jpg',NULL,'anonymousUser','anonymousUser','2014-05-22 05:14:34','2014-05-22 05:14:34',0),(532,'/images/catalogue-pages//14/05/22','thumb-15.jpg',NULL,'anonymousUser','anonymousUser','2014-05-22 05:14:35','2014-05-22 05:14:35',0),(533,'/images/catalogue-pages//14/05/22','mini-15.jpg',NULL,'anonymousUser','anonymousUser','2014-05-22 05:14:35','2014-05-22 05:14:35',0),(534,'/images/catalogue-pages//14/05/22','16.jpg',NULL,'anonymousUser','anonymousUser','2014-05-22 05:14:51','2014-05-22 05:14:51',0),(535,'/images/catalogue-pages//14/05/22','thumb-16.jpg',NULL,'anonymousUser','anonymousUser','2014-05-22 05:14:53','2014-05-22 05:14:53',0),(536,'/images/catalogue-pages//14/05/22','mini-16.jpg',NULL,'anonymousUser','anonymousUser','2014-05-22 05:14:53','2014-05-22 05:14:53',0),(537,'/images/catalogue-pages//14/05/22','17.jpg',NULL,'anonymousUser','anonymousUser','2014-05-22 05:15:46','2014-05-22 05:15:46',0),(538,'/images/catalogue-pages//14/05/22','thumb-17.jpg',NULL,'anonymousUser','anonymousUser','2014-05-22 05:15:46','2014-05-22 05:15:46',0),(539,'/images/catalogue-pages//14/05/22','mini-17.jpg',NULL,'anonymousUser','anonymousUser','2014-05-22 05:15:46','2014-05-22 05:15:46',0),(540,'/images/catalogue-pages//14/05/22','18.jpg',NULL,'anonymousUser','anonymousUser','2014-05-22 05:16:38','2014-05-22 05:16:38',0),(541,'/images/catalogue-pages//14/05/22','thumb-18.jpg',NULL,'anonymousUser','anonymousUser','2014-05-22 05:16:38','2014-05-22 05:16:38',0),(542,'/images/catalogue-pages//14/05/22','mini-18.jpg',NULL,'anonymousUser','anonymousUser','2014-05-22 05:16:38','2014-05-22 05:16:38',0),(543,'/images/catalogue-pages//14/05/22','19.jpg',NULL,'anonymousUser','anonymousUser','2014-05-22 05:17:14','2014-05-22 05:17:14',0),(544,'/images/catalogue-pages//14/05/22','thumb-19.jpg',NULL,'anonymousUser','anonymousUser','2014-05-22 05:17:14','2014-05-22 05:17:14',0),(545,'/images/catalogue-pages//14/05/22','mini-19.jpg',NULL,'anonymousUser','anonymousUser','2014-05-22 05:17:14','2014-05-22 05:17:14',0),(546,'/images/catalogue//14/05/22','1-1400761108803.jpg',NULL,'anonymousUser','anonymousUser','2014-05-22 05:18:28','2014-05-22 05:18:28',0),(547,'/images/catalogue//14/05/22','thumb-1-1400761109553.jpg',NULL,'anonymousUser','anonymousUser','2014-05-22 05:18:29','2014-05-22 05:18:29',0),(548,'/images/catalogue-pages//14/05/22','1-1400761138432.jpg',NULL,'anonymousUser','anonymousUser','2014-05-22 05:18:58','2014-05-22 05:18:58',0),(549,'/images/catalogue-pages//14/05/22','thumb-1-1400761138532.jpg',NULL,'anonymousUser','anonymousUser','2014-05-22 05:18:58','2014-05-22 05:18:58',0),(550,'/images/catalogue-pages//14/05/22','mini-1-1400761138608.jpg',NULL,'anonymousUser','anonymousUser','2014-05-22 05:18:58','2014-05-22 05:18:58',0),(551,'/images/catalogue-pages//14/05/22','2-1400761182344.jpg',NULL,'anonymousUser','anonymousUser','2014-05-22 05:19:42','2014-05-22 05:19:42',0),(552,'/images/catalogue-pages//14/05/22','thumb-2-1400761182444.jpg',NULL,'anonymousUser','anonymousUser','2014-05-22 05:19:42','2014-05-22 05:19:42',0),(553,'/images/catalogue-pages//14/05/22','mini-2-1400761182519.jpg',NULL,'anonymousUser','anonymousUser','2014-05-22 05:19:42','2014-05-22 05:19:42',0),(554,'/images/catalogue-pages//14/05/22','3-1400761208670.jpg',NULL,'anonymousUser','anonymousUser','2014-05-22 05:20:08','2014-05-22 05:20:08',0),(555,'/images/catalogue-pages//14/05/22','thumb-3-1400761208769.jpg',NULL,'anonymousUser','anonymousUser','2014-05-22 05:20:08','2014-05-22 05:20:08',0),(556,'/images/catalogue-pages//14/05/22','mini-3-1400761208841.jpg',NULL,'anonymousUser','anonymousUser','2014-05-22 05:20:08','2014-05-22 05:20:08',0),(557,'/images/catalogue-pages//14/05/22','4-1400761234347.jpg',NULL,'anonymousUser','anonymousUser','2014-05-22 05:20:34','2014-05-22 05:20:34',0),(558,'/images/catalogue-pages//14/05/22','thumb-4-1400761234812.jpg',NULL,'anonymousUser','anonymousUser','2014-05-22 05:20:34','2014-05-22 05:20:34',0),(559,'/images/catalogue-pages//14/05/22','mini-4-1400761234965.jpg',NULL,'anonymousUser','anonymousUser','2014-05-22 05:20:34','2014-05-22 05:20:34',0),(560,'/images/catalogue-pages//14/05/22','5-1400761258032.jpg',NULL,'anonymousUser','anonymousUser','2014-05-22 05:20:58','2014-05-22 05:20:58',0),(561,'/images/catalogue-pages//14/05/22','thumb-5-1400761260782.jpg',NULL,'anonymousUser','anonymousUser','2014-05-22 05:21:00','2014-05-22 05:21:00',0),(562,'/images/catalogue-pages//14/05/22','mini-5-1400761263067.jpg',NULL,'anonymousUser','anonymousUser','2014-05-22 05:21:03','2014-05-22 05:21:03',0),(563,'/images/catalogue-pages//14/05/22','6-1400761280459.jpg',NULL,'anonymousUser','anonymousUser','2014-05-22 05:21:20','2014-05-22 05:21:20',0),(564,'/images/catalogue-pages//14/05/22','thumb-6-1400761281453.jpg',NULL,'anonymousUser','anonymousUser','2014-05-22 05:21:21','2014-05-22 05:21:21',0),(565,'/images/catalogue-pages//14/05/22','mini-6-1400761281546.jpg',NULL,'anonymousUser','anonymousUser','2014-05-22 05:21:21','2014-05-22 05:21:21',0),(566,'/images/catalogue-pages//14/05/22','7-1400761296009.jpg',NULL,'anonymousUser','anonymousUser','2014-05-22 05:21:36','2014-05-22 05:21:36',0),(567,'/images/catalogue-pages//14/05/22','thumb-7-1400761296126.jpg',NULL,'anonymousUser','anonymousUser','2014-05-22 05:21:36','2014-05-22 05:21:36',0),(568,'/images/catalogue-pages//14/05/22','mini-7-1400761296210.jpg',NULL,'anonymousUser','anonymousUser','2014-05-22 05:21:36','2014-05-22 05:21:36',0),(569,'/images/catalogue-pages//14/05/22','8-1400761316647.jpg',NULL,'anonymousUser','anonymousUser','2014-05-22 05:21:56','2014-05-22 05:21:56',0),(570,'/images/catalogue-pages//14/05/22','thumb-8-1400761316737.jpg',NULL,'anonymousUser','anonymousUser','2014-05-22 05:21:56','2014-05-22 05:21:56',0),(571,'/images/catalogue-pages//14/05/22','mini-8-1400761316806.jpg',NULL,'anonymousUser','anonymousUser','2014-05-22 05:21:56','2014-05-22 05:21:56',0),(572,'/images/catalogue-pages//14/05/22','9-1400761347739.jpg',NULL,'anonymousUser','anonymousUser','2014-05-22 05:22:27','2014-05-22 05:22:27',0),(573,'/images/catalogue-pages//14/05/22','thumb-9-1400761347839.jpg',NULL,'anonymousUser','anonymousUser','2014-05-22 05:22:27','2014-05-22 05:22:27',0),(574,'/images/catalogue-pages//14/05/22','mini-9-1400761348017.jpg',NULL,'anonymousUser','anonymousUser','2014-05-22 05:22:28','2014-05-22 05:22:28',0),(575,'/images/catalogue-pages//14/05/22','10-1400761367489.jpg',NULL,'anonymousUser','anonymousUser','2014-05-22 05:22:47','2014-05-22 05:22:47',0),(576,'/images/catalogue-pages//14/05/22','thumb-10-1400761367691.jpg',NULL,'anonymousUser','anonymousUser','2014-05-22 05:22:47','2014-05-22 05:22:47',0),(577,'/images/catalogue-pages//14/05/22','mini-10-1400761367764.jpg',NULL,'anonymousUser','anonymousUser','2014-05-22 05:22:47','2014-05-22 05:22:47',0),(578,'/images/catalogue-pages//14/05/22','11-1400761382245.jpg',NULL,'anonymousUser','anonymousUser','2014-05-22 05:23:02','2014-05-22 05:23:02',0),(579,'/images/catalogue-pages//14/05/22','thumb-11-1400761382497.jpg',NULL,'anonymousUser','anonymousUser','2014-05-22 05:23:02','2014-05-22 05:23:02',0),(580,'/images/catalogue-pages//14/05/22','mini-11-1400761382643.jpg',NULL,'anonymousUser','anonymousUser','2014-05-22 05:23:02','2014-05-22 05:23:02',0),(581,'/images/catalogue//14/05/22','1-1400761480823.jpg',NULL,'anonymousUser','anonymousUser','2014-05-22 05:24:40','2014-05-22 05:24:40',0),(582,'/images/catalogue//14/05/22','thumb-1-1400761481629.jpg',NULL,'anonymousUser','anonymousUser','2014-05-22 05:24:41','2014-05-22 05:24:41',0),(583,'/images/catalogue-pages//14/05/22','1-1400761528014.jpg',NULL,'anonymousUser','anonymousUser','2014-05-22 05:25:28','2014-05-22 05:25:28',0),(584,'/images/catalogue-pages//14/05/22','thumb-1-1400761528133.jpg',NULL,'anonymousUser','anonymousUser','2014-05-22 05:25:28','2014-05-22 05:25:28',0),(585,'/images/catalogue-pages//14/05/22','mini-1-1400761528210.jpg',NULL,'anonymousUser','anonymousUser','2014-05-22 05:25:28','2014-05-22 05:25:28',0),(586,'/images/catalogue-pages//14/05/22','2-1400761550552.jpg',NULL,'anonymousUser','anonymousUser','2014-05-22 05:25:50','2014-05-22 05:25:50',0),(587,'/images/catalogue-pages//14/05/22','thumb-2-1400761551032.jpg',NULL,'anonymousUser','anonymousUser','2014-05-22 05:25:51','2014-05-22 05:25:51',0),(588,'/images/catalogue-pages//14/05/22','mini-2-1400761551215.jpg',NULL,'anonymousUser','anonymousUser','2014-05-22 05:25:51','2014-05-22 05:25:51',0),(589,'/images/catalogue-pages//14/05/22','3-1400761592898.jpg',NULL,'anonymousUser','anonymousUser','2014-05-22 05:26:32','2014-05-22 05:26:32',0),(590,'/images/catalogue-pages//14/05/22','thumb-3-1400761595257.jpg',NULL,'anonymousUser','anonymousUser','2014-05-22 05:26:35','2014-05-22 05:26:35',0),(591,'/images/catalogue-pages//14/05/22','mini-3-1400761598002.jpg',NULL,'anonymousUser','anonymousUser','2014-05-22 05:26:38','2014-05-22 05:26:38',0),(592,'/images/catalogue-pages//14/05/22','4-1400761613859.jpg',NULL,'anonymousUser','anonymousUser','2014-05-22 05:26:53','2014-05-22 05:26:53',0),(593,'/images/catalogue-pages//14/05/22','thumb-4-1400761614067.jpg',NULL,'anonymousUser','anonymousUser','2014-05-22 05:26:54','2014-05-22 05:26:54',0),(594,'/images/catalogue-pages//14/05/22','mini-4-1400761614146.jpg',NULL,'anonymousUser','anonymousUser','2014-05-22 05:26:54','2014-05-22 05:26:54',0),(595,'/images/catalogue-pages//14/05/22','5-1400761635987.jpg',NULL,'anonymousUser','anonymousUser','2014-05-22 05:27:15','2014-05-22 05:27:15',0),(596,'/images/catalogue-pages//14/05/22','thumb-5-1400761636563.jpg',NULL,'anonymousUser','anonymousUser','2014-05-22 05:27:16','2014-05-22 05:27:16',0),(597,'/images/catalogue-pages//14/05/22','mini-5-1400761641041.jpg',NULL,'anonymousUser','anonymousUser','2014-05-22 05:27:21','2014-05-22 05:27:21',0),(598,'/images/catalogue-pages//14/05/22','6-1400761666143.jpg',NULL,'anonymousUser','anonymousUser','2014-05-22 05:27:46','2014-05-22 05:27:46',0),(599,'/images/catalogue-pages//14/05/22','thumb-6-1400761666651.jpg',NULL,'anonymousUser','anonymousUser','2014-05-22 05:27:46','2014-05-22 05:27:46',0),(600,'/images/catalogue-pages//14/05/22','mini-6-1400761666719.jpg',NULL,'anonymousUser','anonymousUser','2014-05-22 05:27:46','2014-05-22 05:27:46',0),(601,'/images/catalogue-pages//14/05/22','7-1400761691782.jpg',NULL,'anonymousUser','anonymousUser','2014-05-22 05:28:11','2014-05-22 05:28:11',0),(602,'/images/catalogue-pages//14/05/22','thumb-7-1400761691880.jpg',NULL,'anonymousUser','anonymousUser','2014-05-22 05:28:11','2014-05-22 05:28:11',0),(603,'/images/catalogue-pages//14/05/22','mini-7-1400761691942.jpg',NULL,'anonymousUser','anonymousUser','2014-05-22 05:28:11','2014-05-22 05:28:11',0),(604,'/images/catalogue-pages//14/05/22','8-1400761721591.jpg',NULL,'anonymousUser','anonymousUser','2014-05-22 05:28:41','2014-05-22 05:28:41',0),(605,'/images/catalogue-pages//14/05/22','thumb-8-1400761721683.jpg',NULL,'anonymousUser','anonymousUser','2014-05-22 05:28:41','2014-05-22 05:28:41',0),(606,'/images/catalogue-pages//14/05/22','mini-8-1400761721755.jpg',NULL,'anonymousUser','anonymousUser','2014-05-22 05:28:41','2014-05-22 05:28:41',0),(607,'/images/catalogue-pages//14/05/22','9-1400761739688.jpg',NULL,'anonymousUser','anonymousUser','2014-05-22 05:28:59','2014-05-22 05:28:59',0),(608,'/images/catalogue-pages//14/05/22','thumb-9-1400761740214.jpg',NULL,'anonymousUser','anonymousUser','2014-05-22 05:29:00','2014-05-22 05:29:00',0),(609,'/images/catalogue-pages//14/05/22','mini-9-1400761740312.jpg',NULL,'anonymousUser','anonymousUser','2014-05-22 05:29:00','2014-05-22 05:29:00',0),(610,'/images/catalogue-pages//14/05/22','10-1400761784579.jpg',NULL,'anonymousUser','anonymousUser','2014-05-22 05:29:44','2014-05-22 05:29:44',0),(611,'/images/catalogue-pages//14/05/22','thumb-10-1400761784789.jpg',NULL,'anonymousUser','anonymousUser','2014-05-22 05:29:44','2014-05-22 05:29:44',0),(612,'/images/catalogue-pages//14/05/22','mini-10-1400761784867.jpg',NULL,'anonymousUser','anonymousUser','2014-05-22 05:29:44','2014-05-22 05:29:44',0),(613,'/images/catalogue-pages//14/05/22','11-1400761831082.jpg',NULL,'anonymousUser','anonymousUser','2014-05-22 05:30:31','2014-05-22 05:30:31',0),(614,'/images/catalogue-pages//14/05/22','thumb-11-1400761846621.jpg',NULL,'anonymousUser','anonymousUser','2014-05-22 05:30:46','2014-05-22 05:30:46',0),(615,'/images/catalogue-pages//14/05/22','mini-11-1400761855707.jpg',NULL,'anonymousUser','anonymousUser','2014-05-22 05:30:55','2014-05-22 05:30:55',0),(616,'/images/deals/14/05/22','C2_Deal_pg7.JPG',NULL,'anonymousUser','anonymousUser','2014-05-22 05:38:12','2014-05-22 05:38:12',0),(617,'/images/deals/14/05/23','C2_Deal_pg7_custom2.jpg',NULL,'anonymousUser','anonymousUser','2014-05-23 23:28:19','2014-05-23 23:28:19',0),(618,'/images/deals/14/05/23','C2_Deal_pg7_custom2-1400912935074.jpg',NULL,'anonymousUser','anonymousUser','2014-05-23 23:28:55','2014-05-23 23:28:55',0),(619,'/images/deals/14/05/23','C2_Deal_pg7_custom2-1400912948284.jpg',NULL,'anonymousUser','anonymousUser','2014-05-23 23:29:08','2014-05-23 23:29:08',0),(620,'/images/retailer//14/05/26','Croma.jpg',NULL,'anonymousUser','anonymousUser','2014-05-26 21:59:48','2014-05-26 21:59:48',0),(621,'/images/retailer//14/05/26','Croma-1401167171659.jpg',NULL,'anonymousUser','anonymousUser','2014-05-26 22:06:11','2014-05-26 22:06:11',0),(622,'/images/retailer//14/05/26','Croma-1401167262469.jpg',NULL,'anonymousUser','anonymousUser','2014-05-26 22:07:42','2014-05-26 22:07:42',0),(623,'/images/retailer//14/05/26','Croma (1).jpg',NULL,'anonymousUser','anonymousUser','2014-05-26 22:15:36','2014-05-26 22:15:36',0),(624,'/images/retailer//14/05/26','Croma_200.jpg',NULL,'anonymousUser','anonymousUser','2014-05-26 22:21:23','2014-05-26 22:21:23',0),(625,'/images/retailer//14/05/26','Croma_200-1401168169966.jpg',NULL,'anonymousUser','anonymousUser','2014-05-26 22:22:49','2014-05-26 22:22:49',0),(626,'/images/retailer//14/05/26','9 croma logo.jpg',NULL,'anonymousUser','anonymousUser','2014-05-26 22:27:34','2014-05-26 22:27:34',0),(627,'/images/retailer//14/05/26','9 croma logo-1401168707076.jpg',NULL,'anonymousUser','anonymousUser','2014-05-26 22:31:47','2014-05-26 22:31:47',0),(628,'/images/retailer//14/05/26','1085_ritu wears.jpg',NULL,'anonymousUser','anonymousUser','2014-05-26 22:37:25','2014-05-26 22:37:25',0),(629,'/images/retailer//14/05/26','1085_ritu wears-1401169108722.jpg',NULL,'anonymousUser','anonymousUser','2014-05-26 22:38:28','2014-05-26 22:38:28',0),(630,'/images/retailer//14/05/26','1085_ritu wears-1401169190503.jpg',NULL,'anonymousUser','anonymousUser','2014-05-26 22:39:50','2014-05-26 22:39:50',0),(631,'/images/retailer//14/05/26','Fr_Ritu Wears 1.jpg',NULL,'anonymousUser','anonymousUser','2014-05-26 22:45:32','2014-05-26 22:45:32',0),(632,'/images/retailer//14/05/26','Fr_Ritu Wears 1-1401169615255.jpg',NULL,'anonymousUser','anonymousUser','2014-05-26 22:46:55','2014-05-26 22:46:55',0),(633,'/images/retailer//14/05/26','croma_2.jpg',NULL,'anonymousUser','anonymousUser','2014-05-26 22:57:33','2014-05-26 22:57:33',0),(634,'/images/retailer//14/05/26','ritu-wears 1.jpg',NULL,'anonymousUser','anonymousUser','2014-05-26 23:02:13','2014-05-26 23:02:13',0),(635,'/images/retailer//14/05/26','ritu-wears-logo 2.png',NULL,'anonymousUser','anonymousUser','2014-05-26 23:02:44','2014-05-26 23:02:44',0),(636,'/images/retailer//14/05/26','Ritu Wears 3.jpg',NULL,'anonymousUser','anonymousUser','2014-05-26 23:03:11','2014-05-26 23:03:11',0),(637,'/images/retailer//14/05/26','ritu-wears-logo 2-1401170616980.png',NULL,'anonymousUser','anonymousUser','2014-05-26 23:03:36','2014-05-26 23:03:36',0),(638,'/images/brands/14/05/27','samsung-logo-17735.jpg',NULL,'anonymousUser','anonymousUser','2014-05-27 22:55:11','2014-05-27 22:55:11',0),(639,'/images/brands/14/05/27','samsung-logo.jpeg',NULL,'anonymousUser','anonymousUser','2014-05-27 22:57:20','2014-05-27 22:57:20',0),(640,'/images/brands/14/05/27','HP-logo001.jpg',NULL,'anonymousUser','anonymousUser','2014-05-27 23:05:07','2014-05-27 23:05:07',0),(641,'/images/brands/14/05/27','Canon_Logo_350_tcm13-959888.jpg',NULL,'anonymousUser','anonymousUser','2014-05-27 23:06:48','2014-05-27 23:06:48',0),(642,'/images/brands/14/05/27','Canon_Logo.jpg',NULL,'anonymousUser','anonymousUser','2014-05-27 23:07:41','2014-05-27 23:07:41',0),(643,'/images/brands/14/05/27','Nikon-logo.jpg',NULL,'anonymousUser','anonymousUser','2014-05-27 23:09:31','2014-05-27 23:09:31',0),(644,'/images/brands/14/05/28','Canon_Logo.jpg',NULL,'anonymousUser','anonymousUser','2014-05-28 02:09:04','2014-05-28 02:09:04',0),(645,'/images/brands/14/06/04','357_7313_spencers.jpg',NULL,'anonymousUser','anonymousUser','2014-06-04 05:17:19','2014-06-04 05:17:19',0);

/*Table structure for table `mail` */

DROP TABLE IF EXISTS `mail`;

CREATE TABLE `mail` (
  `id` int(11) NOT NULL AUTO_INCREMENT,
  `toEmail` varchar(90) DEFAULT NULL,
  `fromEmail` varchar(90) DEFAULT NULL,
  `subject` varchar(256) DEFAULT NULL,
  `content` varchar(2048) DEFAULT NULL,
  `textFormat` tinyint(1) DEFAULT NULL,
  `cc` varchar(30) DEFAULT NULL,
  `bcc` varchar(30) DEFAULT NULL,
  `status` int(11) DEFAULT NULL,
  `enqueuedAt` datetime DEFAULT NULL,
  `sentAt` datetime DEFAULT NULL,
  `mailsendAttempt` int(11) DEFAULT NULL,
  `batchId` int(11) DEFAULT NULL,
  `emailTemplateId` int(11) DEFAULT NULL,
  `createdBy` varchar(50) DEFAULT NULL,
  `updatedBy` varchar(50) DEFAULT NULL,
  `createdDate` timestamp NOT NULL DEFAULT CURRENT_TIMESTAMP,
  `updatedDate` timestamp NOT NULL DEFAULT '2013-01-01 00:00:01',
  `version` int(11) DEFAULT NULL,
  `name` varchar(1) DEFAULT NULL,
  PRIMARY KEY (`id`)
) ENGINE=InnoDB AUTO_INCREMENT=2 DEFAULT CHARSET=latin1;

/*Data for the table `mail` */

insert  into `mail`(`id`,`toEmail`,`fromEmail`,`subject`,`content`,`textFormat`,`cc`,`bcc`,`status`,`enqueuedAt`,`sentAt`,`mailsendAttempt`,`batchId`,`emailTemplateId`,`createdBy`,`updatedBy`,`createdDate`,`updatedDate`,`version`,`name`) values (1,'asdasd@sadf.com','nirajp123@gmail.com','Recommendation from your friend at flipchase','adasd\nasd\nasd\n',0,NULL,NULL,NULL,NULL,NULL,NULL,1000,NULL,'anonymousUser','anonymousUser','2014-07-10 09:40:24','2014-07-10 09:40:24',0,NULL);

/*Table structure for table `master_brand` */

DROP TABLE IF EXISTS `master_brand`;

CREATE TABLE `master_brand` (
  `id` int(11) NOT NULL AUTO_INCREMENT,
  `name` varchar(150) DEFAULT NULL,
  `createdBy` varchar(50) DEFAULT NULL,
  `updatedBy` varchar(50) DEFAULT NULL,
  `createdDate` timestamp NULL DEFAULT CURRENT_TIMESTAMP,
  `updatedDate` timestamp NULL DEFAULT '2013-01-01 00:00:01',
  `version` int(11) DEFAULT NULL,
  `premium` tinyint(4) DEFAULT '0',
  `photo` int(11) DEFAULT NULL,
  `photo_path` varchar(200) DEFAULT NULL,
  `description` varchar(1000) DEFAULT NULL,
  `description1` varchar(1000) DEFAULT NULL,
  `url_name` varchar(180) DEFAULT NULL,
  PRIMARY KEY (`id`),
  UNIQUE KEY `unq_master_brand_name` (`name`)
) ENGINE=InnoDB AUTO_INCREMENT=35 DEFAULT CHARSET=latin1;

/*Data for the table `master_brand` */

insert  into `master_brand`(`id`,`name`,`createdBy`,`updatedBy`,`createdDate`,`updatedDate`,`version`,`premium`,`photo`,`photo_path`,`description`,`description1`,`url_name`) values (6,'VU',NULL,NULL,'2014-05-01 01:44:05','2013-01-01 00:00:01',NULL,0,NULL,NULL,'description','description1',NULL),(7,'Samsung','anonymousUser','anonymousUser','2014-05-01 01:44:19','2014-06-12 23:54:03',0,1,639,'/images/brands/14/05/27/samsung-logo.jpeg','Electronics giant Samsung (KSE: 005930.KS) produces all forms of consumer electronics, including TVs, mobile phones, Blu-ray and DVD players, and home-theater systems. Its computer-related products include tablets, laptops, cameras, monitors, printers, and hard drives. ','It is also the largest memory-chip manufacturer in the world. The company was founded in 1938 by Lee Bying-chull and is headquartered in Seoul, South Korea.',NULL),(8,'Sony',NULL,NULL,'2014-05-01 01:44:28','2013-01-01 00:00:01',NULL,0,NULL,NULL,'description','description1',NULL),(9,'LG',NULL,NULL,'2014-05-01 01:44:39','2013-01-01 00:00:01',NULL,0,NULL,NULL,'description','description1',NULL),(10,'IFB',NULL,NULL,'2014-05-01 01:44:47','2013-01-01 00:00:01',NULL,0,NULL,NULL,'description','description1',NULL),(11,'Spencer Clothing',NULL,NULL,'2014-05-01 01:45:20','2013-01-01 00:00:01',NULL,0,NULL,NULL,'description','description1',NULL),(12,'Apple',NULL,NULL,'2014-05-01 01:45:31','2013-01-01 00:00:01',NULL,0,NULL,NULL,'description','description1',NULL),(13,'Panasonic',NULL,NULL,'2014-05-01 01:46:53','2013-01-01 00:00:01',NULL,0,NULL,NULL,'description','description1',NULL),(14,'',NULL,NULL,'2014-05-01 02:04:48','2013-01-01 00:00:01',NULL,0,NULL,NULL,'description','description1',NULL),(15,'Rang Maanch',NULL,NULL,'2014-05-01 02:07:01','2013-01-01 00:00:01',NULL,0,NULL,NULL,'description','description1',NULL),(16,'Canon','anonymousUser','anonymousUser','2014-05-01 03:26:07','2014-05-28 02:09:06',0,1,644,'/images/brands/14/05/28/Canon_Logo.jpg','description','description1',NULL),(17,'Nikon','anonymousUser','anonymousUser','2014-05-01 03:26:47','2014-05-27 23:09:31',0,1,643,'/images/brands/14/05/27/Nikon-logo.jpg','description','description1',NULL),(18,'ILVE',NULL,NULL,'2014-05-21 23:53:35','2013-01-01 00:00:01',NULL,0,NULL,NULL,'description','description1',NULL),(19,'Omega',NULL,NULL,'2014-05-22 01:34:36','2013-01-01 00:00:01',NULL,0,NULL,NULL,'description','description1',NULL),(20,'Westinghouse',NULL,NULL,'2014-05-22 01:34:52','2013-01-01 00:00:01',NULL,0,NULL,NULL,'description','description1',NULL),(21,'Blanco',NULL,NULL,'2014-05-22 01:35:12','2013-01-01 00:00:01',NULL,0,NULL,NULL,'description','description1',NULL),(22,'Haier',NULL,NULL,'2014-05-22 01:38:47','2013-01-01 00:00:01',NULL,0,NULL,NULL,'description','description1',NULL),(23,'Simpson',NULL,NULL,'2014-05-22 01:38:59','2013-01-01 00:00:01',NULL,0,NULL,NULL,'description','description1',NULL),(24,'Beko',NULL,NULL,'2014-05-22 01:39:06','2013-01-01 00:00:01',NULL,0,NULL,NULL,'description','description1',NULL),(25,'Bosch',NULL,NULL,'2014-05-22 01:39:16','2013-01-01 00:00:01',NULL,0,NULL,NULL,'description','description1',NULL),(26,'Asko',NULL,NULL,'2014-05-22 01:39:22','2013-01-01 00:00:01',NULL,0,NULL,NULL,'description','description1',NULL),(27,'Whirlpool',NULL,NULL,'2014-05-22 01:39:30','2013-01-01 00:00:01',NULL,0,NULL,NULL,'description','description1',NULL),(28,'Electrolux',NULL,NULL,'2014-05-22 01:39:48','2013-01-01 00:00:01',NULL,0,NULL,NULL,'description','description1',NULL),(29,'Epson',NULL,NULL,'2014-05-22 01:45:19','2013-01-01 00:00:01',NULL,0,NULL,NULL,'description','description1',NULL),(30,'Brother',NULL,NULL,'2014-05-22 01:45:26','2013-01-01 00:00:01',NULL,0,NULL,NULL,'description','description1',NULL),(31,'HP','anonymousUser','anonymousUser','2014-05-22 01:46:23','2014-05-27 23:05:07',0,1,640,'/images/brands/14/05/27/HP-logo001.jpg','description','description1',NULL),(33,'Spencer\'s','anonymousUser','anonymousUser','2014-05-27 10:04:18','2014-06-04 05:17:19',0,1,645,'/images/brands/14/06/04/357_7313_spencers.jpg','description','description1',NULL),(34,NULL,NULL,NULL,'2014-06-09 01:19:11','2013-01-01 00:00:01',NULL,0,NULL,NULL,NULL,NULL,NULL);

/*Table structure for table `master_brand_product_mapping` */

DROP TABLE IF EXISTS `master_brand_product_mapping`;

CREATE TABLE `master_brand_product_mapping` (
  `id` int(11) NOT NULL AUTO_INCREMENT,
  `brand_id` int(11) DEFAULT NULL,
  `product_id` int(11) DEFAULT NULL,
  `createdBy` varchar(50) DEFAULT NULL,
  `updatedBy` varchar(50) DEFAULT NULL,
  `createdDate` timestamp NULL DEFAULT CURRENT_TIMESTAMP,
  `updatedDate` timestamp NULL DEFAULT '2013-01-01 00:00:01',
  `version` int(11) DEFAULT NULL,
  PRIMARY KEY (`id`),
  KEY `fk_master_brand_product_mapping_brand` (`brand_id`),
  KEY `fk_master_brand_product_mapping_product` (`product_id`),
  CONSTRAINT `fk_master_brand_product_mapping_brand` FOREIGN KEY (`brand_id`) REFERENCES `master_brand` (`id`),
  CONSTRAINT `fk_master_brand_product_mapping_product` FOREIGN KEY (`product_id`) REFERENCES `master_product` (`id`)
) ENGINE=InnoDB DEFAULT CHARSET=latin1;

/*Data for the table `master_brand_product_mapping` */

/*Table structure for table `master_category` */

DROP TABLE IF EXISTS `master_category`;

CREATE TABLE `master_category` (
  `id` int(11) NOT NULL AUTO_INCREMENT,
  `name` varchar(150) NOT NULL,
  `displayOrder` int(5) DEFAULT NULL,
  `image` int(11) DEFAULT NULL,
  `createdBy` varchar(50) DEFAULT NULL,
  `updatedBy` varchar(50) DEFAULT NULL,
  `createdDate` timestamp NULL DEFAULT CURRENT_TIMESTAMP,
  `updatedDate` timestamp NULL DEFAULT '2013-01-01 00:00:01',
  `version` int(11) DEFAULT NULL,
  `url_name` varchar(180) DEFAULT NULL,
  PRIMARY KEY (`id`),
  UNIQUE KEY `unique_cat_name` (`name`),
  KEY `fk_master_category_filestore` (`image`),
  CONSTRAINT `fk_master_category_filestore` FOREIGN KEY (`image`) REFERENCES `filestore` (`id`)
) ENGINE=InnoDB AUTO_INCREMENT=12 DEFAULT CHARSET=latin1;

/*Data for the table `master_category` */

insert  into `master_category`(`id`,`name`,`displayOrder`,`image`,`createdBy`,`updatedBy`,`createdDate`,`updatedDate`,`version`,`url_name`) values (1,'Electronics',1,NULL,NULL,NULL,'2014-04-03 19:12:23','2013-01-01 00:00:01',NULL,'electronics'),(2,'Men & Women Clothing',2,NULL,NULL,NULL,'2014-04-03 19:16:38','2013-01-01 00:00:01',NULL,'men-and-women-clothing'),(3,'Footwear',4,NULL,NULL,NULL,'2014-04-04 20:52:02','2013-01-01 00:00:01',NULL,NULL),(4,'Furniture',6,NULL,NULL,NULL,'2014-04-04 20:52:09','2013-01-01 00:00:01',NULL,NULL),(5,'Home Furnishing & Decor',5,NULL,NULL,NULL,'2014-04-14 16:25:13','2013-01-01 00:00:01',NULL,NULL),(6,'Sports & Fitness',10,NULL,NULL,NULL,'2014-04-14 16:25:15','2013-01-01 00:00:01',NULL,NULL),(7,'Kids Clothing, Toys & Baby Care',8,NULL,NULL,NULL,'2014-04-14 16:25:33','2013-01-01 00:00:01',NULL,NULL),(8,'Jewellery & Watches',7,NULL,NULL,NULL,'2014-04-14 16:25:41','2013-01-01 00:00:01',NULL,NULL),(9,'Bags & Accessories',9,NULL,NULL,NULL,'2014-04-14 16:25:52','2013-01-01 00:00:01',NULL,NULL),(10,'Supermarket & Grocery',3,NULL,NULL,NULL,'2014-04-14 16:26:01','2013-01-01 00:00:01',NULL,NULL),(11,'Beauty & Fragrances',11,NULL,NULL,NULL,'2014-04-14 16:26:06','2013-01-01 00:00:01',NULL,NULL);

/*Table structure for table `master_city` */

DROP TABLE IF EXISTS `master_city`;

CREATE TABLE `master_city` (
  `id` int(11) NOT NULL AUTO_INCREMENT,
  `name` varchar(100) NOT NULL,
  `state` varchar(100) NOT NULL,
  `displayOrder` int(5) DEFAULT NULL,
  `longitude` decimal(10,6) DEFAULT NULL,
  `latitude` decimal(10,6) DEFAULT NULL,
  `createdBy` varchar(50) DEFAULT NULL,
  `updatedBy` varchar(50) DEFAULT NULL,
  `createdDate` timestamp NULL DEFAULT CURRENT_TIMESTAMP,
  `updatedDate` timestamp NULL DEFAULT '2013-01-01 00:00:01',
  `version` int(11) DEFAULT NULL,
  `url_name` varchar(120) DEFAULT NULL,
  PRIMARY KEY (`id`),
  UNIQUE KEY `unq_name_state` (`name`,`state`)
) ENGINE=InnoDB AUTO_INCREMENT=6 DEFAULT CHARSET=latin1;

/*Data for the table `master_city` */

insert  into `master_city`(`id`,`name`,`state`,`displayOrder`,`longitude`,`latitude`,`createdBy`,`updatedBy`,`createdDate`,`updatedDate`,`version`,`url_name`) values (1,'Delhi','Delhi',1,77.216721,28.644800,'Sahil',NULL,'2014-04-29 23:08:18','2013-01-01 00:00:01',NULL,'delhi'),(5,'Mumbai','Maharashtra',2,72.877655,19.075983,'Sahil',NULL,'2014-04-29 23:08:18','2013-01-01 00:00:01',NULL,NULL);

/*Table structure for table `master_location` */

DROP TABLE IF EXISTS `master_location`;

CREATE TABLE `master_location` (
  `id` int(11) NOT NULL AUTO_INCREMENT,
  `city` int(11) DEFAULT NULL,
  `name` varchar(150) NOT NULL,
  `latitude` decimal(10,6) DEFAULT NULL,
  `longitude` decimal(10,6) DEFAULT NULL,
  `createdBy` varchar(50) DEFAULT NULL,
  `updatedBy` varchar(50) DEFAULT NULL,
  `createdDate` timestamp NULL DEFAULT CURRENT_TIMESTAMP,
  `updatedDate` timestamp NULL DEFAULT '2013-01-01 00:00:01',
  `version` int(11) DEFAULT NULL,
  `displayOrder` int(11) DEFAULT '100',
  `url_name` varchar(180) DEFAULT NULL,
  PRIMARY KEY (`id`),
  UNIQUE KEY `uc_location_name` (`name`),
  KEY `fk_master_location_city` (`city`),
  CONSTRAINT `fk_master_location_city` FOREIGN KEY (`city`) REFERENCES `master_city` (`id`)
) ENGINE=InnoDB AUTO_INCREMENT=27 DEFAULT CHARSET=latin1;

/*Data for the table `master_location` */

insert  into `master_location`(`id`,`city`,`name`,`latitude`,`longitude`,`createdBy`,`updatedBy`,`createdDate`,`updatedDate`,`version`,`displayOrder`,`url_name`) values (1,1,'Sector 3, Rohini ',28.700165,77.111588,'anonymousUser','anonymousUser','2014-06-23 00:58:44','2014-06-23 00:58:44',0,NULL,'sector-3-rohini'),(20,1,'Kundli',28.868595,77.124687,'anonymousUser','anonymousUser','2014-06-23 00:58:45','2014-06-23 00:58:45',0,NULL,'kundli'),(21,1,'Model Town',28.717442,77.190254,'anonymousUser','anonymousUser','2014-06-23 00:58:45','2014-06-23 00:58:45',0,NULL,''),(22,1,'Lakshmi Nagar',28.631685,77.278458,'anonymousUser','anonymousUser','2014-06-23 00:58:45','2014-06-23 00:58:45',0,NULL,''),(23,5,'Nariman Point',18.924789,72.823281,'anonymousUser','anonymousUser','2014-05-06 21:54:04','2014-05-06 21:54:04',0,NULL,NULL),(24,5,'Colaba',18.905298,72.818092,'anonymousUser','anonymousUser','2014-05-06 21:54:04','2014-05-06 21:54:04',0,NULL,NULL),(25,5,'Borivali',19.231771,72.845642,'anonymousUser','anonymousUser','2014-05-06 21:54:04','2014-05-06 21:54:04',0,NULL,NULL),(26,5,'Andheri East',19.114117,72.868492,'anonymousUser','anonymousUser','2014-05-06 21:54:04','2014-05-06 21:54:04',0,NULL,NULL);

/*Table structure for table `master_location_variant` */

DROP TABLE IF EXISTS `master_location_variant`;

CREATE TABLE `master_location_variant` (
  `id` int(11) NOT NULL AUTO_INCREMENT,
  `name` varchar(150) DEFAULT NULL,
  `location_id` int(11) DEFAULT NULL,
  `createdBy` varchar(50) DEFAULT NULL,
  `updatedBy` varchar(50) DEFAULT NULL,
  `createdDate` timestamp NULL DEFAULT CURRENT_TIMESTAMP,
  `updatedDate` timestamp NULL DEFAULT '2013-01-01 00:00:01',
  `version` int(11) DEFAULT NULL,
  PRIMARY KEY (`id`),
  KEY `fk_master_location_variant_location` (`location_id`),
  CONSTRAINT `fk_master_location_variant_location` FOREIGN KEY (`location_id`) REFERENCES `master_location` (`id`)
) ENGINE=InnoDB DEFAULT CHARSET=latin1;

/*Data for the table `master_location_variant` */

/*Table structure for table `master_product` */

DROP TABLE IF EXISTS `master_product`;

CREATE TABLE `master_product` (
  `id` int(11) NOT NULL AUTO_INCREMENT,
  `name` varchar(150) DEFAULT NULL,
  `subcategory_id` int(11) DEFAULT NULL,
  `category_id` int(11) DEFAULT NULL,
  `createdBy` varchar(50) DEFAULT NULL,
  `updatedBy` varchar(50) DEFAULT NULL,
  `createdDate` timestamp NULL DEFAULT CURRENT_TIMESTAMP,
  `updatedDate` timestamp NULL DEFAULT '2013-01-01 00:00:01',
  `version` int(11) DEFAULT NULL,
  `premium` tinyint(1) DEFAULT NULL,
  `url_name` varchar(180) DEFAULT NULL,
  PRIMARY KEY (`id`),
  KEY `fk_master_product_category` (`category_id`),
  KEY `fk_master_product_subcategory` (`subcategory_id`),
  CONSTRAINT `fk_master_product_category` FOREIGN KEY (`category_id`) REFERENCES `master_category` (`id`),
  CONSTRAINT `fk_master_product_subcategory` FOREIGN KEY (`subcategory_id`) REFERENCES `master_subcategory` (`id`)
) ENGINE=InnoDB AUTO_INCREMENT=274 DEFAULT CHARSET=latin1;

/*Data for the table `master_product` */

insert  into `master_product`(`id`,`name`,`subcategory_id`,`category_id`,`createdBy`,`updatedBy`,`createdDate`,`updatedDate`,`version`,`premium`,`url_name`) values (9,'Belts - Mens',29,2,'Sahil',NULL,'2014-04-29 23:55:06','2013-01-01 00:00:01',NULL,NULL,NULL),(10,'Ties - Mens',29,2,'Sahil',NULL,'2014-04-29 23:55:06','2013-01-01 00:00:01',NULL,NULL,NULL),(11,'Caps - Mens',29,2,'Sahil',NULL,'2014-04-29 23:55:06','2013-01-01 00:00:01',NULL,NULL,NULL),(12,'Cufflinks - Mens',29,2,'Sahil',NULL,'2014-04-29 23:55:06','2013-01-01 00:00:01',NULL,NULL,NULL),(13,'Gloves - Mens',29,2,'Sahil',NULL,'2014-04-29 23:55:06','2013-01-01 00:00:01',NULL,NULL,NULL),(14,'Handkerchief - Mens',29,2,'Sahil',NULL,'2014-04-29 23:55:06','2013-01-01 00:00:01',NULL,NULL,NULL),(15,'Hats - Mens',29,2,'Sahil',NULL,'2014-04-29 23:55:06','2013-01-01 00:00:01',NULL,NULL,NULL),(16,'Mufflers - Mens',29,2,'Sahil',NULL,'2014-04-29 23:55:06','2013-01-01 00:00:01',NULL,NULL,NULL),(17,'Pocket Square - Mens',29,2,'Sahil',NULL,'2014-04-29 23:55:06','2013-01-01 00:00:01',NULL,NULL,NULL),(18,'Scarf-Pocket Square Set - Mens',29,2,'Sahil',NULL,'2014-04-29 23:55:06','2013-01-01 00:00:01',NULL,NULL,NULL),(19,'Scarves - Mens',29,2,'Sahil',NULL,'2014-04-29 23:55:06','2013-01-01 00:00:01',NULL,NULL,NULL),(20,'Socks - Mens',29,2,'Sahil',NULL,'2014-04-29 23:55:06','2013-01-01 00:00:01',NULL,NULL,NULL),(21,'Wristbands - Mens',29,2,'Sahil',NULL,'2014-04-29 23:55:06','2013-01-01 00:00:01',NULL,NULL,NULL),(22,'Blazers - Mens',29,2,'Sahil',NULL,'2014-04-29 23:55:06','2013-01-01 00:00:01',NULL,NULL,NULL),(23,'Casual Shirts - Mens',29,2,'Sahil',NULL,'2014-04-29 23:55:06','2013-01-01 00:00:01',NULL,NULL,NULL),(24,'Jeans - Mens',29,2,'Sahil',NULL,'2014-04-29 23:55:06','2013-01-01 00:00:01',NULL,NULL,NULL),(25,'Shorts & 3/4Ths - Mens',29,2,'Sahil',NULL,'2014-04-29 23:55:06','2013-01-01 00:00:01',NULL,NULL,NULL),(26,'T Shirts - Mens',29,2,'Sahil',NULL,'2014-04-29 23:55:06','2013-01-01 00:00:01',NULL,1,NULL),(27,'Casual Trousers - Mens',29,2,'Sahil',NULL,'2014-04-29 23:55:06','2013-01-01 00:00:01',NULL,1,NULL),(28,'Waist Coats - Mens',29,2,'Sahil',NULL,'2014-04-29 23:55:06','2013-01-01 00:00:01',NULL,NULL,NULL),(29,'Churidars - Mens',29,2,'Sahil',NULL,'2014-04-29 23:55:06','2013-01-01 00:00:01',NULL,NULL,NULL),(30,'Dhoti Pant - Mens',29,2,'Sahil',NULL,'2014-04-29 23:55:06','2013-01-01 00:00:01',NULL,NULL,NULL),(31,'Indo-Western Set - Mens',29,2,'Sahil',NULL,'2014-04-29 23:55:06','2013-01-01 00:00:01',NULL,NULL,NULL),(32,'Kurta Pyjama - Mens',29,2,'Sahil',NULL,'2014-04-29 23:55:06','2013-01-01 00:00:01',NULL,NULL,NULL),(33,'Kurtas - Mens',29,2,'Sahil',NULL,'2014-04-29 23:55:06','2013-01-01 00:00:01',NULL,NULL,NULL),(34,'Sherwani Set - Mens',29,2,'Sahil',NULL,'2014-04-29 23:55:06','2013-01-01 00:00:01',NULL,NULL,NULL),(35,'Formal Shirts - Mens',29,2,'Sahil',NULL,'2014-04-29 23:55:06','2013-01-01 00:00:01',NULL,NULL,NULL),(36,'Formal Trousers - Mens',29,2,'Sahil',NULL,'2014-04-29 23:55:06','2013-01-01 00:00:01',NULL,NULL,NULL),(37,'Suits - Mens',29,2,'Sahil',NULL,'2014-04-29 23:55:06','2013-01-01 00:00:01',NULL,NULL,NULL),(38,'Inner Wear - Mens',29,2,'Sahil',NULL,'2014-04-29 23:55:06','2013-01-01 00:00:01',NULL,NULL,NULL),(39,'Night Suits - Mens',29,2,'Sahil',NULL,'2014-04-29 23:55:06','2013-01-01 00:00:01',NULL,NULL,NULL),(40,'Pyjamas - Mens',29,2,'Sahil',NULL,'2014-04-29 23:55:06','2013-01-01 00:00:01',NULL,NULL,NULL),(41,'Ponchos - Mens',29,2,'Sahil',NULL,'2014-04-29 23:55:06','2013-01-01 00:00:01',NULL,NULL,NULL),(42,'Rain Cheaters & Rain Jackets - Mens',29,2,'Sahil',NULL,'2014-04-29 23:55:06','2013-01-01 00:00:01',NULL,NULL,NULL),(43,'Rain Trousers - Mens',29,2,'Sahil',NULL,'2014-04-29 23:55:06','2013-01-01 00:00:01',NULL,NULL,NULL),(44,'Jackets & Blazers - Mens',29,2,'Sahil',NULL,'2014-04-29 23:55:06','2013-01-01 00:00:01',NULL,NULL,NULL),(45,'Jersey Kit - Mens',29,2,'Sahil',NULL,'2014-04-29 23:55:06','2013-01-01 00:00:01',NULL,NULL,NULL),(46,'Sweaters & Cardigans - Mens',29,2,'Sahil',NULL,'2014-04-29 23:55:06','2013-01-01 00:00:01',NULL,NULL,NULL),(47,'Sweatshirts - Mens',29,2,'Sahil',NULL,'2014-04-29 23:55:06','2013-01-01 00:00:01',NULL,NULL,NULL),(48,'Swimsuits - Mens',29,2,'Sahil',NULL,'2014-04-29 23:55:06','2013-01-01 00:00:01',NULL,NULL,NULL),(49,'Tights - Mens',29,2,'Sahil',NULL,'2014-04-29 23:55:06','2013-01-01 00:00:01',NULL,NULL,NULL),(50,'Tracktops - Mens',29,2,'Sahil',NULL,'2014-04-29 23:55:06','2013-01-01 00:00:01',NULL,NULL,NULL),(51,'Trackpants - Mens',29,2,'Sahil',NULL,'2014-04-29 23:55:06','2013-01-01 00:00:01',NULL,NULL,NULL),(52,'Tracksuits - Mens',29,2,'Sahil',NULL,'2014-04-29 23:55:06','2013-01-01 00:00:01',NULL,NULL,NULL),(53,'Thermals - Mens',29,2,'Sahil',NULL,'2014-04-29 23:55:06','2013-01-01 00:00:01',NULL,NULL,NULL),(54,'Beachwear - Womens',30,2,'Sahil',NULL,'2014-04-29 23:55:06','2013-01-01 00:00:01',NULL,NULL,NULL),(55,'Belts - Womens',30,2,'Sahil',NULL,'2014-04-29 23:55:06','2013-01-01 00:00:01',NULL,NULL,NULL),(56,'Bottoms And Dupattas - Womens',30,2,'Sahil',NULL,'2014-04-29 23:55:06','2013-01-01 00:00:01',NULL,NULL,NULL),(57,'Lingerie - Womens',30,2,'Sahil',NULL,'2014-04-29 23:55:06','2013-01-01 00:00:01',NULL,NULL,NULL),(58,'Capris - Womens',30,2,'Sahil',NULL,'2014-04-29 23:55:06','2013-01-01 00:00:01',NULL,NULL,NULL),(59,'Caps - Womens',30,2,'Sahil',NULL,'2014-04-29 23:55:06','2013-01-01 00:00:01',NULL,NULL,NULL),(60,'Dress Materials - Womens',30,2,'Sahil',NULL,'2014-04-29 23:55:06','2013-01-01 00:00:01',NULL,NULL,NULL),(61,'Dresses - Womens',30,2,'Sahil',NULL,'2014-04-29 23:55:06','2013-01-01 00:00:01',NULL,NULL,NULL),(62,'Dupattas - Womens',30,2,'Sahil',NULL,'2014-04-29 23:55:06','2013-01-01 00:00:01',NULL,NULL,NULL),(63,'Gloves - Womens',30,2,'Sahil',NULL,'2014-04-29 23:55:06','2013-01-01 00:00:01',NULL,NULL,NULL),(64,'Jackets & Blazers - Womens',30,2,'Sahil',NULL,'2014-04-29 23:55:06','2013-01-01 00:00:01',NULL,NULL,NULL),(65,'Jeans - Womens',30,2,'Sahil',NULL,'2014-04-29 23:55:06','2013-01-01 00:00:01',NULL,NULL,NULL),(66,'Leggings & Jeggings - Womens',30,2,'Sahil',NULL,'2014-04-29 23:55:06','2013-01-01 00:00:01',NULL,NULL,NULL),(67,'Jumpsuits - Womens',30,2,'Sahil',NULL,'2014-04-29 23:55:06','2013-01-01 00:00:01',NULL,NULL,NULL),(68,'Kurtis & Kurtas - Womens',30,2,'Sahil',NULL,'2014-04-29 23:55:06','2013-01-01 00:00:01',NULL,NULL,NULL),(69,'Lehengas - Womens',30,2,'Sahil',NULL,'2014-04-29 23:55:06','2013-01-01 00:00:01',NULL,NULL,NULL),(70,'Night Wear - Womens',30,2,'Sahil',NULL,'2014-04-29 23:55:06','2013-01-01 00:00:01',NULL,NULL,NULL),(71,'Pyjamas - Womens',30,2,'Sahil',NULL,'2014-04-29 23:55:06','2013-01-01 00:00:01',NULL,NULL,NULL),(72,'Salwars & Churidars - Womens',30,2,'Sahil',NULL,'2014-04-29 23:55:06','2013-01-01 00:00:01',NULL,NULL,NULL),(73,'Saree Blouses - Womens',30,2,'Sahil',NULL,'2014-04-29 23:55:06','2013-01-01 00:00:01',NULL,NULL,NULL),(74,'Sarees - Womens',30,2,'Sahil',NULL,'2014-04-29 23:55:06','2013-01-01 00:00:01',NULL,NULL,NULL),(75,'Scarves & Stoles - Womens',30,2,'Sahil',NULL,'2014-04-29 23:55:06','2013-01-01 00:00:01',NULL,NULL,NULL),(76,'Shawls - Womens',30,2,'Sahil',NULL,'2014-04-29 23:55:06','2013-01-01 00:00:01',NULL,NULL,NULL),(77,'Shirts - Womens',30,2,'Sahil',NULL,'2014-04-29 23:55:06','2013-01-01 00:00:01',NULL,NULL,NULL),(78,'Shorts & 3/4Ths - Womens',30,2,'Sahil',NULL,'2014-04-29 23:55:06','2013-01-01 00:00:01',NULL,NULL,NULL),(79,'Shrugs - Womens',30,2,'Sahil',NULL,'2014-04-29 23:55:06','2013-01-01 00:00:01',NULL,NULL,NULL),(80,'Skirts - Womens',30,2,'Sahil',NULL,'2014-04-29 23:55:06','2013-01-01 00:00:01',NULL,NULL,NULL),(81,'Socks - Womens',30,2,'Sahil',NULL,'2014-04-29 23:55:06','2013-01-01 00:00:01',NULL,NULL,NULL),(82,'Stockings - Womens',30,2,'Sahil',NULL,'2014-04-29 23:55:06','2013-01-01 00:00:01',NULL,NULL,NULL),(83,'Suit Set - Womens',30,2,'Sahil',NULL,'2014-04-29 23:55:06','2013-01-01 00:00:01',NULL,NULL,NULL),(84,'Sweaters - Womens',30,2,'Sahil',NULL,'2014-04-29 23:55:06','2013-01-01 00:00:01',NULL,NULL,NULL),(85,'Sweatshirts - Womens',30,2,'Sahil',NULL,'2014-04-29 23:55:06','2013-01-01 00:00:01',NULL,NULL,NULL),(86,'Swimsuits - Womens',30,2,'Sahil',NULL,'2014-04-29 23:55:06','2013-01-01 00:00:01',NULL,NULL,NULL),(87,'T Shirts - Womens',30,2,'Sahil',NULL,'2014-04-29 23:55:06','2013-01-01 00:00:01',NULL,NULL,NULL),(88,'Thermals - Womens',30,2,'Sahil',NULL,'2014-04-29 23:55:06','2013-01-01 00:00:01',NULL,NULL,NULL),(89,'Tights - Womens',30,2,'Sahil',NULL,'2014-04-29 23:55:06','2013-01-01 00:00:01',NULL,NULL,NULL),(90,'Tops - Womens',30,2,'Sahil',NULL,'2014-04-29 23:55:06','2013-01-01 00:00:01',NULL,NULL,NULL),(91,'Trackpants - Womens',30,2,'Sahil',NULL,'2014-04-29 23:55:06','2013-01-01 00:00:01',NULL,NULL,NULL),(92,'Tracksuits - Womens',30,2,'Sahil',NULL,'2014-04-29 23:55:06','2013-01-01 00:00:01',NULL,NULL,NULL),(93,'Trousers - Womens',30,2,'Sahil',NULL,'2014-04-29 23:55:06','2013-01-01 00:00:01',NULL,NULL,NULL),(94,'Tunics - Womens',30,2,'Sahil',NULL,'2014-04-29 23:55:06','2013-01-01 00:00:01',NULL,NULL,NULL),(95,'Waist Coats - Womens',30,2,'Sahil',NULL,'2014-04-29 23:55:06','2013-01-01 00:00:01',NULL,NULL,NULL),(96,'Spices & Masalas',18,10,'Sahil',NULL,'2014-04-29 23:55:06','2013-01-01 00:00:01',NULL,NULL,NULL),(97,'Pickles, Sauces & Condiments',18,10,'Sahil',NULL,'2014-04-29 23:55:06','2013-01-01 00:00:01',NULL,NULL,NULL),(98,'Snacks, Biscuits & Namkeens',18,10,'Sahil',NULL,'2014-04-29 23:55:06','2013-01-01 00:00:01',NULL,NULL,NULL),(99,'Breakfast & Cereal',18,10,'Sahil',NULL,'2014-04-29 23:55:06','2013-01-01 00:00:01',NULL,NULL,NULL),(100,'Canned & Ready To Eat Food',18,10,'Sahil',NULL,'2014-04-29 23:55:06','2013-01-01 00:00:01',NULL,NULL,NULL),(101,'Dry Fruits',18,10,'Sahil',NULL,'2014-04-29 23:55:06','2013-01-01 00:00:01',NULL,NULL,NULL),(102,'Pasta & Noodles',18,10,'Sahil',NULL,'2014-04-29 23:55:06','2013-01-01 00:00:01',NULL,NULL,NULL),(103,'Pulses, Dals, Rice & Lentils',18,10,'Sahil',NULL,'2014-04-29 23:55:06','2013-01-01 00:00:01',NULL,NULL,NULL),(104,'Tea & Coffee',18,10,'Sahil',NULL,'2014-04-29 23:55:06','2013-01-01 00:00:01',NULL,NULL,NULL),(105,'Edible Oil & Ghee',18,10,'Sahil',NULL,'2014-04-29 23:55:06','2013-01-01 00:00:01',NULL,NULL,NULL),(106,'Flours & Sooji',18,10,'Sahil',NULL,'2014-04-29 23:55:06','2013-01-01 00:00:01',NULL,NULL,NULL),(107,'Salt & Sugar',18,10,'Sahil',NULL,'2014-04-29 23:55:06','2013-01-01 00:00:01',NULL,NULL,NULL),(108,'Fruits & Vegetables',18,10,'Sahil',NULL,'2014-04-29 23:55:06','2013-01-01 00:00:01',NULL,NULL,NULL),(109,'Organic Staples',18,10,'Sahil',NULL,'2014-04-29 23:55:06','2013-01-01 00:00:01',NULL,NULL,NULL),(110,'Bread & Bakery',18,10,'Sahil',NULL,'2014-04-29 23:55:06','2013-01-01 00:00:01',NULL,NULL,NULL),(111,'Sweets & Chocolates',18,10,'Sahil',NULL,'2014-04-29 23:55:06','2013-01-01 00:00:01',NULL,NULL,NULL),(112,'Beverages',18,10,'Sahil',NULL,'2014-04-29 23:55:06','2013-01-01 00:00:01',NULL,NULL,NULL),(113,'Frozen Food',18,10,'Sahil',NULL,'2014-04-29 23:55:06','2013-01-01 00:00:01',NULL,NULL,NULL),(114,'Dairy Products',18,10,'Sahil',NULL,'2014-04-29 23:55:06','2013-01-01 00:00:01',NULL,NULL,NULL),(115,'Egg & Meat',18,10,'Sahil',NULL,'2014-04-29 23:55:06','2013-01-01 00:00:01',NULL,NULL,NULL),(116,'Cleaning Accessories',19,10,'Sahil',NULL,'2014-04-29 23:55:06','2013-01-01 00:00:01',NULL,NULL,NULL),(117,'Laundry\\Detergents',19,10,'Sahil',NULL,'2014-04-29 23:55:06','2013-01-01 00:00:01',NULL,NULL,NULL),(118,'Battery & Cfl\'S',19,10,'Sahil',NULL,'2014-04-29 23:55:06','2013-01-01 00:00:01',NULL,NULL,NULL),(119,'Garden Tools',12,10,'Sahil',NULL,'2014-04-29 23:55:06','2013-01-01 00:00:01',NULL,NULL,NULL),(120,'Paper & Disposables-Disposable Plates & Utensils',19,10,'Sahil',NULL,'2014-04-29 23:55:06','2013-01-01 00:00:01',NULL,NULL,NULL),(121,'Paper & Disposables-Garbage Bags',19,10,'Sahil',NULL,'2014-04-29 23:55:06','2013-01-01 00:00:01',NULL,NULL,NULL),(122,'Paper & Disposables-Kitchen & Cleaning Gloves',19,10,'Sahil',NULL,'2014-04-29 23:55:06','2013-01-01 00:00:01',NULL,NULL,NULL),(123,'Paper & Disposables-Kitchen Rolls',19,10,'Sahil',NULL,'2014-04-29 23:55:06','2013-01-01 00:00:01',NULL,NULL,NULL),(124,'Paper & Disposables-Tissue Paper & Napkins',19,10,'Sahil',NULL,'2014-04-29 23:55:06','2013-01-01 00:00:01',NULL,NULL,NULL),(125,'Paper & Disposables-Toilet Paper',19,10,'Sahil',NULL,'2014-04-29 23:55:06','2013-01-01 00:00:01',NULL,NULL,NULL),(126,'Paper & Disposables-',19,10,'Sahil',NULL,'2014-04-29 23:55:06','2013-01-01 00:00:01',NULL,NULL,NULL),(127,'Repellents & Freshners',19,10,'Sahil',NULL,'2014-04-29 23:55:06','2013-01-01 00:00:01',NULL,NULL,NULL),(128,'Stationery-Calculator',19,10,'Sahil',NULL,'2014-04-29 23:55:06','2013-01-01 00:00:01',NULL,NULL,NULL),(129,'Stationery-Colors',19,10,'Sahil',NULL,'2014-04-29 23:55:06','2013-01-01 00:00:01',NULL,NULL,NULL),(130,'Stationery-Notebooks',19,10,'Sahil',NULL,'2014-04-29 23:55:06','2013-01-01 00:00:01',NULL,NULL,NULL),(131,'Stationery-Office Stationery',19,10,'Sahil',NULL,'2014-04-29 23:55:06','2013-01-01 00:00:01',NULL,NULL,NULL),(132,'Stationery-Pens & Pencils',19,10,'Sahil',NULL,'2014-04-29 23:55:06','2013-01-01 00:00:01',NULL,NULL,NULL),(133,'Stationery-Scissors, Glue & Tapes',19,10,'Sahil',NULL,'2014-04-29 23:55:06','2013-01-01 00:00:01',NULL,NULL,NULL),(134,'Stationery-Printing Paper',19,10,'Sahil',NULL,'2014-04-29 23:55:06','2013-01-01 00:00:01',NULL,NULL,NULL),(135,'Toilet, Floor & Other Cleaners',19,10,'Sahil',NULL,'2014-04-29 23:55:06','2013-01-01 00:00:01',NULL,NULL,NULL),(136,'Utensil Cleaners',19,10,'Sahil',NULL,'2014-04-29 23:55:06','2013-01-01 00:00:01',NULL,NULL,NULL),(137,'Household Plastics',19,10,'Sahil',NULL,'2014-04-29 23:55:06','2013-01-01 00:00:01',NULL,NULL,NULL),(138,'Bath & Back Brushes',20,10,'Sahil',NULL,'2014-04-29 23:55:06','2013-01-01 00:00:01',NULL,NULL,NULL),(139,'Bath Salt',20,10,'Sahil',NULL,'2014-04-29 23:55:06','2013-01-01 00:00:01',NULL,NULL,NULL),(140,'Bath Soak',20,10,'Sahil',NULL,'2014-04-29 23:55:06','2013-01-01 00:00:01',NULL,NULL,NULL),(141,'Body Lotion',20,10,'Sahil',NULL,'2014-04-29 23:55:06','2013-01-01 00:00:01',NULL,NULL,NULL),(142,'Body Oil',20,10,'Sahil',NULL,'2014-04-29 23:55:06','2013-01-01 00:00:01',NULL,NULL,NULL),(143,'Body Scrub',20,10,'Sahil',NULL,'2014-04-29 23:55:06','2013-01-01 00:00:01',NULL,NULL,NULL),(144,'Body Sponges',20,10,'Sahil',NULL,'2014-04-29 23:55:06','2013-01-01 00:00:01',NULL,NULL,NULL),(145,'Carrier Oil',20,10,'Sahil',NULL,'2014-04-29 23:55:06','2013-01-01 00:00:01',NULL,NULL,NULL),(146,'Liquid Soaps',20,10,'Sahil',NULL,'2014-04-29 23:55:06','2013-01-01 00:00:01',NULL,NULL,NULL),(147,'Loofas',20,10,'Sahil',NULL,'2014-04-29 23:55:06','2013-01-01 00:00:01',NULL,NULL,NULL),(148,'Shower Gel',20,10,'Sahil',NULL,'2014-04-29 23:55:06','2013-01-01 00:00:01',NULL,NULL,NULL),(149,'Shower Kit',20,10,'Sahil',NULL,'2014-04-29 23:55:06','2013-01-01 00:00:01',NULL,NULL,NULL),(150,'Soap Bars',20,10,'Sahil',NULL,'2014-04-29 23:55:06','2013-01-01 00:00:01',NULL,NULL,NULL),(151,'Bath & Shower  Travel Kit',20,10,'Sahil',NULL,'2014-04-29 23:55:06','2013-01-01 00:00:01',NULL,NULL,NULL),(152,'Mouthwash',21,10,'Sahil',NULL,'2014-04-29 23:55:06','2013-01-01 00:00:01',NULL,NULL,NULL),(153,'Toothbrushes',21,10,'Sahil',NULL,'2014-04-29 23:55:06','2013-01-01 00:00:01',NULL,NULL,NULL),(154,'Toothpaste',21,10,'Sahil',NULL,'2014-04-29 23:55:06','2013-01-01 00:00:01',NULL,NULL,NULL),(155,'Clutchers & Clippers',22,10,'Sahil',NULL,'2014-04-29 23:55:06','2013-01-01 00:00:01',NULL,NULL,NULL),(156,'Hair Band',22,10,'Sahil',NULL,'2014-04-29 23:55:06','2013-01-01 00:00:01',NULL,NULL,NULL),(157,'Brushes & Combs',23,10,'Sahil',NULL,'2014-04-29 23:55:06','2013-01-01 00:00:01',NULL,NULL,NULL),(158,'Conditioner',23,10,'Sahil',NULL,'2014-04-29 23:55:06','2013-01-01 00:00:01',NULL,NULL,NULL),(159,'Hair Cream - Men',23,10,'Sahil',NULL,'2014-04-29 23:55:06','2013-01-01 00:00:01',NULL,NULL,NULL),(160,'Hair Cream - Women',23,10,'Sahil',NULL,'2014-04-29 23:55:06','2013-01-01 00:00:01',NULL,NULL,NULL),(161,'Hair Color - Men',23,10,'Sahil',NULL,'2014-04-29 23:55:06','2013-01-01 00:00:01',NULL,NULL,NULL),(162,'Hair Color - Women',23,10,'Sahil',NULL,'2014-04-29 23:55:06','2013-01-01 00:00:01',NULL,NULL,NULL),(163,'Hair Gel - Men',23,10,'Sahil',NULL,'2014-04-29 23:55:06','2013-01-01 00:00:01',NULL,NULL,NULL),(164,'Hair Gel - Women',23,10,'Sahil',NULL,'2014-04-29 23:55:06','2013-01-01 00:00:01',NULL,NULL,NULL),(165,'Hair Oil - Men',23,10,'Sahil',NULL,'2014-04-29 23:55:06','2013-01-01 00:00:01',NULL,NULL,NULL),(166,'Hair Oil - Women',23,10,'Sahil',NULL,'2014-04-29 23:55:06','2013-01-01 00:00:01',NULL,NULL,NULL),(167,'Hair Spa Products - Men',23,10,'Sahil',NULL,'2014-04-29 23:55:06','2013-01-01 00:00:01',NULL,NULL,NULL),(168,'Hair Spa Products - Women',23,10,'Sahil',NULL,'2014-04-29 23:55:06','2013-01-01 00:00:01',NULL,NULL,NULL),(169,'Hair Serums',23,10,'Sahil',NULL,'2014-04-29 23:55:06','2013-01-01 00:00:01',NULL,NULL,NULL),(170,'Shampoo',23,10,'Sahil',NULL,'2014-04-29 23:55:06','2013-01-01 00:00:01',NULL,NULL,NULL),(171,'Hair Sprays - Men',23,10,'Sahil',NULL,'2014-04-29 23:55:06','2013-01-01 00:00:01',NULL,NULL,NULL),(172,'Hair Sprays - Women',23,10,'Sahil',NULL,'2014-04-29 23:55:06','2013-01-01 00:00:01',NULL,NULL,NULL),(173,'Foot Care',24,10,'Sahil',NULL,'2014-04-29 23:55:06','2013-01-01 00:00:01',NULL,NULL,NULL),(174,'Hair Styling Tools - Men',24,10,'Sahil',NULL,'2014-04-29 23:55:06','2013-01-01 00:00:01',NULL,NULL,NULL),(175,'Hair Styling Tools - Women',24,10,'Sahil',NULL,'2014-04-29 23:55:06','2013-01-01 00:00:01',NULL,NULL,NULL),(176,'Massager',24,10,'Sahil',NULL,'2014-04-29 23:55:06','2013-01-01 00:00:01',NULL,NULL,NULL),(177,'Scissors',24,10,'Sahil',NULL,'2014-04-29 23:55:06','2013-01-01 00:00:01',NULL,NULL,NULL),(178,'Hand Sanitizer',25,10,'Sahil',NULL,'2014-04-29 23:55:06','2013-01-01 00:00:01',NULL,NULL,NULL),(179,'Handwash',25,10,'Sahil',NULL,'2014-04-29 23:55:06','2013-01-01 00:00:01',NULL,NULL,NULL),(180,'Adult Diapers - Men',26,10,'Sahil',NULL,'2014-04-29 23:55:06','2013-01-01 00:00:01',NULL,NULL,NULL),(181,'Adult Diapers - Women',26,10,'Sahil',NULL,'2014-04-29 23:55:06','2013-01-01 00:00:01',NULL,NULL,NULL),(182,'Sanitary Pads',26,10,'Sahil',NULL,'2014-04-29 23:55:06','2013-01-01 00:00:01',NULL,NULL,NULL),(183,'After Shave',27,10,'Sahil',NULL,'2014-04-29 23:55:06','2013-01-01 00:00:01',NULL,NULL,NULL),(184,'Cartridge - Men',27,10,'Sahil',NULL,'2014-04-29 23:55:06','2013-01-01 00:00:01',NULL,NULL,NULL),(185,'Cartridge - Women',27,10,'Sahil',NULL,'2014-04-29 23:55:06','2013-01-01 00:00:01',NULL,NULL,NULL),(186,'Epilator',27,10,'Sahil',NULL,'2014-04-29 23:55:06','2013-01-01 00:00:01',NULL,NULL,NULL),(187,'Hair Removal Products',27,10,'Sahil',NULL,'2014-04-29 23:55:06','2013-01-01 00:00:01',NULL,NULL,NULL),(188,'Razor - Men',27,10,'Sahil',NULL,'2014-04-29 23:55:06','2013-01-01 00:00:01',NULL,NULL,NULL),(189,'Razor - Women',27,10,'Sahil',NULL,'2014-04-29 23:55:06','2013-01-01 00:00:01',NULL,NULL,NULL),(190,'Shaving Cream',27,10,'Sahil',NULL,'2014-04-29 23:55:06','2013-01-01 00:00:01',NULL,NULL,NULL),(191,'Shaving Gel & Foam',27,10,'Sahil',NULL,'2014-04-29 23:55:06','2013-01-01 00:00:01',NULL,NULL,NULL),(192,'Trimmer/Shaver',27,10,'Sahil',NULL,'2014-04-29 23:55:06','2013-01-01 00:00:01',NULL,NULL,NULL),(193,'Waxing',27,10,'Sahil',NULL,'2014-04-29 23:55:06','2013-01-01 00:00:01',NULL,NULL,NULL),(194,'Slimming Cream',28,10,'Sahil',NULL,'2014-04-29 23:55:06','2013-01-01 00:00:01',NULL,NULL,NULL),(195,'Air Conditioners-Split Ac',12,1,'Sahil',NULL,'2014-04-29 23:55:06','2013-01-01 00:00:01',NULL,NULL,NULL),(196,'Air Conditioners-Window Ac',12,1,'Sahil',NULL,'2014-04-29 23:55:06','2013-01-01 00:00:01',NULL,NULL,NULL),(197,'Air Purifiers & Dishwashers',12,1,'Sahil',NULL,'2014-04-29 23:55:06','2013-01-01 00:00:01',NULL,NULL,NULL),(198,'Basic Mobiles',14,1,'Sahil',NULL,'2014-04-29 23:55:06','2013-01-01 00:00:01',NULL,NULL,NULL),(199,'Binoculars & Telescopes',15,1,'Sahil',NULL,'2014-04-29 23:55:06','2013-01-01 00:00:01',NULL,NULL,NULL),(200,'Blue Ray, Dvd & Video Players',8,1,'Sahil',NULL,'2014-04-29 23:55:06','2013-01-01 00:00:01',NULL,NULL,NULL),(201,'Calculators',15,1,'Sahil',NULL,'2014-04-29 23:55:06','2013-01-01 00:00:01',NULL,NULL,NULL),(202,'Camcorders & Handycams',7,1,'Sahil',NULL,'2014-04-29 23:55:06','2013-01-01 00:00:01',NULL,NULL,NULL),(203,'Camera - Batteries & Chargers',9,1,'Sahil',NULL,'2014-04-29 23:55:06','2013-01-01 00:00:01',NULL,NULL,NULL),(204,'Camera - Cases & Bags',9,1,'Sahil',NULL,'2014-04-29 23:55:06','2013-01-01 00:00:01',NULL,NULL,NULL),(205,'Camera - Lenses',9,1,'Sahil',NULL,'2014-04-29 23:55:06','2013-01-01 00:00:01',NULL,NULL,NULL),(206,'Camera - Memory Cards',9,1,'Sahil',NULL,'2014-04-29 23:55:06','2013-01-01 00:00:01',NULL,NULL,NULL),(207,'Camera - Tripods & Monopods',9,1,'Sahil',NULL,'2014-04-29 23:55:06','2013-01-01 00:00:01',NULL,NULL,NULL),(208,'Chimney & Hoods',12,1,'Sahil',NULL,'2014-04-29 23:55:06','2013-01-01 00:00:01',NULL,NULL,NULL),(209,'Chopper & Blender',12,1,'Sahil',NULL,'2014-04-29 23:55:06','2013-01-01 00:00:01',NULL,NULL,NULL),(210,'Coffee Maker & Kettlehot',12,1,'Sahil',NULL,'2014-04-29 23:55:06','2013-01-01 00:00:01',NULL,NULL,NULL),(211,'Cookers & Steamers',12,1,'Sahil',NULL,'2014-04-29 23:55:06','2013-01-01 00:00:01',NULL,NULL,NULL),(212,'Data Storage-External Hard Disks',10,1,'Sahil',NULL,'2014-04-29 23:55:06','2013-01-01 00:00:01',NULL,NULL,NULL),(213,'Data Storage-Pen Drives',10,1,'Sahil',NULL,'2014-04-29 23:55:06','2013-01-01 00:00:01',NULL,NULL,NULL),(214,'Digital SLR\'s',7,1,'Sahil',NULL,'2014-04-29 23:55:06','2013-01-01 00:00:01',NULL,NULL,NULL),(215,'Drill Kits',12,1,'Sahil',NULL,'2014-04-29 23:55:06','2013-01-01 00:00:01',NULL,NULL,NULL),(216,'Dual Sim Moblies',14,1,'Sahil',NULL,'2014-04-29 23:55:06','2013-01-01 00:00:01',NULL,NULL,NULL),(217,'Earphones & Headphones',8,1,'Sahil',NULL,'2014-04-29 23:55:06','2013-01-01 00:00:01',NULL,NULL,NULL),(218,'Emergency Light',12,1,'Sahil',NULL,'2014-04-29 23:55:06','2013-01-01 00:00:01',NULL,NULL,NULL),(219,'Fans & Air Coolers',12,1,'Sahil',NULL,'2014-04-29 23:55:06','2013-01-01 00:00:01',NULL,NULL,NULL),(220,'Food Processors',12,1,'Sahil',NULL,'2014-04-29 23:55:06','2013-01-01 00:00:01',NULL,NULL,NULL),(221,'Gaming Accessories',11,1,'Sahil',NULL,'2014-04-29 23:55:06','2013-01-01 00:00:01',NULL,NULL,NULL),(222,'Gaming Consoles',11,1,'Sahil',NULL,'2014-04-29 23:55:06','2013-01-01 00:00:01',NULL,NULL,NULL),(223,'Garden Tools',12,1,'Sahil',NULL,'2014-04-29 23:55:06','2013-01-01 00:00:01',NULL,NULL,NULL),(224,'Gas Stoves & Hobs',12,1,'Sahil',NULL,'2014-04-29 23:55:06','2013-01-01 00:00:01',NULL,NULL,NULL),(225,'Geysers & Heaters',12,1,'Sahil',NULL,'2014-04-29 23:55:06','2013-01-01 00:00:01',NULL,NULL,NULL),(226,'Grills & Tandoors',12,1,'Sahil',NULL,'2014-04-29 23:55:06','2013-01-01 00:00:01',NULL,NULL,NULL),(227,'Home Security',12,1,'Sahil',NULL,'2014-04-29 23:55:06','2013-01-01 00:00:01',NULL,NULL,NULL),(229,'Home Theaters & Projectors',8,1,'Sahil',NULL,'2014-04-29 23:55:06','2013-01-01 00:00:01',NULL,NULL,NULL),(230,'Induction Cookershot',12,1,'Sahil',NULL,'2014-04-29 23:55:06','2013-01-01 00:00:01',NULL,NULL,NULL),(231,'Inverters & Stabilizer',12,1,'Sahil',NULL,'2014-04-29 23:55:06','2013-01-01 00:00:01',NULL,NULL,NULL),(232,'Irons',12,1,'Sahil',NULL,'2014-04-29 23:55:06','2013-01-01 00:00:01',NULL,NULL,NULL),(233,'Juicer Mixer Grinders',12,1,'Sahil',NULL,'2014-04-29 23:55:06','2013-01-01 00:00:01',NULL,NULL,NULL),(234,'Keyboards & Mouse',10,1,'Sahil',NULL,'2014-04-29 23:55:06','2013-01-01 00:00:01',NULL,NULL,NULL),(235,'Led TV\'s',17,1,'Sahil',NULL,'2014-04-29 23:55:06','2013-01-01 00:00:01',NULL,1,NULL),(236,'Microwaves, Ovens & Otgs',12,1,'Sahil',NULL,'2014-04-29 23:55:06','2013-01-01 00:00:01',NULL,1,NULL),(237,'Mobile - Screen Guards',13,1,'Sahil',NULL,'2014-04-29 23:55:06','2013-01-01 00:00:01',NULL,NULL,NULL),(238,'Mobile-Cases And Covers',13,1,'Sahil',NULL,'2014-04-29 23:55:06','2013-01-01 00:00:01',NULL,NULL,NULL),(239,'Mobile-Earphones & Headphones',13,1,'Sahil',NULL,'2014-04-29 23:55:06','2013-01-01 00:00:01',NULL,NULL,NULL),(240,'Mobile-Memory Cards',13,1,'Sahil',NULL,'2014-04-29 23:55:06','2013-01-01 00:00:01',NULL,NULL,NULL),(241,'Mobile-Mobile Batteries',13,1,'Sahil',NULL,'2014-04-29 23:55:06','2013-01-01 00:00:01',NULL,NULL,NULL),(242,'Mobile-Mobile Chargers',13,1,'Sahil',NULL,'2014-04-29 23:55:06','2013-01-01 00:00:01',NULL,NULL,NULL),(243,'Mobile-Mobile Data Cables',13,1,'Sahil',NULL,'2014-04-29 23:55:06','2013-01-01 00:00:01',NULL,NULL,NULL),(244,'Most Affordable TV\'s',17,1,'Sahil',NULL,'2014-04-29 23:55:06','2013-01-01 00:00:01',NULL,NULL,NULL),(245,'Mouse',10,1,'Sahil',NULL,'2014-04-29 23:55:06','2013-01-01 00:00:01',NULL,NULL,NULL),(246,'Mp3, Ipods & Media Players',8,1,'Sahil',NULL,'2014-04-29 23:55:06','2013-01-01 00:00:01',NULL,NULL,NULL),(247,'Networking Devices/Wi-Fi & Network',10,1,'Sahil',NULL,'2014-04-29 23:55:06','2013-01-01 00:00:01',NULL,NULL,NULL),(248,'Pc Components',10,1,'Sahil',NULL,'2014-04-29 23:55:06','2013-01-01 00:00:01',NULL,NULL,NULL),(249,'Personal Care Appliances',12,1,'Sahil',NULL,'2014-04-29 23:55:06','2013-01-01 00:00:01',NULL,NULL,NULL),(250,'Point & Shoot Cameras',7,1,'Sahil',NULL,'2014-04-29 23:55:06','2013-01-01 00:00:01',NULL,NULL,NULL),(251,'Printer & Inks',10,1,'Sahil',NULL,'2014-04-29 23:55:06','2013-01-01 00:00:01',NULL,NULL,NULL),(252,'Refrigerators',12,1,'Sahil',NULL,'2014-04-29 23:55:06','2013-01-01 00:00:01',NULL,NULL,NULL),(253,'Roti Maker & Snack Maker',12,1,'Sahil',NULL,'2014-04-29 23:55:06','2013-01-01 00:00:01',NULL,NULL,NULL),(254,'Sewing Machineshot',12,1,'Sahil',NULL,'2014-04-29 23:55:06','2013-01-01 00:00:01',NULL,NULL,NULL),(255,'Smart Led TV\'s',17,1,'Sahil',NULL,'2014-04-29 23:55:06','2013-01-01 00:00:01',NULL,NULL,NULL),(256,'Smartphones - Android',14,1,'Sahil',NULL,'2014-04-29 23:55:06','2013-01-01 00:00:01',NULL,NULL,NULL),(257,'Smartphones - Windows',14,1,'Sahil',NULL,'2014-04-29 23:55:06','2013-01-01 00:00:01',NULL,NULL,NULL),(258,'Solar Appliances',12,1,'Sahil',NULL,'2014-04-29 23:55:06','2013-01-01 00:00:01',NULL,NULL,NULL),(259,'Speaker Systems',8,1,'Sahil',NULL,'2014-04-29 23:55:06','2013-01-01 00:00:01',NULL,NULL,NULL),(260,'Tablet Data Cables',16,1,'Sahil',NULL,'2014-04-29 23:55:06','2013-01-01 00:00:01',NULL,NULL,NULL),(261,'Tablets Cases And Covers',16,1,'Sahil',NULL,'2014-04-29 23:55:06','2013-01-01 00:00:01',NULL,NULL,NULL),(262,'Toasters & Sandwich Maker',12,1,'Sahil',NULL,'2014-04-29 23:55:06','2013-01-01 00:00:01',NULL,NULL,NULL),(263,'Vacuum Cleaners',12,1,'Sahil',NULL,'2014-04-29 23:55:06','2013-01-01 00:00:01',NULL,NULL,NULL),(264,'Washing Machines-Front Loading',12,1,'Sahil',NULL,'2014-04-29 23:55:06','2013-01-01 00:00:01',NULL,NULL,NULL),(265,'Washing Machines-Top Loading',12,1,'Sahil',NULL,'2014-04-29 23:55:06','2013-01-01 00:00:01',NULL,NULL,NULL),(266,'Water Purifiers',12,1,'Sahil',NULL,'2014-04-29 23:55:06','2013-01-01 00:00:01',NULL,NULL,NULL),(267,'Fan',12,1,'Sahil',NULL,'2014-04-29 23:55:06','2013-01-01 00:00:01',NULL,NULL,NULL),(268,'Geysers',12,1,'Sahil',NULL,'2014-04-29 23:55:06','2013-01-01 00:00:01',NULL,NULL,NULL),(269,'Home Gadgets',12,1,'Sahil',NULL,'2014-04-29 23:55:06','2013-01-01 00:00:01',NULL,NULL,NULL),(270,'Iron',12,1,'Sahil',NULL,'2014-04-29 23:55:06','2013-01-01 00:00:01',NULL,NULL,NULL),(271,'Room Heater',12,1,'Sahil',NULL,'2014-04-29 23:55:06','2013-01-01 00:00:01',NULL,NULL,NULL),(272,'Safes',12,1,'Sahil',NULL,'2014-04-29 23:55:06','2013-01-01 00:00:01',NULL,NULL,NULL),(273,'Vaccuum Cleaners',12,1,'Sahil',NULL,'2014-04-29 23:55:06','2013-01-01 00:00:01',NULL,NULL,NULL);

/*Table structure for table `master_subcategory` */

DROP TABLE IF EXISTS `master_subcategory`;

CREATE TABLE `master_subcategory` (
  `id` int(11) NOT NULL AUTO_INCREMENT,
  `name` varchar(150) DEFAULT NULL,
  `category` int(11) DEFAULT NULL,
  `createdBy` varchar(50) DEFAULT NULL,
  `updatedBy` varchar(50) DEFAULT NULL,
  `createdDate` timestamp NULL DEFAULT CURRENT_TIMESTAMP,
  `updatedDate` timestamp NULL DEFAULT '2013-01-01 00:00:01',
  `version` int(11) DEFAULT NULL,
  PRIMARY KEY (`id`),
  KEY `fk_master_subcategory` (`category`),
  CONSTRAINT `fk_master_subcategory` FOREIGN KEY (`category`) REFERENCES `master_category` (`id`)
) ENGINE=InnoDB AUTO_INCREMENT=31 DEFAULT CHARSET=latin1;

/*Data for the table `master_subcategory` */

insert  into `master_subcategory`(`id`,`name`,`category`,`createdBy`,`updatedBy`,`createdDate`,`updatedDate`,`version`) values (7,'Cameras',1,'Sahil',NULL,'2014-04-29 23:42:37','2013-01-01 00:00:01',NULL),(8,'Audio & Video',1,'Sahil',NULL,'2014-04-29 23:42:37','2013-01-01 00:00:01',NULL),(9,'Cameras Accessories',1,'Sahil',NULL,'2014-04-29 23:42:37','2013-01-01 00:00:01',NULL),(10,'Computer Accessories',1,'Sahil',NULL,'2014-04-29 23:42:37','2013-01-01 00:00:01',NULL),(11,'Gaming',1,'Sahil',NULL,'2014-04-29 23:42:37','2013-01-01 00:00:01',NULL),(12,'Home Appliances',1,'Sahil',NULL,'2014-04-29 23:42:37','2013-01-01 00:00:01',NULL),(13,'Mobile Accessories',1,'Sahil',NULL,'2014-04-29 23:42:37','2013-01-01 00:00:01',NULL),(14,'Mobiles',1,'Sahil',NULL,'2014-04-29 23:42:37','2013-01-01 00:00:01',NULL),(15,'Scientific Equipments',1,'Sahil',NULL,'2014-04-29 23:42:37','2013-01-01 00:00:01',NULL),(16,'Tablet Accessories',1,'Sahil',NULL,'2014-04-29 23:42:37','2013-01-01 00:00:01',NULL),(17,'TVs',1,'Sahil',NULL,'2014-04-29 23:42:37','2013-01-01 00:00:01',NULL),(18,'Food Items',10,'Sahil',NULL,'2014-04-29 23:42:37','2013-01-01 00:00:01',NULL),(19,'Non Food Items',10,'Sahil',NULL,'2014-04-29 23:42:37','2013-01-01 00:00:01',NULL),(20,'Bath & Shower',10,'Sahil',NULL,'2014-04-29 23:42:37','2013-01-01 00:00:01',NULL),(21,'Dental Care',10,'Sahil',NULL,'2014-04-29 23:42:37','2013-01-01 00:00:01',NULL),(22,'Hair Accessories',10,'Sahil',NULL,'2014-04-29 23:42:37','2013-01-01 00:00:01',NULL),(23,'Hair Care',10,'Sahil',NULL,'2014-04-29 23:42:37','2013-01-01 00:00:01',NULL),(24,'Personal Grooming',10,'Sahil',NULL,'2014-04-29 23:42:37','2013-01-01 00:00:01',NULL),(25,'Personal Hygiene',10,'Sahil',NULL,'2014-04-29 23:42:37','2013-01-01 00:00:01',NULL),(26,'Sanitary Needs',10,'Sahil',NULL,'2014-04-29 23:42:37','2013-01-01 00:00:01',NULL),(27,'Shaving & Hair Removal',10,'Sahil',NULL,'2014-04-29 23:42:37','2013-01-01 00:00:01',NULL),(28,'Slimming',10,'Sahil',NULL,'2014-04-29 23:42:37','2013-01-01 00:00:01',NULL),(29,'Men Clothing',2,'Sahil',NULL,'2014-04-29 23:42:37','2013-01-01 00:00:01',NULL),(30,'Women Clothing',2,'Sahil',NULL,'2014-04-29 23:42:37','2013-01-01 00:00:01',NULL);

/*Table structure for table `retailer` */

DROP TABLE IF EXISTS `retailer`;

CREATE TABLE `retailer` (
  `id` int(11) NOT NULL AUTO_INCREMENT,
  `name` varchar(150) DEFAULT NULL,
  `photo` int(11) DEFAULT NULL,
  `description` varchar(2000) DEFAULT NULL,
  `createdBy` varchar(50) DEFAULT NULL,
  `updatedBy` varchar(50) DEFAULT NULL,
  `createdDate` timestamp NULL DEFAULT CURRENT_TIMESTAMP,
  `updatedDate` timestamp NULL DEFAULT '2013-01-01 00:00:01',
  `version` int(11) DEFAULT NULL,
  `premium` tinyint(4) DEFAULT NULL,
  `photo_path` varchar(160) DEFAULT NULL,
  `enabled` tinyint(1) DEFAULT '1',
  `description1` varchar(2000) DEFAULT NULL,
  `mapicon` int(11) DEFAULT NULL,
  `mapicon_path` varchar(170) DEFAULT NULL,
  `url_name` varchar(180) DEFAULT NULL,
  PRIMARY KEY (`id`),
  KEY `fk_retailer_photo` (`photo`),
  KEY `fk_retailer_mapicon` (`mapicon`),
  CONSTRAINT `fk_retailer_mapicon` FOREIGN KEY (`mapicon`) REFERENCES `filestore` (`id`),
  CONSTRAINT `fk_retailer_photo` FOREIGN KEY (`photo`) REFERENCES `filestore` (`id`)
) ENGINE=InnoDB AUTO_INCREMENT=17 DEFAULT CHARSET=latin1;

/*Data for the table `retailer` */

insert  into `retailer`(`id`,`name`,`photo`,`description`,`createdBy`,`updatedBy`,`createdDate`,`updatedDate`,`version`,`premium`,`photo_path`,`enabled`,`description1`,`mapicon`,`mapicon_path`,`url_name`) values (11,'Suraj Business Pvt. Lmt.',66,'Suraj Business Pvt. lmt.is a multi-format food-first retailer providing a wide range of quality products to discerning young customers - well-travelled citizens of the world, looking out for authentic flavors and experiences in a fun-filled shopping environment. Our brand positioning makes Fine Living Affordable embodies this approach, delighting shoppers with the best products and services that enable a fine living at reasonable prices while providing them with a warm, friendly and knowledgeable retail environment.','anonymousUser','anonymousUser','2014-04-30 00:00:51','2014-06-23 01:01:18',0,1,'/images/retailer//14/04/30/suraj_20140204123923.jpg',1,'Suraj Business Pvt. Ltd. is a mobile phone dealer. The shop is run by Narendar Yadav and deals in popular brands like Samsung, Nokia, Blackberry, Apple and various others. With the increased demand in the mobile phone market, Suraj Business Pvt. Ltd. sells authorized products from major manufacturers, accepts leading credit and debit cards and exchanges your old mobile phones when you purchase a new mobile.',NULL,NULL,'suraj-electronics'),(12,'Spencer\'s',67,'A food first retailer we offer both fresh and packaged foods as well as groceries. We also have a wide selection of electronics and electrical equipment, home and office essentials, garments and fashion accessories, toys, and personal care','anonymousUser','anonymousUser','2014-04-30 00:02:03','2014-05-22 04:35:01',0,1,'/images/retailer//14/04/30/357_7313_spencers.jpg',1,NULL,NULL,NULL,NULL),(13,'Pantaloons',70,'Pantaloons Fashion & Retail Limited is an Indian premium clothing retail chain. The first Pantaloons store was launched in Gariahat, Kolkata in 1997. As of November 2013, there are 76 Pantaloons stores in 44 cities. Pantaloons was previously controlled by the Future Group, but has now been taken over by Aditya Birla Nuvo Limited (ABNL)','anonymousUser','anonymousUser','2014-04-30 00:05:49','2014-05-02 23:12:52',0,1,'/images/retailer//14/04/30/pantaloons-logo-1398841599737.jpg',1,NULL,NULL,NULL,NULL),(14,'Croma',633,'Croma, the largest Electronics Megastore in India stands by its tagline we help you buy by providing its customers with a wide variety of consumer electronics and durables to choose from. Croma strives to provide better service with a nation-wide network of several Croma and Croma Zip stores, along with its latest online vertical - Cromaretail.com.','anonymousUser','anonymousUser','2014-04-30 00:13:31','2014-05-26 22:57:34',0,1,'/images/retailer//14/05/26/croma_2.jpg',1,NULL,NULL,NULL,NULL),(15,'Family Dollar',72,'Welcome to Family Dollar Stores, your neighborhood dollar discount store, where you\'ll find the products you and your family need the most at the lowest prices. From groceries, to health and beauty products, to household goods and clothing, Family Dollar stores carry national brands at incredible savings.','anonymousUser','anonymousUser','2014-04-30 00:15:56','2014-05-07 21:41:11',0,1,'/images/retailer//14/04/30/family-dollar-logo.jpg',1,NULL,NULL,NULL,NULL),(16,'Ritu Wears',637,'Ritu Wears Biglife - the biggest family store chain in North and Central India and a leading name in Delhi?????????????????????????????????????????????????????????s fashion industry. \r\nIn the rapidly evolving retail scenario, Ritu Wears Biglife has successfully carved a niche for its brand of merchandise, which today has a loyal following. Currently, the group owns outlets in Delhi & NCR, Punjab, Madhya Pradesh and Uttar Pradesh.','anonymousUser','anonymousUser','2014-05-11 00:07:27','2014-05-26 23:03:37',0,1,'/images/retailer//14/05/26/ritu-wears-logo 2-1401170616980.png',1,NULL,NULL,NULL,NULL);

/*Table structure for table `retailer_catgeory_mapping` */

DROP TABLE IF EXISTS `retailer_catgeory_mapping`;

CREATE TABLE `retailer_catgeory_mapping` (
  `id` int(11) NOT NULL AUTO_INCREMENT,
  `name` varchar(10) DEFAULT NULL,
  `createdBy` varchar(150) DEFAULT NULL,
  `updatedBy` varchar(150) DEFAULT NULL,
  `createdDate` timestamp NOT NULL DEFAULT CURRENT_TIMESTAMP ON UPDATE CURRENT_TIMESTAMP,
  `updatedDate` timestamp NOT NULL DEFAULT '0000-00-00 00:00:00',
  `version` int(11) DEFAULT NULL,
  `category_id` int(11) DEFAULT NULL,
  `retailer_id` int(11) DEFAULT NULL,
  PRIMARY KEY (`id`),
  KEY `fk_retailer_catgeory_mapping_retailer` (`retailer_id`),
  KEY `retailer_catgeory_mapping_category` (`category_id`),
  CONSTRAINT `fk_retailer_catgeory_mapping_retailer` FOREIGN KEY (`retailer_id`) REFERENCES `retailer` (`id`),
  CONSTRAINT `retailer_catgeory_mapping_category` FOREIGN KEY (`category_id`) REFERENCES `master_category` (`id`)
) ENGINE=InnoDB AUTO_INCREMENT=33 DEFAULT CHARSET=latin1;

/*Data for the table `retailer_catgeory_mapping` */

insert  into `retailer_catgeory_mapping`(`id`,`name`,`createdBy`,`updatedBy`,`createdDate`,`updatedDate`,`version`,`category_id`,`retailer_id`) values (17,NULL,'anonymousUser','anonymousUser','2014-04-30 00:01:10','2014-04-30 00:01:10',0,1,11),(18,NULL,'anonymousUser','anonymousUser','2014-04-30 00:01:10','2014-04-30 00:01:10',0,10,11),(19,NULL,'anonymousUser','anonymousUser','2014-04-30 00:03:21','2014-04-30 00:03:21',0,1,12),(20,NULL,'anonymousUser','anonymousUser','2014-04-30 00:03:21','2014-04-30 00:03:21',0,2,12),(21,NULL,'anonymousUser','anonymousUser','2014-04-30 00:03:21','2014-04-30 00:03:21',0,10,12),(22,NULL,'anonymousUser','anonymousUser','2014-04-30 00:11:08','2014-04-30 00:11:08',0,2,13),(23,NULL,'anonymousUser','anonymousUser','2014-04-30 00:11:09','2014-04-30 00:11:09',0,7,13),(24,NULL,'anonymousUser','anonymousUser','2014-04-30 00:11:10','2014-04-30 00:11:10',0,9,13),(25,NULL,'anonymousUser','anonymousUser','2014-04-30 00:13:37','2014-04-30 00:13:37',0,1,14),(26,NULL,'anonymousUser','anonymousUser','2014-04-30 00:16:29','2014-04-30 00:16:29',0,2,15),(27,NULL,'anonymousUser','anonymousUser','2014-04-30 00:16:29','2014-04-30 00:16:29',0,10,15),(28,NULL,'anonymousUser','anonymousUser','2014-04-30 00:16:29','2014-04-30 00:16:29',0,11,15),(29,NULL,'anonymousUser','anonymousUser','2014-05-11 00:11:49','2014-05-11 00:11:49',0,2,16),(30,NULL,'anonymousUser','anonymousUser','2014-05-11 00:11:49','2014-05-11 00:11:49',0,5,16),(31,NULL,'anonymousUser','anonymousUser','2014-05-11 00:11:49','2014-05-11 00:11:49',0,7,16),(32,NULL,'anonymousUser','anonymousUser','2014-05-11 00:11:49','2014-05-11 00:11:49',0,9,16);

/*Table structure for table `role_authorities` */

DROP TABLE IF EXISTS `role_authorities`;

CREATE TABLE `role_authorities` (
  `id` int(11) NOT NULL AUTO_INCREMENT,
  `role` int(11) NOT NULL,
  `authority` int(11) NOT NULL,
  `createdBy` varchar(50) DEFAULT NULL,
  `updatedBy` varchar(50) DEFAULT NULL,
  `createdDate` timestamp NOT NULL DEFAULT CURRENT_TIMESTAMP,
  `updatedDate` timestamp NOT NULL DEFAULT '2013-01-01 00:00:01',
  `version` int(11) NOT NULL DEFAULT '0',
  `name` varchar(100) DEFAULT NULL,
  PRIMARY KEY (`id`),
  KEY `fk_role_authorities_role` (`authority`),
  KEY `fk_role_authorities_authority` (`role`),
  CONSTRAINT `fk_role_authorities_authority` FOREIGN KEY (`role`) REFERENCES `roles` (`id`),
  CONSTRAINT `fk_role_authorities_role` FOREIGN KEY (`authority`) REFERENCES `authority` (`id`)
) ENGINE=InnoDB AUTO_INCREMENT=4 DEFAULT CHARSET=utf8;

/*Data for the table `role_authorities` */

insert  into `role_authorities`(`id`,`role`,`authority`,`createdBy`,`updatedBy`,`createdDate`,`updatedDate`,`version`,`name`) values (1,1,1,'vipin','vipin','2014-01-13 18:20:40','2014-01-13 18:20:40',0,NULL),(2,2,2,'vipin','vipin','2014-01-13 18:20:40','2014-01-13 18:20:40',0,NULL),(3,3,3,'vipin','vipin','2014-01-13 18:20:40','2014-01-13 18:20:40',0,NULL);

/*Table structure for table `roles` */

DROP TABLE IF EXISTS `roles`;

CREATE TABLE `roles` (
  `id` int(11) NOT NULL AUTO_INCREMENT,
  `name` varchar(50) NOT NULL,
  `createdBy` varchar(50) DEFAULT NULL,
  `updatedBy` varchar(50) DEFAULT NULL,
  `createdDate` timestamp NOT NULL DEFAULT CURRENT_TIMESTAMP,
  `updatedDate` timestamp NOT NULL DEFAULT '2013-01-01 00:00:01',
  `version` int(11) NOT NULL DEFAULT '0',
  PRIMARY KEY (`id`)
) ENGINE=InnoDB AUTO_INCREMENT=4 DEFAULT CHARSET=utf8;

/*Data for the table `roles` */

insert  into `roles`(`id`,`name`,`createdBy`,`updatedBy`,`createdDate`,`updatedDate`,`version`) values (1,'ROLE_CANDIDATE','vipin','vipin','2014-01-13 18:20:36','2014-01-13 18:20:36',0),(2,'ROLE_EMPLOYER','vipin','vipin','2014-01-13 18:20:36','2014-01-13 18:20:36',0),(3,'ROLE_ADMIN','vipin','vipin','2014-01-13 18:20:36','2014-01-13 18:20:36',0);

/*Table structure for table `search` */

DROP TABLE IF EXISTS `search`;

CREATE TABLE `search` (
  `id` int(11) NOT NULL AUTO_INCREMENT,
  `name` varchar(100) DEFAULT NULL,
  `type` varchar(15) DEFAULT NULL,
  `child_id` int(11) DEFAULT NULL,
  `parent_id` int(11) DEFAULT NULL,
  `createdBy` varchar(50) DEFAULT NULL,
  `updatedBy` varchar(50) DEFAULT NULL,
  `createdDate` timestamp NULL DEFAULT CURRENT_TIMESTAMP,
  `updatedDate` timestamp NULL DEFAULT '2013-01-01 00:00:01',
  `version` int(11) DEFAULT NULL,
  PRIMARY KEY (`id`)
) ENGINE=InnoDB AUTO_INCREMENT=645 DEFAULT CHARSET=latin1;

/*Data for the table `search` */

insert  into `search`(`id`,`name`,`type`,`child_id`,`parent_id`,`createdBy`,`updatedBy`,`createdDate`,`updatedDate`,`version`) values (130,'Home Furnishing & Decor','CATEGORY',NULL,5,NULL,NULL,'2014-04-29 18:28:13','2013-01-01 00:00:01',NULL),(136,'Beauty & Fragrances','CATEGORY',NULL,11,NULL,NULL,'2014-04-29 18:28:13','2013-01-01 00:00:01',NULL),(145,'Mumbai','CITY',NULL,5,NULL,NULL,'2014-04-29 23:08:18','2013-01-01 00:00:01',NULL),(154,'Footwear','CATEGORY',NULL,3,NULL,NULL,'2014-04-29 23:38:06','2013-01-01 00:00:01',NULL),(155,'Furniture','CATEGORY',NULL,4,NULL,NULL,'2014-04-29 23:38:13','2013-01-01 00:00:01',NULL),(156,'Sports & Fitness','CATEGORY',NULL,6,NULL,NULL,'2014-04-29 23:38:34','2013-01-01 00:00:01',NULL),(159,'Supermarket & Grocery','CATEGORY',NULL,10,NULL,NULL,'2014-04-29 23:38:56','2013-01-01 00:00:01',NULL),(160,'Cameras','SUBCATEGORY',NULL,7,NULL,NULL,'2014-04-29 23:42:37','2013-01-01 00:00:01',NULL),(161,'Audio & Video','SUBCATEGORY',NULL,8,NULL,NULL,'2014-04-29 23:42:37','2013-01-01 00:00:01',NULL),(162,'Cameras Accessories','SUBCATEGORY',NULL,9,NULL,NULL,'2014-04-29 23:42:37','2013-01-01 00:00:01',NULL),(163,'Computer Accessories','SUBCATEGORY',NULL,10,NULL,NULL,'2014-04-29 23:42:37','2013-01-01 00:00:01',NULL),(164,'Gaming','SUBCATEGORY',NULL,11,NULL,NULL,'2014-04-29 23:42:37','2013-01-01 00:00:01',NULL),(165,'Home Appliances','SUBCATEGORY',NULL,12,NULL,NULL,'2014-04-29 23:42:37','2013-01-01 00:00:01',NULL),(166,'Mobile Accessories','SUBCATEGORY',NULL,13,NULL,NULL,'2014-04-29 23:42:37','2013-01-01 00:00:01',NULL),(167,'Mobiles','SUBCATEGORY',NULL,14,NULL,NULL,'2014-04-29 23:42:37','2013-01-01 00:00:01',NULL),(168,'Scientific Equipments','SUBCATEGORY',NULL,15,NULL,NULL,'2014-04-29 23:42:37','2013-01-01 00:00:01',NULL),(169,'Tablet Accessories','SUBCATEGORY',NULL,16,NULL,NULL,'2014-04-29 23:42:37','2013-01-01 00:00:01',NULL),(171,'Food Items','SUBCATEGORY',NULL,18,NULL,NULL,'2014-04-29 23:42:37','2013-01-01 00:00:01',NULL),(172,'Non Food Items','SUBCATEGORY',NULL,19,NULL,NULL,'2014-04-29 23:42:37','2013-01-01 00:00:01',NULL),(173,'Bath & Shower','SUBCATEGORY',NULL,20,NULL,NULL,'2014-04-29 23:42:37','2013-01-01 00:00:01',NULL),(174,'Dental Care','SUBCATEGORY',NULL,21,NULL,NULL,'2014-04-29 23:42:37','2013-01-01 00:00:01',NULL),(175,'Hair Accessories','SUBCATEGORY',NULL,22,NULL,NULL,'2014-04-29 23:42:37','2013-01-01 00:00:01',NULL),(176,'Hair Care','SUBCATEGORY',NULL,23,NULL,NULL,'2014-04-29 23:42:37','2013-01-01 00:00:01',NULL),(177,'Personal Grooming','SUBCATEGORY',NULL,24,NULL,NULL,'2014-04-29 23:42:37','2013-01-01 00:00:01',NULL),(178,'Personal Hygiene','SUBCATEGORY',NULL,25,NULL,NULL,'2014-04-29 23:42:37','2013-01-01 00:00:01',NULL),(179,'Sanitary Needs','SUBCATEGORY',NULL,26,NULL,NULL,'2014-04-29 23:42:37','2013-01-01 00:00:01',NULL),(180,'Shaving & Hair Removal','SUBCATEGORY',NULL,27,NULL,NULL,'2014-04-29 23:42:37','2013-01-01 00:00:01',NULL),(181,'Slimming','SUBCATEGORY',NULL,28,NULL,NULL,'2014-04-29 23:42:37','2013-01-01 00:00:01',NULL),(182,'Men Clothing','SUBCATEGORY',NULL,29,NULL,NULL,'2014-04-29 23:42:37','2013-01-01 00:00:01',NULL),(183,'Women Clothing','SUBCATEGORY',NULL,30,NULL,NULL,'2014-04-29 23:42:37','2013-01-01 00:00:01',NULL),(184,'TVs','SUBCATEGORY',NULL,17,NULL,NULL,'2014-04-29 23:43:23','2013-01-01 00:00:01',NULL),(185,'Belts - Mens','PRODUCT',NULL,9,NULL,NULL,'2014-04-29 23:55:06','2013-01-01 00:00:01',NULL),(186,'Ties - Mens','PRODUCT',NULL,10,NULL,NULL,'2014-04-29 23:55:06','2013-01-01 00:00:01',NULL),(187,'Caps - Mens','PRODUCT',NULL,11,NULL,NULL,'2014-04-29 23:55:06','2013-01-01 00:00:01',NULL),(188,'Cufflinks - Mens','PRODUCT',NULL,12,NULL,NULL,'2014-04-29 23:55:06','2013-01-01 00:00:01',NULL),(189,'Gloves - Mens','PRODUCT',NULL,13,NULL,NULL,'2014-04-29 23:55:06','2013-01-01 00:00:01',NULL),(190,'Handkerchief - Mens','PRODUCT',NULL,14,NULL,NULL,'2014-04-29 23:55:06','2013-01-01 00:00:01',NULL),(191,'Hats - Mens','PRODUCT',NULL,15,NULL,NULL,'2014-04-29 23:55:06','2013-01-01 00:00:01',NULL),(192,'Mufflers - Mens','PRODUCT',NULL,16,NULL,NULL,'2014-04-29 23:55:06','2013-01-01 00:00:01',NULL),(193,'Pocket Square - Mens','PRODUCT',NULL,17,NULL,NULL,'2014-04-29 23:55:06','2013-01-01 00:00:01',NULL),(194,'Scarf-Pocket Square Set - Mens','PRODUCT',NULL,18,NULL,NULL,'2014-04-29 23:55:06','2013-01-01 00:00:01',NULL),(195,'Scarves - Mens','PRODUCT',NULL,19,NULL,NULL,'2014-04-29 23:55:06','2013-01-01 00:00:01',NULL),(196,'Socks - Mens','PRODUCT',NULL,20,NULL,NULL,'2014-04-29 23:55:06','2013-01-01 00:00:01',NULL),(197,'Wristbands - Mens','PRODUCT',NULL,21,NULL,NULL,'2014-04-29 23:55:06','2013-01-01 00:00:01',NULL),(198,'Blazers - Mens','PRODUCT',NULL,22,NULL,NULL,'2014-04-29 23:55:06','2013-01-01 00:00:01',NULL),(199,'Casual Shirts - Mens','PRODUCT',NULL,23,NULL,NULL,'2014-04-29 23:55:06','2013-01-01 00:00:01',NULL),(200,'Jeans - Mens','PRODUCT',NULL,24,NULL,NULL,'2014-04-29 23:55:06','2013-01-01 00:00:01',NULL),(201,'Shorts & 3/4Ths - Mens','PRODUCT',NULL,25,NULL,NULL,'2014-04-29 23:55:06','2013-01-01 00:00:01',NULL),(204,'Waist Coats - Mens','PRODUCT',NULL,28,NULL,NULL,'2014-04-29 23:55:06','2013-01-01 00:00:01',NULL),(205,'Churidars - Mens','PRODUCT',NULL,29,NULL,NULL,'2014-04-29 23:55:06','2013-01-01 00:00:01',NULL),(206,'Dhoti Pant - Mens','PRODUCT',NULL,30,NULL,NULL,'2014-04-29 23:55:06','2013-01-01 00:00:01',NULL),(207,'Indo-Western Set - Mens','PRODUCT',NULL,31,NULL,NULL,'2014-04-29 23:55:06','2013-01-01 00:00:01',NULL),(208,'Kurta Pyjama - Mens','PRODUCT',NULL,32,NULL,NULL,'2014-04-29 23:55:06','2013-01-01 00:00:01',NULL),(209,'Kurtas - Mens','PRODUCT',NULL,33,NULL,NULL,'2014-04-29 23:55:06','2013-01-01 00:00:01',NULL),(210,'Sherwani Set - Mens','PRODUCT',NULL,34,NULL,NULL,'2014-04-29 23:55:06','2013-01-01 00:00:01',NULL),(211,'Formal Shirts - Mens','PRODUCT',NULL,35,NULL,NULL,'2014-04-29 23:55:06','2013-01-01 00:00:01',NULL),(212,'Formal Trousers - Mens','PRODUCT',NULL,36,NULL,NULL,'2014-04-29 23:55:06','2013-01-01 00:00:01',NULL),(213,'Suits - Mens','PRODUCT',NULL,37,NULL,NULL,'2014-04-29 23:55:06','2013-01-01 00:00:01',NULL),(214,'Inner Wear - Mens','PRODUCT',NULL,38,NULL,NULL,'2014-04-29 23:55:06','2013-01-01 00:00:01',NULL),(215,'Night Suits - Mens','PRODUCT',NULL,39,NULL,NULL,'2014-04-29 23:55:06','2013-01-01 00:00:01',NULL),(216,'Pyjamas - Mens','PRODUCT',NULL,40,NULL,NULL,'2014-04-29 23:55:06','2013-01-01 00:00:01',NULL),(217,'Ponchos - Mens','PRODUCT',NULL,41,NULL,NULL,'2014-04-29 23:55:06','2013-01-01 00:00:01',NULL),(218,'Rain Cheaters & Rain Jackets - Mens','PRODUCT',NULL,42,NULL,NULL,'2014-04-29 23:55:06','2013-01-01 00:00:01',NULL),(219,'Rain Trousers - Mens','PRODUCT',NULL,43,NULL,NULL,'2014-04-29 23:55:06','2013-01-01 00:00:01',NULL),(220,'Jackets & Blazers - Mens','PRODUCT',NULL,44,NULL,NULL,'2014-04-29 23:55:06','2013-01-01 00:00:01',NULL),(221,'Jersey Kit - Mens','PRODUCT',NULL,45,NULL,NULL,'2014-04-29 23:55:06','2013-01-01 00:00:01',NULL),(222,'Sweaters & Cardigans - Mens','PRODUCT',NULL,46,NULL,NULL,'2014-04-29 23:55:06','2013-01-01 00:00:01',NULL),(223,'Sweatshirts - Mens','PRODUCT',NULL,47,NULL,NULL,'2014-04-29 23:55:06','2013-01-01 00:00:01',NULL),(224,'Swimsuits - Mens','PRODUCT',NULL,48,NULL,NULL,'2014-04-29 23:55:06','2013-01-01 00:00:01',NULL),(225,'Tights - Mens','PRODUCT',NULL,49,NULL,NULL,'2014-04-29 23:55:06','2013-01-01 00:00:01',NULL),(226,'Tracktops - Mens','PRODUCT',NULL,50,NULL,NULL,'2014-04-29 23:55:06','2013-01-01 00:00:01',NULL),(227,'Trackpants - Mens','PRODUCT',NULL,51,NULL,NULL,'2014-04-29 23:55:06','2013-01-01 00:00:01',NULL),(228,'Tracksuits - Mens','PRODUCT',NULL,52,NULL,NULL,'2014-04-29 23:55:06','2013-01-01 00:00:01',NULL),(229,'Thermals - Mens','PRODUCT',NULL,53,NULL,NULL,'2014-04-29 23:55:06','2013-01-01 00:00:01',NULL),(230,'Beachwear - Womens','PRODUCT',NULL,54,NULL,NULL,'2014-04-29 23:55:06','2013-01-01 00:00:01',NULL),(231,'Belts - Womens','PRODUCT',NULL,55,NULL,NULL,'2014-04-29 23:55:06','2013-01-01 00:00:01',NULL),(232,'Bottoms And Dupattas - Womens','PRODUCT',NULL,56,NULL,NULL,'2014-04-29 23:55:06','2013-01-01 00:00:01',NULL),(233,'Lingerie - Womens','PRODUCT',NULL,57,NULL,NULL,'2014-04-29 23:55:06','2013-01-01 00:00:01',NULL),(234,'Capris - Womens','PRODUCT',NULL,58,NULL,NULL,'2014-04-29 23:55:06','2013-01-01 00:00:01',NULL),(235,'Caps - Womens','PRODUCT',NULL,59,NULL,NULL,'2014-04-29 23:55:06','2013-01-01 00:00:01',NULL),(236,'Dress Materials - Womens','PRODUCT',NULL,60,NULL,NULL,'2014-04-29 23:55:06','2013-01-01 00:00:01',NULL),(237,'Dresses - Womens','PRODUCT',NULL,61,NULL,NULL,'2014-04-29 23:55:06','2013-01-01 00:00:01',NULL),(238,'Dupattas - Womens','PRODUCT',NULL,62,NULL,NULL,'2014-04-29 23:55:06','2013-01-01 00:00:01',NULL),(239,'Gloves - Womens','PRODUCT',NULL,63,NULL,NULL,'2014-04-29 23:55:06','2013-01-01 00:00:01',NULL),(240,'Jackets & Blazers - Womens','PRODUCT',NULL,64,NULL,NULL,'2014-04-29 23:55:06','2013-01-01 00:00:01',NULL),(241,'Jeans - Womens','PRODUCT',NULL,65,NULL,NULL,'2014-04-29 23:55:06','2013-01-01 00:00:01',NULL),(243,'Jumpsuits - Womens','PRODUCT',NULL,67,NULL,NULL,'2014-04-29 23:55:06','2013-01-01 00:00:01',NULL),(244,'Kurtis & Kurtas - Womens','PRODUCT',NULL,68,NULL,NULL,'2014-04-29 23:55:06','2013-01-01 00:00:01',NULL),(245,'Lehengas - Womens','PRODUCT',NULL,69,NULL,NULL,'2014-04-29 23:55:06','2013-01-01 00:00:01',NULL),(246,'Night Wear - Womens','PRODUCT',NULL,70,NULL,NULL,'2014-04-29 23:55:06','2013-01-01 00:00:01',NULL),(247,'Pyjamas - Womens','PRODUCT',NULL,71,NULL,NULL,'2014-04-29 23:55:06','2013-01-01 00:00:01',NULL),(248,'Salwars & Churidars - Womens','PRODUCT',NULL,72,NULL,NULL,'2014-04-29 23:55:06','2013-01-01 00:00:01',NULL),(249,'Saree Blouses - Womens','PRODUCT',NULL,73,NULL,NULL,'2014-04-29 23:55:06','2013-01-01 00:00:01',NULL),(250,'Sarees - Womens','PRODUCT',NULL,74,NULL,NULL,'2014-04-29 23:55:06','2013-01-01 00:00:01',NULL),(251,'Scarves & Stoles - Womens','PRODUCT',NULL,75,NULL,NULL,'2014-04-29 23:55:06','2013-01-01 00:00:01',NULL),(252,'Shawls - Womens','PRODUCT',NULL,76,NULL,NULL,'2014-04-29 23:55:06','2013-01-01 00:00:01',NULL),(253,'Shirts - Womens','PRODUCT',NULL,77,NULL,NULL,'2014-04-29 23:55:06','2013-01-01 00:00:01',NULL),(254,'Shorts & 3/4Ths - Womens','PRODUCT',NULL,78,NULL,NULL,'2014-04-29 23:55:06','2013-01-01 00:00:01',NULL),(255,'Shrugs - Womens','PRODUCT',NULL,79,NULL,NULL,'2014-04-29 23:55:06','2013-01-01 00:00:01',NULL),(256,'Skirts - Womens','PRODUCT',NULL,80,NULL,NULL,'2014-04-29 23:55:06','2013-01-01 00:00:01',NULL),(257,'Socks - Womens','PRODUCT',NULL,81,NULL,NULL,'2014-04-29 23:55:06','2013-01-01 00:00:01',NULL),(258,'Stockings - Womens','PRODUCT',NULL,82,NULL,NULL,'2014-04-29 23:55:06','2013-01-01 00:00:01',NULL),(259,'Suit Set - Womens','PRODUCT',NULL,83,NULL,NULL,'2014-04-29 23:55:06','2013-01-01 00:00:01',NULL),(260,'Sweaters - Womens','PRODUCT',NULL,84,NULL,NULL,'2014-04-29 23:55:06','2013-01-01 00:00:01',NULL),(261,'Sweatshirts - Womens','PRODUCT',NULL,85,NULL,NULL,'2014-04-29 23:55:06','2013-01-01 00:00:01',NULL),(262,'Swimsuits - Womens','PRODUCT',NULL,86,NULL,NULL,'2014-04-29 23:55:06','2013-01-01 00:00:01',NULL),(263,'T Shirts - Womens','PRODUCT',NULL,87,NULL,NULL,'2014-04-29 23:55:06','2013-01-01 00:00:01',NULL),(264,'Thermals - Womens','PRODUCT',NULL,88,NULL,NULL,'2014-04-29 23:55:06','2013-01-01 00:00:01',NULL),(265,'Tights - Womens','PRODUCT',NULL,89,NULL,NULL,'2014-04-29 23:55:06','2013-01-01 00:00:01',NULL),(266,'Tops - Womens','PRODUCT',NULL,90,NULL,NULL,'2014-04-29 23:55:06','2013-01-01 00:00:01',NULL),(267,'Trackpants - Womens','PRODUCT',NULL,91,NULL,NULL,'2014-04-29 23:55:06','2013-01-01 00:00:01',NULL),(268,'Tracksuits - Womens','PRODUCT',NULL,92,NULL,NULL,'2014-04-29 23:55:06','2013-01-01 00:00:01',NULL),(269,'Trousers - Womens','PRODUCT',NULL,93,NULL,NULL,'2014-04-29 23:55:06','2013-01-01 00:00:01',NULL),(270,'Tunics - Womens','PRODUCT',NULL,94,NULL,NULL,'2014-04-29 23:55:06','2013-01-01 00:00:01',NULL),(271,'Waist Coats - Womens','PRODUCT',NULL,95,NULL,NULL,'2014-04-29 23:55:06','2013-01-01 00:00:01',NULL),(272,'Spices & Masalas','PRODUCT',NULL,96,NULL,NULL,'2014-04-29 23:55:06','2013-01-01 00:00:01',NULL),(273,'Pickles, Sauces & Condiments','PRODUCT',NULL,97,NULL,NULL,'2014-04-29 23:55:06','2013-01-01 00:00:01',NULL),(274,'Snacks, Biscuits & Namkeens','PRODUCT',NULL,98,NULL,NULL,'2014-04-29 23:55:06','2013-01-01 00:00:01',NULL),(275,'Breakfast & Cereal','PRODUCT',NULL,99,NULL,NULL,'2014-04-29 23:55:06','2013-01-01 00:00:01',NULL),(276,'Canned & Ready To Eat Food','PRODUCT',NULL,100,NULL,NULL,'2014-04-29 23:55:06','2013-01-01 00:00:01',NULL),(277,'Dry Fruits','PRODUCT',NULL,101,NULL,NULL,'2014-04-29 23:55:06','2013-01-01 00:00:01',NULL),(278,'Pasta & Noodles','PRODUCT',NULL,102,NULL,NULL,'2014-04-29 23:55:06','2013-01-01 00:00:01',NULL),(279,'Pulses, Dals, Rice & Lentils','PRODUCT',NULL,103,NULL,NULL,'2014-04-29 23:55:06','2013-01-01 00:00:01',NULL),(280,'Tea & Coffee','PRODUCT',NULL,104,NULL,NULL,'2014-04-29 23:55:06','2013-01-01 00:00:01',NULL),(281,'Edible Oil & Ghee','PRODUCT',NULL,105,NULL,NULL,'2014-04-29 23:55:06','2013-01-01 00:00:01',NULL),(282,'Flours & Sooji','PRODUCT',NULL,106,NULL,NULL,'2014-04-29 23:55:06','2013-01-01 00:00:01',NULL),(283,'Salt & Sugar','PRODUCT',NULL,107,NULL,NULL,'2014-04-29 23:55:06','2013-01-01 00:00:01',NULL),(284,'Fruits & Vegetables','PRODUCT',NULL,108,NULL,NULL,'2014-04-29 23:55:06','2013-01-01 00:00:01',NULL),(285,'Organic Staples','PRODUCT',NULL,109,NULL,NULL,'2014-04-29 23:55:06','2013-01-01 00:00:01',NULL),(286,'Bread & Bakery','PRODUCT',NULL,110,NULL,NULL,'2014-04-29 23:55:06','2013-01-01 00:00:01',NULL),(287,'Sweets & Chocolates','PRODUCT',NULL,111,NULL,NULL,'2014-04-29 23:55:06','2013-01-01 00:00:01',NULL),(288,'Beverages','PRODUCT',NULL,112,NULL,NULL,'2014-04-29 23:55:06','2013-01-01 00:00:01',NULL),(289,'Frozen Food','PRODUCT',NULL,113,NULL,NULL,'2014-04-29 23:55:06','2013-01-01 00:00:01',NULL),(290,'Dairy Products','PRODUCT',NULL,114,NULL,NULL,'2014-04-29 23:55:06','2013-01-01 00:00:01',NULL),(291,'Egg & Meat','PRODUCT',NULL,115,NULL,NULL,'2014-04-29 23:55:06','2013-01-01 00:00:01',NULL),(292,'Cleaning Accessories','PRODUCT',NULL,116,NULL,NULL,'2014-04-29 23:55:06','2013-01-01 00:00:01',NULL),(293,'Laundry\\Detergents','PRODUCT',NULL,117,NULL,NULL,'2014-04-29 23:55:06','2013-01-01 00:00:01',NULL),(294,'Battery & Cfl\'S','PRODUCT',NULL,118,NULL,NULL,'2014-04-29 23:55:06','2013-01-01 00:00:01',NULL),(295,'Garden Tools','PRODUCT',NULL,119,NULL,NULL,'2014-04-29 23:55:06','2013-01-01 00:00:01',NULL),(296,'Paper & Disposables-Disposable Plates & Utensils','PRODUCT',NULL,120,NULL,NULL,'2014-04-29 23:55:06','2013-01-01 00:00:01',NULL),(297,'Paper & Disposables-Garbage Bags','PRODUCT',NULL,121,NULL,NULL,'2014-04-29 23:55:06','2013-01-01 00:00:01',NULL),(298,'Paper & Disposables-Kitchen & Cleaning Gloves','PRODUCT',NULL,122,NULL,NULL,'2014-04-29 23:55:06','2013-01-01 00:00:01',NULL),(299,'Paper & Disposables-Kitchen Rolls','PRODUCT',NULL,123,NULL,NULL,'2014-04-29 23:55:06','2013-01-01 00:00:01',NULL),(300,'Paper & Disposables-Tissue Paper & Napkins','PRODUCT',NULL,124,NULL,NULL,'2014-04-29 23:55:06','2013-01-01 00:00:01',NULL),(301,'Paper & Disposables-Toilet Paper','PRODUCT',NULL,125,NULL,NULL,'2014-04-29 23:55:06','2013-01-01 00:00:01',NULL),(302,'Paper & Disposables-','PRODUCT',NULL,126,NULL,NULL,'2014-04-29 23:55:06','2013-01-01 00:00:01',NULL),(303,'Repellents & Freshners','PRODUCT',NULL,127,NULL,NULL,'2014-04-29 23:55:06','2013-01-01 00:00:01',NULL),(304,'Stationery-Calculator','PRODUCT',NULL,128,NULL,NULL,'2014-04-29 23:55:06','2013-01-01 00:00:01',NULL),(305,'Stationery-Colors','PRODUCT',NULL,129,NULL,NULL,'2014-04-29 23:55:06','2013-01-01 00:00:01',NULL),(306,'Stationery-Notebooks','PRODUCT',NULL,130,NULL,NULL,'2014-04-29 23:55:06','2013-01-01 00:00:01',NULL),(307,'Stationery-Office Stationery','PRODUCT',NULL,131,NULL,NULL,'2014-04-29 23:55:06','2013-01-01 00:00:01',NULL),(308,'Stationery-Pens & Pencils','PRODUCT',NULL,132,NULL,NULL,'2014-04-29 23:55:06','2013-01-01 00:00:01',NULL),(309,'Stationery-Scissors, Glue & Tapes','PRODUCT',NULL,133,NULL,NULL,'2014-04-29 23:55:06','2013-01-01 00:00:01',NULL),(310,'Stationery-Printing Paper','PRODUCT',NULL,134,NULL,NULL,'2014-04-29 23:55:06','2013-01-01 00:00:01',NULL),(311,'Toilet, Floor & Other Cleaners','PRODUCT',NULL,135,NULL,NULL,'2014-04-29 23:55:06','2013-01-01 00:00:01',NULL),(312,'Utensil Cleaners','PRODUCT',NULL,136,NULL,NULL,'2014-04-29 23:55:06','2013-01-01 00:00:01',NULL),(313,'Household Plastics','PRODUCT',NULL,137,NULL,NULL,'2014-04-29 23:55:06','2013-01-01 00:00:01',NULL),(314,'Bath & Back Brushes','PRODUCT',NULL,138,NULL,NULL,'2014-04-29 23:55:06','2013-01-01 00:00:01',NULL),(315,'Bath Salt','PRODUCT',NULL,139,NULL,NULL,'2014-04-29 23:55:06','2013-01-01 00:00:01',NULL),(316,'Bath Soak','PRODUCT',NULL,140,NULL,NULL,'2014-04-29 23:55:06','2013-01-01 00:00:01',NULL),(317,'Body Lotion','PRODUCT',NULL,141,NULL,NULL,'2014-04-29 23:55:06','2013-01-01 00:00:01',NULL),(318,'Body Oil','PRODUCT',NULL,142,NULL,NULL,'2014-04-29 23:55:06','2013-01-01 00:00:01',NULL),(319,'Body Scrub','PRODUCT',NULL,143,NULL,NULL,'2014-04-29 23:55:06','2013-01-01 00:00:01',NULL),(320,'Body Sponges','PRODUCT',NULL,144,NULL,NULL,'2014-04-29 23:55:06','2013-01-01 00:00:01',NULL),(321,'Carrier Oil','PRODUCT',NULL,145,NULL,NULL,'2014-04-29 23:55:06','2013-01-01 00:00:01',NULL),(322,'Liquid Soaps','PRODUCT',NULL,146,NULL,NULL,'2014-04-29 23:55:06','2013-01-01 00:00:01',NULL),(323,'Loofas','PRODUCT',NULL,147,NULL,NULL,'2014-04-29 23:55:06','2013-01-01 00:00:01',NULL),(324,'Shower Gel','PRODUCT',NULL,148,NULL,NULL,'2014-04-29 23:55:06','2013-01-01 00:00:01',NULL),(325,'Shower Kit','PRODUCT',NULL,149,NULL,NULL,'2014-04-29 23:55:06','2013-01-01 00:00:01',NULL),(326,'Soap Bars','PRODUCT',NULL,150,NULL,NULL,'2014-04-29 23:55:06','2013-01-01 00:00:01',NULL),(327,'Bath & Shower  Travel Kit','PRODUCT',NULL,151,NULL,NULL,'2014-04-29 23:55:06','2013-01-01 00:00:01',NULL),(328,'Mouthwash','PRODUCT',NULL,152,NULL,NULL,'2014-04-29 23:55:06','2013-01-01 00:00:01',NULL),(329,'Toothbrushes','PRODUCT',NULL,153,NULL,NULL,'2014-04-29 23:55:06','2013-01-01 00:00:01',NULL),(330,'Toothpaste','PRODUCT',NULL,154,NULL,NULL,'2014-04-29 23:55:06','2013-01-01 00:00:01',NULL),(331,'Clutchers & Clippers','PRODUCT',NULL,155,NULL,NULL,'2014-04-29 23:55:06','2013-01-01 00:00:01',NULL),(332,'Hair Band','PRODUCT',NULL,156,NULL,NULL,'2014-04-29 23:55:06','2013-01-01 00:00:01',NULL),(333,'Brushes & Combs','PRODUCT',NULL,157,NULL,NULL,'2014-04-29 23:55:06','2013-01-01 00:00:01',NULL),(334,'Conditioner','PRODUCT',NULL,158,NULL,NULL,'2014-04-29 23:55:06','2013-01-01 00:00:01',NULL),(335,'Hair Cream - Men','PRODUCT',NULL,159,NULL,NULL,'2014-04-29 23:55:06','2013-01-01 00:00:01',NULL),(336,'Hair Cream - Women','PRODUCT',NULL,160,NULL,NULL,'2014-04-29 23:55:06','2013-01-01 00:00:01',NULL),(337,'Hair Color - Men','PRODUCT',NULL,161,NULL,NULL,'2014-04-29 23:55:06','2013-01-01 00:00:01',NULL),(338,'Hair Color - Women','PRODUCT',NULL,162,NULL,NULL,'2014-04-29 23:55:06','2013-01-01 00:00:01',NULL),(339,'Hair Gel - Men','PRODUCT',NULL,163,NULL,NULL,'2014-04-29 23:55:06','2013-01-01 00:00:01',NULL),(340,'Hair Gel - Women','PRODUCT',NULL,164,NULL,NULL,'2014-04-29 23:55:06','2013-01-01 00:00:01',NULL),(341,'Hair Oil - Men','PRODUCT',NULL,165,NULL,NULL,'2014-04-29 23:55:06','2013-01-01 00:00:01',NULL),(342,'Hair Oil - Women','PRODUCT',NULL,166,NULL,NULL,'2014-04-29 23:55:06','2013-01-01 00:00:01',NULL),(343,'Hair Spa Products - Men','PRODUCT',NULL,167,NULL,NULL,'2014-04-29 23:55:06','2013-01-01 00:00:01',NULL),(344,'Hair Spa Products - Women','PRODUCT',NULL,168,NULL,NULL,'2014-04-29 23:55:06','2013-01-01 00:00:01',NULL),(345,'Hair Serums','PRODUCT',NULL,169,NULL,NULL,'2014-04-29 23:55:06','2013-01-01 00:00:01',NULL),(346,'Shampoo','PRODUCT',NULL,170,NULL,NULL,'2014-04-29 23:55:06','2013-01-01 00:00:01',NULL),(347,'Hair Sprays - Men','PRODUCT',NULL,171,NULL,NULL,'2014-04-29 23:55:06','2013-01-01 00:00:01',NULL),(348,'Hair Sprays - Women','PRODUCT',NULL,172,NULL,NULL,'2014-04-29 23:55:06','2013-01-01 00:00:01',NULL),(349,'Foot Care','PRODUCT',NULL,173,NULL,NULL,'2014-04-29 23:55:06','2013-01-01 00:00:01',NULL),(350,'Hair Styling Tools - Men','PRODUCT',NULL,174,NULL,NULL,'2014-04-29 23:55:06','2013-01-01 00:00:01',NULL),(351,'Hair Styling Tools - Women','PRODUCT',NULL,175,NULL,NULL,'2014-04-29 23:55:06','2013-01-01 00:00:01',NULL),(352,'Massager','PRODUCT',NULL,176,NULL,NULL,'2014-04-29 23:55:06','2013-01-01 00:00:01',NULL),(353,'Scissors','PRODUCT',NULL,177,NULL,NULL,'2014-04-29 23:55:06','2013-01-01 00:00:01',NULL),(354,'Hand Sanitizer','PRODUCT',NULL,178,NULL,NULL,'2014-04-29 23:55:06','2013-01-01 00:00:01',NULL),(355,'Handwash','PRODUCT',NULL,179,NULL,NULL,'2014-04-29 23:55:06','2013-01-01 00:00:01',NULL),(356,'Adult Diapers - Men','PRODUCT',NULL,180,NULL,NULL,'2014-04-29 23:55:06','2013-01-01 00:00:01',NULL),(357,'Adult Diapers - Women','PRODUCT',NULL,181,NULL,NULL,'2014-04-29 23:55:06','2013-01-01 00:00:01',NULL),(358,'Sanitary Pads','PRODUCT',NULL,182,NULL,NULL,'2014-04-29 23:55:06','2013-01-01 00:00:01',NULL),(359,'After Shave','PRODUCT',NULL,183,NULL,NULL,'2014-04-29 23:55:06','2013-01-01 00:00:01',NULL),(360,'Cartridge - Men','PRODUCT',NULL,184,NULL,NULL,'2014-04-29 23:55:06','2013-01-01 00:00:01',NULL),(361,'Cartridge - Women','PRODUCT',NULL,185,NULL,NULL,'2014-04-29 23:55:06','2013-01-01 00:00:01',NULL),(362,'Epilator','PRODUCT',NULL,186,NULL,NULL,'2014-04-29 23:55:06','2013-01-01 00:00:01',NULL),(363,'Hair Removal Products','PRODUCT',NULL,187,NULL,NULL,'2014-04-29 23:55:06','2013-01-01 00:00:01',NULL),(364,'Razor - Men','PRODUCT',NULL,188,NULL,NULL,'2014-04-29 23:55:06','2013-01-01 00:00:01',NULL),(365,'Razor - Women','PRODUCT',NULL,189,NULL,NULL,'2014-04-29 23:55:06','2013-01-01 00:00:01',NULL),(366,'Shaving Cream','PRODUCT',NULL,190,NULL,NULL,'2014-04-29 23:55:06','2013-01-01 00:00:01',NULL),(367,'Shaving Gel & Foam','PRODUCT',NULL,191,NULL,NULL,'2014-04-29 23:55:06','2013-01-01 00:00:01',NULL),(368,'Trimmer/Shaver','PRODUCT',NULL,192,NULL,NULL,'2014-04-29 23:55:06','2013-01-01 00:00:01',NULL),(369,'Waxing','PRODUCT',NULL,193,NULL,NULL,'2014-04-29 23:55:06','2013-01-01 00:00:01',NULL),(370,'Slimming Cream','PRODUCT',NULL,194,NULL,NULL,'2014-04-29 23:55:06','2013-01-01 00:00:01',NULL),(371,'Air Conditioners-Split Ac','PRODUCT',NULL,195,NULL,NULL,'2014-04-29 23:55:06','2013-01-01 00:00:01',NULL),(372,'Air Conditioners-Window Ac','PRODUCT',NULL,196,NULL,NULL,'2014-04-29 23:55:06','2013-01-01 00:00:01',NULL),(373,'Air Purifiers & Dishwashers','PRODUCT',NULL,197,NULL,NULL,'2014-04-29 23:55:06','2013-01-01 00:00:01',NULL),(375,'Binoculars & Telescopes','PRODUCT',NULL,199,NULL,NULL,'2014-04-29 23:55:06','2013-01-01 00:00:01',NULL),(376,'Blue Ray, Dvd & Video Players','PRODUCT',NULL,200,NULL,NULL,'2014-04-29 23:55:06','2013-01-01 00:00:01',NULL),(377,'Calculators','PRODUCT',NULL,201,NULL,NULL,'2014-04-29 23:55:06','2013-01-01 00:00:01',NULL),(378,'Camcorders & Handycams','PRODUCT',NULL,202,NULL,NULL,'2014-04-29 23:55:06','2013-01-01 00:00:01',NULL),(379,'Camera - Batteries & Chargers','PRODUCT',NULL,203,NULL,NULL,'2014-04-29 23:55:06','2013-01-01 00:00:01',NULL),(380,'Camera - Cases & Bags','PRODUCT',NULL,204,NULL,NULL,'2014-04-29 23:55:06','2013-01-01 00:00:01',NULL),(381,'Camera - Lenses','PRODUCT',NULL,205,NULL,NULL,'2014-04-29 23:55:06','2013-01-01 00:00:01',NULL),(382,'Camera - Memory Cards','PRODUCT',NULL,206,NULL,NULL,'2014-04-29 23:55:06','2013-01-01 00:00:01',NULL),(383,'Camera - Tripods & Monopods','PRODUCT',NULL,207,NULL,NULL,'2014-04-29 23:55:06','2013-01-01 00:00:01',NULL),(384,'Chimney & Hoods','PRODUCT',NULL,208,NULL,NULL,'2014-04-29 23:55:06','2013-01-01 00:00:01',NULL),(385,'Chopper & Blender','PRODUCT',NULL,209,NULL,NULL,'2014-04-29 23:55:06','2013-01-01 00:00:01',NULL),(386,'Coffee Maker & Kettlehot','PRODUCT',NULL,210,NULL,NULL,'2014-04-29 23:55:06','2013-01-01 00:00:01',NULL),(387,'Cookers & Steamers','PRODUCT',NULL,211,NULL,NULL,'2014-04-29 23:55:06','2013-01-01 00:00:01',NULL),(388,'Data Storage-External Hard Disks','PRODUCT',NULL,212,NULL,NULL,'2014-04-29 23:55:06','2013-01-01 00:00:01',NULL),(389,'Data Storage-Pen Drives','PRODUCT',NULL,213,NULL,NULL,'2014-04-29 23:55:06','2013-01-01 00:00:01',NULL),(391,'Drill Kits','PRODUCT',NULL,215,NULL,NULL,'2014-04-29 23:55:06','2013-01-01 00:00:01',NULL),(393,'Earphones & Headphones','PRODUCT',NULL,217,NULL,NULL,'2014-04-29 23:55:06','2013-01-01 00:00:01',NULL),(394,'Emergency Light','PRODUCT',NULL,218,NULL,NULL,'2014-04-29 23:55:06','2013-01-01 00:00:01',NULL),(395,'Fans & Air Coolers','PRODUCT',NULL,219,NULL,NULL,'2014-04-29 23:55:06','2013-01-01 00:00:01',NULL),(396,'Food Processors','PRODUCT',NULL,220,NULL,NULL,'2014-04-29 23:55:06','2013-01-01 00:00:01',NULL),(397,'Gaming Accessories','PRODUCT',NULL,221,NULL,NULL,'2014-04-29 23:55:06','2013-01-01 00:00:01',NULL),(398,'Gaming Consoles','PRODUCT',NULL,222,NULL,NULL,'2014-04-29 23:55:06','2013-01-01 00:00:01',NULL),(399,'Garden Tools','PRODUCT',NULL,223,NULL,NULL,'2014-04-29 23:55:06','2013-01-01 00:00:01',NULL),(400,'Gas Stoves & Hobs','PRODUCT',NULL,224,NULL,NULL,'2014-04-29 23:55:06','2013-01-01 00:00:01',NULL),(401,'Geysers & Heaters','PRODUCT',NULL,225,NULL,NULL,'2014-04-29 23:55:06','2013-01-01 00:00:01',NULL),(402,'Grills & Tandoors','PRODUCT',NULL,226,NULL,NULL,'2014-04-29 23:55:06','2013-01-01 00:00:01',NULL),(403,'Home Security','PRODUCT',NULL,227,NULL,NULL,'2014-04-29 23:55:06','2013-01-01 00:00:01',NULL),(404,'Home Theaters & Projectors','PRODUCT',NULL,228,NULL,NULL,'2014-04-29 23:55:06','2013-01-01 00:00:01',NULL),(405,'Home Theaters & Projectors','PRODUCT',NULL,229,NULL,NULL,'2014-04-29 23:55:06','2013-01-01 00:00:01',NULL),(406,'Induction Cookershot','PRODUCT',NULL,230,NULL,NULL,'2014-04-29 23:55:06','2013-01-01 00:00:01',NULL),(407,'Inverters & Stabilizer','PRODUCT',NULL,231,NULL,NULL,'2014-04-29 23:55:06','2013-01-01 00:00:01',NULL),(408,'Irons','PRODUCT',NULL,232,NULL,NULL,'2014-04-29 23:55:06','2013-01-01 00:00:01',NULL),(409,'Juicer Mixer Grinders','PRODUCT',NULL,233,NULL,NULL,'2014-04-29 23:55:06','2013-01-01 00:00:01',NULL),(410,'Keyboards & Mouse','PRODUCT',NULL,234,NULL,NULL,'2014-04-29 23:55:06','2013-01-01 00:00:01',NULL),(413,'Mobile - Screen Guards','PRODUCT',NULL,237,NULL,NULL,'2014-04-29 23:55:06','2013-01-01 00:00:01',NULL),(414,'Mobile-Cases And Covers','PRODUCT',NULL,238,NULL,NULL,'2014-04-29 23:55:06','2013-01-01 00:00:01',NULL),(415,'Mobile-Earphones & Headphones','PRODUCT',NULL,239,NULL,NULL,'2014-04-29 23:55:06','2013-01-01 00:00:01',NULL),(416,'Mobile-Memory Cards','PRODUCT',NULL,240,NULL,NULL,'2014-04-29 23:55:06','2013-01-01 00:00:01',NULL),(417,'Mobile-Mobile Batteries','PRODUCT',NULL,241,NULL,NULL,'2014-04-29 23:55:06','2013-01-01 00:00:01',NULL),(418,'Mobile-Mobile Chargers','PRODUCT',NULL,242,NULL,NULL,'2014-04-29 23:55:06','2013-01-01 00:00:01',NULL),(419,'Mobile-Mobile Data Cables','PRODUCT',NULL,243,NULL,NULL,'2014-04-29 23:55:06','2013-01-01 00:00:01',NULL),(420,'Most Affordable TV\'s','PRODUCT',NULL,244,NULL,NULL,'2014-04-29 23:55:06','2013-01-01 00:00:01',NULL),(421,'Mouse','PRODUCT',NULL,245,NULL,NULL,'2014-04-29 23:55:06','2013-01-01 00:00:01',NULL),(422,'Mp3, Ipods & Media Players','PRODUCT',NULL,246,NULL,NULL,'2014-04-29 23:55:06','2013-01-01 00:00:01',NULL),(423,'Networking Devices/Wi-Fi & Network','PRODUCT',NULL,247,NULL,NULL,'2014-04-29 23:55:06','2013-01-01 00:00:01',NULL),(424,'Pc Components','PRODUCT',NULL,248,NULL,NULL,'2014-04-29 23:55:06','2013-01-01 00:00:01',NULL),(425,'Personal Care Appliances','PRODUCT',NULL,249,NULL,NULL,'2014-04-29 23:55:06','2013-01-01 00:00:01',NULL),(426,'Point & Shoot Cameras','PRODUCT',NULL,250,NULL,NULL,'2014-04-29 23:55:06','2013-01-01 00:00:01',NULL),(427,'Printer & Inks','PRODUCT',NULL,251,NULL,NULL,'2014-04-29 23:55:06','2013-01-01 00:00:01',NULL),(428,'Refrigerators','PRODUCT',NULL,252,NULL,NULL,'2014-04-29 23:55:06','2013-01-01 00:00:01',NULL),(429,'Roti Maker & Snack Maker','PRODUCT',NULL,253,NULL,NULL,'2014-04-29 23:55:06','2013-01-01 00:00:01',NULL),(430,'Sewing Machineshot','PRODUCT',NULL,254,NULL,NULL,'2014-04-29 23:55:06','2013-01-01 00:00:01',NULL),(431,'Smart Led TV\'s','PRODUCT',NULL,255,NULL,NULL,'2014-04-29 23:55:06','2013-01-01 00:00:01',NULL),(434,'Solar Appliances','PRODUCT',NULL,258,NULL,NULL,'2014-04-29 23:55:06','2013-01-01 00:00:01',NULL),(435,'Speaker Systems','PRODUCT',NULL,259,NULL,NULL,'2014-04-29 23:55:06','2013-01-01 00:00:01',NULL),(436,'Tablet Data Cables','PRODUCT',NULL,260,NULL,NULL,'2014-04-29 23:55:06','2013-01-01 00:00:01',NULL),(437,'Tablets Cases And Covers','PRODUCT',NULL,261,NULL,NULL,'2014-04-29 23:55:06','2013-01-01 00:00:01',NULL),(438,'Toasters & Sandwich Maker','PRODUCT',NULL,262,NULL,NULL,'2014-04-29 23:55:06','2013-01-01 00:00:01',NULL),(439,'Vacuum Cleaners','PRODUCT',NULL,263,NULL,NULL,'2014-04-29 23:55:06','2013-01-01 00:00:01',NULL),(440,'Washing Machines-Front Loading','PRODUCT',NULL,264,NULL,NULL,'2014-04-29 23:55:06','2013-01-01 00:00:01',NULL),(441,'Washing Machines-Top Loading','PRODUCT',NULL,265,NULL,NULL,'2014-04-29 23:55:06','2013-01-01 00:00:01',NULL),(442,'Water Purifiers','PRODUCT',NULL,266,NULL,NULL,'2014-04-29 23:55:06','2013-01-01 00:00:01',NULL),(443,'Fan','PRODUCT',NULL,267,NULL,NULL,'2014-04-29 23:55:06','2013-01-01 00:00:01',NULL),(444,'Geysers','PRODUCT',NULL,268,NULL,NULL,'2014-04-29 23:55:06','2013-01-01 00:00:01',NULL),(445,'Home Gadgets','PRODUCT',NULL,269,NULL,NULL,'2014-04-29 23:55:06','2013-01-01 00:00:01',NULL),(446,'Iron','PRODUCT',NULL,270,NULL,NULL,'2014-04-29 23:55:06','2013-01-01 00:00:01',NULL),(447,'Room Heater','PRODUCT',NULL,271,NULL,NULL,'2014-04-29 23:55:06','2013-01-01 00:00:01',NULL),(448,'Safes','PRODUCT',NULL,272,NULL,NULL,'2014-04-29 23:55:06','2013-01-01 00:00:01',NULL),(449,'Vaccuum Cleaners','PRODUCT',NULL,273,NULL,NULL,'2014-04-29 23:55:06','2013-01-01 00:00:01',NULL),(467,'Kids Clothing, Toys & Baby Care','CATEGORY',NULL,7,NULL,NULL,'2014-04-30 00:10:00','2013-01-01 00:00:01',NULL),(468,'Jewellery & Watches','CATEGORY',NULL,8,NULL,NULL,'2014-04-30 00:10:15','2013-01-01 00:00:01',NULL),(469,'Bags & Accessories','CATEGORY',NULL,9,NULL,NULL,'2014-04-30 00:10:29','2013-01-01 00:00:01',NULL),(492,'VU','BRAND',NULL,6,NULL,NULL,'2014-05-01 01:44:05','2013-01-01 00:00:01',NULL),(494,'Sony','BRAND',NULL,8,NULL,NULL,'2014-05-01 01:44:28','2013-01-01 00:00:01',NULL),(495,'LG','BRAND',NULL,9,NULL,NULL,'2014-05-01 01:44:39','2013-01-01 00:00:01',NULL),(496,'IFB','BRAND',NULL,10,NULL,NULL,'2014-05-01 01:44:47','2013-01-01 00:00:01',NULL),(497,'Spencer Clothing','BRAND',NULL,11,NULL,NULL,'2014-05-01 01:45:20','2013-01-01 00:00:01',NULL),(498,'Apple','BRAND',NULL,12,NULL,NULL,'2014-05-01 01:45:31','2013-01-01 00:00:01',NULL),(499,'Panasonic','BRAND',NULL,13,NULL,NULL,'2014-05-01 01:46:53','2013-01-01 00:00:01',NULL),(500,'Smartphones - Android','PRODUCT',NULL,256,NULL,NULL,'2014-05-01 01:53:41','2013-01-01 00:00:01',NULL),(501,'Smartphones - Windows','PRODUCT',NULL,257,NULL,NULL,'2014-05-01 01:53:47','2013-01-01 00:00:01',NULL),(502,'Dual Sim Moblies','PRODUCT',NULL,216,NULL,NULL,'2014-05-01 01:54:07','2013-01-01 00:00:01',NULL),(503,'Basic Mobiles','PRODUCT',NULL,198,NULL,NULL,'2014-05-01 01:54:19','2013-01-01 00:00:01',NULL),(508,'Rang Maanch','BRAND',NULL,15,NULL,NULL,'2014-05-01 02:07:32','2013-01-01 00:00:01',NULL),(509,NULL,'BRAND',NULL,14,NULL,NULL,'2014-05-01 02:08:36','2013-01-01 00:00:01',NULL),(510,'Digital SLR\'s','PRODUCT',NULL,214,NULL,NULL,'2014-05-01 03:25:39','2013-01-01 00:00:01',NULL),(517,'Pantaloons','STORE',NULL,13,NULL,NULL,'2014-05-02 23:12:52','2013-01-01 00:00:01',NULL),(518,'Leggings & Jeggings - Womens','PRODUCT',NULL,66,NULL,NULL,'2014-05-03 05:06:00','2013-01-01 00:00:01',NULL),(569,'Nariman Point','LOCATION',NULL,23,NULL,NULL,'2014-05-06 21:54:04','2013-01-01 00:00:01',NULL),(570,'Colaba','LOCATION',NULL,24,NULL,NULL,'2014-05-06 21:54:04','2013-01-01 00:00:01',NULL),(571,'Borivali','LOCATION',NULL,25,NULL,NULL,'2014-05-06 21:54:04','2013-01-01 00:00:01',NULL),(572,'Andheri East','LOCATION',NULL,26,NULL,NULL,'2014-05-06 21:54:04','2013-01-01 00:00:01',NULL),(575,'Family Dollar','STORE',NULL,15,NULL,NULL,'2014-05-07 21:41:11','2013-01-01 00:00:01',NULL),(579,'T Shirts - Mens','PRODUCT',NULL,26,NULL,NULL,'2014-05-14 23:36:27','2013-01-01 00:00:01',NULL),(580,'Casual Trousers - Mens','PRODUCT',NULL,27,NULL,NULL,'2014-05-14 23:36:37','2013-01-01 00:00:01',NULL),(584,'ILVE','BRAND',NULL,18,NULL,NULL,'2014-05-21 23:53:35','2013-01-01 00:00:01',NULL),(585,'Omega','BRAND',NULL,19,NULL,NULL,'2014-05-22 01:34:36','2013-01-01 00:00:01',NULL),(586,'Westinghouse','BRAND',NULL,20,NULL,NULL,'2014-05-22 01:34:52','2013-01-01 00:00:01',NULL),(587,'Blanco','BRAND',NULL,21,NULL,NULL,'2014-05-22 01:35:12','2013-01-01 00:00:01',NULL),(588,'Haier','BRAND',NULL,22,NULL,NULL,'2014-05-22 01:38:47','2013-01-01 00:00:01',NULL),(589,'Simpson','BRAND',NULL,23,NULL,NULL,'2014-05-22 01:38:59','2013-01-01 00:00:01',NULL),(590,'Beko','BRAND',NULL,24,NULL,NULL,'2014-05-22 01:39:06','2013-01-01 00:00:01',NULL),(591,'Bosch','BRAND',NULL,25,NULL,NULL,'2014-05-22 01:39:16','2013-01-01 00:00:01',NULL),(592,'Asko','BRAND',NULL,26,NULL,NULL,'2014-05-22 01:39:22','2013-01-01 00:00:01',NULL),(593,'Whirlpool','BRAND',NULL,27,NULL,NULL,'2014-05-22 01:39:30','2013-01-01 00:00:01',NULL),(594,'Electrolux','BRAND',NULL,28,NULL,NULL,'2014-05-22 01:39:48','2013-01-01 00:00:01',NULL),(595,'Epson','BRAND',NULL,29,NULL,NULL,'2014-05-22 01:45:19','2013-01-01 00:00:01',NULL),(597,'Brother','BRAND',NULL,30,NULL,NULL,'2014-05-22 01:45:40','2013-01-01 00:00:01',NULL),(599,'Canon','BRAND',NULL,32,NULL,NULL,'2014-05-22 01:46:30','2013-01-01 00:00:01',NULL),(601,'Spencer\'s','STORE',NULL,12,NULL,NULL,'2014-05-22 04:35:01','2013-01-01 00:00:01',NULL),(616,'Croma','STORE',NULL,14,NULL,NULL,'2014-05-26 22:57:34','2013-01-01 00:00:01',NULL),(620,'Ritu Wears','STORE',NULL,16,NULL,NULL,'2014-05-26 23:03:37','2013-01-01 00:00:01',NULL),(625,'Samsung','BRAND',NULL,7,NULL,NULL,'2014-05-27 22:57:20','2013-01-01 00:00:01',NULL),(626,'HP','BRAND',NULL,31,NULL,NULL,'2014-05-27 23:05:07','2013-01-01 00:00:01',NULL),(629,'Nikon','BRAND',NULL,17,NULL,NULL,'2014-05-27 23:09:31','2013-01-01 00:00:01',NULL),(630,'Canon','BRAND',NULL,16,NULL,NULL,'2014-05-28 02:09:06','2013-01-01 00:00:01',NULL),(631,'LG','BRAND',NULL,35,NULL,NULL,'2014-05-28 02:16:59','2013-01-01 00:00:01',NULL),(632,'Spencer\'s','BRAND',NULL,33,NULL,NULL,'2014-06-04 05:17:19','2013-01-01 00:00:01',NULL),(634,'Whirlpool','BRAND',NULL,36,NULL,NULL,'2014-06-04 10:32:10','2013-01-01 00:00:01',NULL),(635,'Led TV\'s','PRODUCT',NULL,235,NULL,NULL,'2014-06-11 23:02:22','2013-01-01 00:00:01',NULL),(636,'Microwaves, Ovens & Otgs','PRODUCT',NULL,236,NULL,NULL,'2014-06-11 23:02:31','2013-01-01 00:00:01',NULL),(637,'Delhi','CITY',NULL,1,NULL,NULL,'2014-06-23 00:57:01','2013-01-01 00:00:01',NULL),(638,'Men & Women Clothing','CATEGORY',NULL,2,NULL,NULL,'2014-06-23 00:57:30','2013-01-01 00:00:01',NULL),(639,'Electronics','CATEGORY',NULL,1,NULL,NULL,'2014-06-23 00:57:37','2013-01-01 00:00:01',NULL),(640,'Sector 3, Rohini ','LOCATION',NULL,1,NULL,NULL,'2014-06-23 00:58:45','2013-01-01 00:00:01',NULL),(641,'Kundli','LOCATION',NULL,20,NULL,NULL,'2014-06-23 00:58:45','2013-01-01 00:00:01',NULL),(642,'Model Town','LOCATION',NULL,21,NULL,NULL,'2014-06-23 00:58:45','2013-01-01 00:00:01',NULL),(643,'Lakshmi Nagar','LOCATION',NULL,22,NULL,NULL,'2014-06-23 00:58:45','2013-01-01 00:00:01',NULL),(644,'Suraj Business Pvt. Lmt.','STORE',NULL,11,NULL,NULL,'2014-06-23 01:01:18','2013-01-01 00:00:01',NULL);

/*Table structure for table `store` */

DROP TABLE IF EXISTS `store`;

CREATE TABLE `store` (
  `id` int(11) NOT NULL AUTO_INCREMENT,
  `name` varchar(150) DEFAULT NULL,
  `city` int(11) DEFAULT NULL,
  `location` int(11) DEFAULT NULL,
  `address_line1` varchar(200) DEFAULT NULL,
  `address_line2` varchar(200) DEFAULT NULL,
  `phonenumber1` varchar(15) DEFAULT NULL,
  `phonenumber2` varchar(15) DEFAULT NULL,
  `phonenumber3` varchar(15) DEFAULT NULL,
  `storeHours` varchar(200) DEFAULT NULL,
  `retailer_id` int(11) DEFAULT NULL,
  `createdBy` varchar(50) DEFAULT NULL,
  `updatedBy` varchar(50) DEFAULT NULL,
  `createdDate` timestamp NULL DEFAULT CURRENT_TIMESTAMP,
  `updatedDate` timestamp NULL DEFAULT '2013-01-01 00:00:01',
  `version` int(11) DEFAULT NULL,
  `latitude` decimal(10,6) DEFAULT NULL,
  `longitude` decimal(10,6) DEFAULT NULL,
  `distance` float(10,6) DEFAULT NULL,
  PRIMARY KEY (`id`),
  KEY `fk_store_retailer` (`retailer_id`),
  CONSTRAINT `fk_store_retailer` FOREIGN KEY (`retailer_id`) REFERENCES `retailer` (`id`)
) ENGINE=InnoDB AUTO_INCREMENT=27 DEFAULT CHARSET=latin1;

/*Data for the table `store` */

insert  into `store`(`id`,`name`,`city`,`location`,`address_line1`,`address_line2`,`phonenumber1`,`phonenumber2`,`phonenumber3`,`storeHours`,`retailer_id`,`createdBy`,`updatedBy`,`createdDate`,`updatedDate`,`version`,`latitude`,`longitude`,`distance`) values (9,'Croma 1',1,20,'103, Delhi sonepat border','Delhi','+91-9953401008','011-12345678','','\"Mon to Sat : 9:00 AM to 7:00 PM Closed on Sun\"',14,'anonymousUser','anonymousUser','2014-05-26 22:57:34','2014-05-26 22:57:34',0,28.868595,77.124687,NULL),(10,'Croma 2',1,1,'123, Ayodhya Chowk','Rohini, Sector 3, Delhi','+91-8130692929','011-87654321','','\"Mon to Sat : 8:00 AM to 6:00 PM Closed on Sun\"',14,'anonymousUser','anonymousUser','2014-05-26 22:57:34','2014-05-26 22:57:34',0,28.700165,77.111588,NULL),(11,'Suraj Groceries 1',5,24,'123, Colaba','Mumbai, Maharashtra','+91-987654321','022-12332112','','\"Sun to Fri : 9:00 AM to 7:00 PM Closed on Sat\"',11,'anonymousUser','anonymousUser','2014-06-23 01:01:18','2014-06-23 01:01:18',0,18.905298,72.818092,NULL),(12,'Suraj Groceries 2',5,23,'456, Nariman Point','Mumbai, Maharashtra','+91-9999999999','011-88888888','','\"Sun to Fri : 10:00 AM to 9:00 PM Closed on Sat\"',11,'anonymousUser','anonymousUser','2014-06-23 01:01:18','2014-06-23 01:01:18',0,18.924789,72.823280,NULL),(13,'Suraj Groceries 3',5,26,'786, Andheri east','Mumbai, Maharashtra','+91-9898989898','011-87878787','','\"Sun to Fri : 10:00 AM to 9:00 PM Closed on Sat\"',11,'anonymousUser','anonymousUser','2014-06-23 01:01:18','2014-06-23 01:01:18',0,19.114117,72.868492,NULL),(16,'Suraj Electronics 1',1,1,'123, Sector 3','Rohini, Delhi','+91-9953401000','011-12332112','','\"Sun to Fri : 9:00 AM to 7:00 PM Closed on Sat\"',11,'anonymousUser','anonymousUser','2014-06-23 01:01:18','2014-06-23 01:01:18',0,28.700165,77.111588,NULL),(17,'Suraj Electronics 2',1,22,'456, Laxmi Nagar','Laxmi Nagar, Delhi','+91-9953401008','011-888998777','','\"Sun to Fri : 10:00 AM to 9:00 PM Closed on Sat\"',11,'anonymousUser','anonymousUser','2014-06-23 01:01:18','2014-06-23 01:01:18',0,28.700960,77.056236,NULL),(19,'Pantaloons 1',1,21,'Plot -103','Model town 1','+91-9543217865','011-220064','','\"Sun to Fri : 10:00 AM to 9:00 PM Closed on Sat\"',13,'anonymousUser','anonymousUser','2014-05-02 23:12:53','2014-05-02 23:12:53',0,28.717442,77.190254,NULL),(20,'Family Dollar 1',1,21,'Plot -104','Model town 2','+91-6666666666','011-576432','','\"Mon to Sat : 10:00 AM to 9:00 PM Closed on Sun\"',15,'anonymousUser','anonymousUser','2014-05-07 21:41:11','2014-05-07 21:41:11',0,28.717442,77.190254,NULL),(21,'Family Dollar 2',1,22,'Shop No. 3,Near Dominos','Laxmi nagar,Delhi','+91-3333333333','011-896745','','\"Mon to Sat : 10:00 AM to 9:00 PM Closed on Sun\"',15,'anonymousUser','anonymousUser','2014-05-07 21:41:11','2014-05-07 21:41:11',0,28.700960,77.056236,NULL),(22,'Family Dollar 3',1,1,'Shop No. 5,Near Hanuman Temple','Rohini,New Delhi','+91-2233445566','011-223344','','\"Mon to Sat : 10:00 AM to 9:00 PM Closed on Sun\"',15,'anonymousUser','anonymousUser','2014-05-07 21:41:11','2014-05-07 21:41:11',0,28.700165,77.111588,NULL),(23,'Spencer\'s -1',5,24,'Shop No.22, Galaxy Mall','Colaba , Mumbai','+91-9898989898','022-765425','','\"Sun to Fri : 10:00 AM to 9:00 PM Closed on Sat\"',12,'anonymousUser','anonymousUser','2014-05-22 04:35:01','2014-05-22 04:35:01',0,18.905298,72.818092,NULL),(24,'Spencer\'s-2',1,1,'Shop No. 10,Near Dominos','Rohini, Delhi','+91-8768768763','011-146146','','\"Sun to Fri : 10:00 AM to 9:00 PM Closed on Sat\"',12,'anonymousUser','anonymousUser','2014-05-22 04:35:01','2014-05-22 04:35:01',0,28.700165,77.111588,NULL),(25,'Ritu Wears',1,1,'Vikas Surya Mall, Near M2K','Plot No. 18, Sector-3, Rohini','+91 9650800966','','','\"Sun to Fri : 9:00 AM to 7:00 PM Closed on Sat\"',16,'anonymousUser','anonymousUser','2014-05-26 23:03:37','2014-05-26 23:03:37',0,28.699703,77.116979,NULL),(26,'Suraj Groceries 4',1,21,'D-2/1, Model Town 3','Delhi - 09','011-888998777','+91-9900000000','','\"Sun to Fri : 10:00 AM to 9:00 PM Closed on Sat\"',11,'anonymousUser','anonymousUser','2014-06-23 01:01:18','2014-06-23 01:01:18',0,28.717442,77.190254,NULL);

/*Table structure for table `user` */

DROP TABLE IF EXISTS `user`;

CREATE TABLE `user` (
  `id` int(11) NOT NULL AUTO_INCREMENT,
  `email` varchar(100) NOT NULL,
  `password` varchar(100) DEFAULT NULL,
  `role` int(11) DEFAULT NULL,
  `createdBy` varchar(50) DEFAULT NULL,
  `updatedBy` varchar(50) DEFAULT NULL,
  `createdDate` timestamp NULL DEFAULT CURRENT_TIMESTAMP,
  `updatedDate` timestamp NULL DEFAULT '2013-01-01 00:00:01',
  `version` int(11) DEFAULT NULL,
  PRIMARY KEY (`id`)
) ENGINE=InnoDB DEFAULT CHARSET=latin1;

/*Data for the table `user` */

/* Trigger structure for table `master_category` */

DELIMITER $$

/*!50003 DROP TRIGGER*//*!50032 IF EXISTS */ /*!50003 `insert_category_in_search_table` */$$

/*!50003 CREATE */ /*!50017 DEFINER = 'root'@'localhost' */ /*!50003 TRIGGER `insert_category_in_search_table` AFTER INSERT ON `master_category` FOR EACH ROW insert into search(NAME,TYPE,parent_id) values (NEW.name,"CATEGORY",NEW.id) */$$


DELIMITER ;

/* Trigger structure for table `master_category` */

DELIMITER $$

/*!50003 DROP TRIGGER*//*!50032 IF EXISTS */ /*!50003 `update_category_in_search_table` */$$

/*!50003 CREATE */ /*!50017 DEFINER = 'root'@'localhost' */ /*!50003 TRIGGER `update_category_in_search_table` AFTER UPDATE ON `master_category` FOR EACH ROW BEGIN
	DELETE FROM search WHERE parent_id = OLD.id AND TYPE ="CATEGORY" ;
	INSERT INTO search(NAME,TYPE,parent_id) VALUES (NEW.name,"CATEGORY",NEW.id);
	END */$$


DELIMITER ;

/* Trigger structure for table `master_city` */

DELIMITER $$

/*!50003 DROP TRIGGER*//*!50032 IF EXISTS */ /*!50003 `insert_city_in_search_table` */$$

/*!50003 CREATE */ /*!50017 DEFINER = 'root'@'localhost' */ /*!50003 TRIGGER `insert_city_in_search_table` AFTER INSERT ON `master_city` FOR EACH ROW insert into search(NAME,TYPE,parent_id) values (NEW.name,"CITY",NEW.id) */$$


DELIMITER ;

/* Trigger structure for table `master_city` */

DELIMITER $$

/*!50003 DROP TRIGGER*//*!50032 IF EXISTS */ /*!50003 `update_city_in_search_table` */$$

/*!50003 CREATE */ /*!50017 DEFINER = 'root'@'localhost' */ /*!50003 TRIGGER `update_city_in_search_table` AFTER UPDATE ON `master_city` FOR EACH ROW BEGIN
		DELETE FROM search WHERE parent_id = OLD.id AND TYPE ="CITY";
		INSERT INTO search(NAME,TYPE,parent_id) VALUES (NEW.name,"CITY",NEW.id);
	END */$$


DELIMITER ;

/* Trigger structure for table `master_location` */

DELIMITER $$

/*!50003 DROP TRIGGER*//*!50032 IF EXISTS */ /*!50003 `insert_location_in_search_table` */$$

/*!50003 CREATE */ /*!50017 DEFINER = 'root'@'localhost' */ /*!50003 TRIGGER `insert_location_in_search_table` AFTER INSERT ON `master_location` FOR EACH ROW insert into search(NAME,TYPE,parent_id) values (NEW.name,"LOCATION",NEW.id) */$$


DELIMITER ;

/* Trigger structure for table `master_location` */

DELIMITER $$

/*!50003 DROP TRIGGER*//*!50032 IF EXISTS */ /*!50003 `update_location_in_search_table` */$$

/*!50003 CREATE */ /*!50017 DEFINER = 'root'@'localhost' */ /*!50003 TRIGGER `update_location_in_search_table` AFTER UPDATE ON `master_location` FOR EACH ROW BEGIN
		DELETE FROM search WHERE parent_id = OLD.id AND TYPE = "LOCATION";
		INSERT INTO search(NAME,TYPE,parent_id) VALUES (NEW.name,"LOCATION",NEW.id);
	END */$$


DELIMITER ;

/* Trigger structure for table `master_location_variant` */

DELIMITER $$

/*!50003 DROP TRIGGER*//*!50032 IF EXISTS */ /*!50003 `insert_location_variant_in_search_table` */$$

/*!50003 CREATE */ /*!50017 DEFINER = 'root'@'localhost' */ /*!50003 TRIGGER `insert_location_variant_in_search_table` AFTER INSERT ON `master_location_variant` FOR EACH ROW INSERT INTO search(NAME,TYPE,parent_id) VALUES (NEW.name,"LOCATION_VARIANT",NEW.id) */$$


DELIMITER ;

/* Trigger structure for table `master_location_variant` */

DELIMITER $$

/*!50003 DROP TRIGGER*//*!50032 IF EXISTS */ /*!50003 `update_location_variant_in_search_table` */$$

/*!50003 CREATE */ /*!50017 DEFINER = 'root'@'localhost' */ /*!50003 TRIGGER `update_location_variant_in_search_table` AFTER UPDATE ON `master_location_variant` FOR EACH ROW BEGIN
		DELETE FROM search WHERE parent_id = OLD.id AND TYPE = "LOCATION_VARIANT";
		INSERT INTO search(NAME,TYPE,parent_id) VALUES (NEW.name,"LOCATION_VARIANT",NEW.id);
	END */$$


DELIMITER ;

/* Trigger structure for table `master_product` */

DELIMITER $$

/*!50003 DROP TRIGGER*//*!50032 IF EXISTS */ /*!50003 `insert_product_in_search_table` */$$

/*!50003 CREATE */ /*!50017 DEFINER = 'root'@'localhost' */ /*!50003 TRIGGER `insert_product_in_search_table` AFTER INSERT ON `master_product` FOR EACH ROW insert into search(NAME,TYPE,parent_id) values (NEW.name,"PRODUCT",NEW.id) */$$


DELIMITER ;

/* Trigger structure for table `master_product` */

DELIMITER $$

/*!50003 DROP TRIGGER*//*!50032 IF EXISTS */ /*!50003 `update_product_in_search_table` */$$

/*!50003 CREATE */ /*!50017 DEFINER = 'root'@'localhost' */ /*!50003 TRIGGER `update_product_in_search_table` AFTER UPDATE ON `master_product` FOR EACH ROW BEGIN
		DELETE FROM search WHERE parent_id = OLD.id AND TYPE="PRODUCT";
		INSERT INTO search(NAME,TYPE,parent_id) VALUES (NEW.name,"PRODUCT",NEW.id);
	END */$$


DELIMITER ;

/* Trigger structure for table `master_subcategory` */

DELIMITER $$

/*!50003 DROP TRIGGER*//*!50032 IF EXISTS */ /*!50003 `insert_sub_category_in_search_table` */$$

/*!50003 CREATE */ /*!50017 DEFINER = 'root'@'localhost' */ /*!50003 TRIGGER `insert_sub_category_in_search_table` AFTER INSERT ON `master_subcategory` FOR EACH ROW insert into search(NAME,TYPE,parent_id) values (NEW.name,"SUBCATEGORY",NEW.id) */$$


DELIMITER ;

/* Trigger structure for table `master_subcategory` */

DELIMITER $$

/*!50003 DROP TRIGGER*//*!50032 IF EXISTS */ /*!50003 `update_sub_category_in_search_table` */$$

/*!50003 CREATE */ /*!50017 DEFINER = 'root'@'localhost' */ /*!50003 TRIGGER `update_sub_category_in_search_table` AFTER UPDATE ON `master_subcategory` FOR EACH ROW BEGIN
		DELETE FROM search WHERE parent_id = OLD.id AND TYPE = "SUBCATEGORY";
		INSERT INTO search(NAME,TYPE,parent_id) VALUES (NEW.name,"SUBCATEGORY",NEW.id);
	END */$$


DELIMITER ;

/* Trigger structure for table `retailer` */

DELIMITER $$

/*!50003 DROP TRIGGER*//*!50032 IF EXISTS */ /*!50003 `insert_store_in_search_table` */$$

/*!50003 CREATE */ /*!50017 DEFINER = 'root'@'localhost' */ /*!50003 TRIGGER `insert_store_in_search_table` AFTER INSERT ON `retailer` FOR EACH ROW INSERT INTO search(NAME,TYPE,parent_id) VALUES (NEW.name,"STORE",NEW.id) */$$


DELIMITER ;

/* Trigger structure for table `retailer` */

DELIMITER $$

/*!50003 DROP TRIGGER*//*!50032 IF EXISTS */ /*!50003 `update_store_in_search_table` */$$

/*!50003 CREATE */ /*!50017 DEFINER = 'root'@'localhost' */ /*!50003 TRIGGER `update_store_in_search_table` AFTER UPDATE ON `retailer` FOR EACH ROW BEGIN
		DELETE FROM search WHERE parent_id = OLD.id AND TYPE="STORE";
		INSERT INTO search(NAME,TYPE,parent_id) VALUES (NEW.name,"STORE",NEW.id);
	END */$$


DELIMITER ;

/*!40101 SET SQL_MODE=@OLD_SQL_MODE */;
/*!40014 SET FOREIGN_KEY_CHECKS=@OLD_FOREIGN_KEY_CHECKS */;
/*!40014 SET UNIQUE_CHECKS=@OLD_UNIQUE_CHECKS */;
/*!40111 SET SQL_NOTES=@OLD_SQL_NOTES */;
